problem,function,instance,dimension,seed,mode,popsize,baseline_best,pass_proposal_f,first_f,best_h1,best_h10,best_h50,best_h400,mean_shift_generation,sigma_ratio_generation,trace_ratio_generation,condition_ratio_generation,sigma_ratio_final,trace_ratio_final
bbob_f001_i79_d20,1,79,20,0,pass,12,-995.5452843770004,-990.2294169415632,-990.2294169415632,-995.5452843770004,-996.7736153996634,-997.6088100952329,-999.7860359039556,0.7086703871966349,0.9386369135867526,0.9945950441619656,0.9912798511879334,0.2464433290584444,0.8654107719908001
bbob_f001_i79_d20,1,79,20,0,direct,12,-995.5452843770004,,-994.7471184653489,-995.5452843770004,-996.7736153996634,-996.7736153996634,-999.8260543322225,0.7945625959389592,0.9397040402972129,0.9938185220255837,0.9953245747844123,0.22033219635413534,0.8630792028278826
bbob_f001_i79_d20,1,79,20,0,inject,12,-995.5452843770004,,-994.7471184653489,-995.5452843770004,-996.7736153996634,-997.0718648170584,-999.824078521815,0.7945625959389592,0.9397040402972129,0.9937088895934852,0.9926026524289663,0.2042269634304448,0.8580296304548598
bbob_f001_i79_d20,1,79,20,1,pass,12,-994.4187157476,-993.806360297062,-993.806360297062,-994.4187157476,-995.8649545827923,-996.9276554100371,-999.9327239543297,0.9989249247837928,0.9390275792238667,0.9934074385230008,1.0028530353280432,0.14959911434217363,0.8363044356226721
bbob_f001_i79_d20,1,79,20,1,direct,12,-994.4187157476,,-996.4064681569375,-996.4064681569375,-996.4064681569375,-996.8111003306666,-999.8279475852408,0.7264633261449853,0.9283431651592472,0.9914925722705983,1.0042062125710642,0.2185207771027816,0.8538582614240466
bbob_f001_i79_d20,1,79,20,1,inject,12,-994.4187157476,,-996.4064681569375,-996.4064681569375,-996.4064681569375,-997.8405305719622,-999.7370909073487,0.7264633261449853,0.9283431651592472,0.9913638327495082,0.997453811662646,0.21244911411135387,0.8654350188468627
bbob_f001_i79_d20,1,79,20,2,pass,12,-996.6768650047914,-994.4467419168272,-994.4467419168272,-996.6768650047914,-996.6768650047914,-997.2738026301629,-999.923949817628,0.7299340023208757,0.9517387389834306,0.9949732871505138,1.0167770887886265,0.18269718830083637,0.8586267286309979
bbob_f001_i79_d20,1,79,20,2,direct,12,-996.6768650047914,,-997.2890550797091,-997.2890550797091,-997.2890550797091,-998.7469613520163,-999.9266623328631,0.678128471517974,0.9424583704765032,0.9940467230681893,1.0210675775386124,0.14540204446793453,0.8479689094140718
bbob_f001_i79_d20,1,79,20,2,inject,12,-996.6768650047914,,-997.2890550797091,-997.2890550797091,-997.2890550797091,-998.0577716453604,-999.9305970111095,0.6540566054274859,0.9394552524168979,0.9935822111987814,1.0163144146332443,0.152609651814359,0.8499881647971292
bbob_f001_i79_d20,1,79,20,3,pass,12,-997.2307338760949,-995.2020101889391,-995.2020101889391,-997.2307338760949,-997.2307338760949,-997.7533029478383,-999.8950702021109,0.7559951925136187,0.9502431948803359,0.995980474557334,1.0104554872610374,0.21467965029843464,0.86004154940962
bbob_f001_i79_d20,1,79,20,3,direct,12,-997.2307338760949,,-996.6711107831093,-997.2307338760949,-997.2307338760949,-998.060164031034,-999.9061422067301,0.7851790018370786,0.9602405012935575,0.9949061621159246,1.010192688738246,0.17543761583677991,0.856700974606838
bbob_f001_i79_d20,1,79,20,3,inject,12,-997.2307338760949,,-996.6711107831093,-997.2307338760949,-997.2307338760949,-997.9992168198663,-999.8895813807426,0.7851790018370786,0.9602405012935575,0.9948049391665287,1.0075263546508366,0.19244976348565226,0.8549427082467546
bbob_f001_i80_d20,1,80,20,0,pass,12,-40.085024664118286,-36.25929330151794,-36.25929330151794,-40.085024664118286,-40.11913393713241,-40.71812636384859,-41.502588306512436,0.6256228134049284,0.9151929947929138,0.9927662406632598,0.9942175415749365,0.21628802912232056,0.8587682589441209
bbob_f001_i80_d20,1,80,20,0,direct,12,-40.085024664118286,,-39.1206259431842,-40.085024664118286,-40.11913393713241,-40.29413581783778,-41.530263431166425,0.6102654369758033,0.9109940418227831,0.9922957751238802,0.99762456129199,0.1767187292997342,0.8603140032322198
bbob_f001_i80_d20,1,80,20,0,inject,12,-40.085024664118286,,-39.1206259431842,-40.085024664118286,-40.11913393713241,-40.11913393713241,-41.48961327069038,0.6151484569474501,0.9107430184942719,0.9922409223042366,0.9943581101365758,0.23562758193437044,0.8632624394613388
bbob_f001_i80_d20,1,80,20,1,pass,12,-39.85460643728187,-38.1909521273051,-38.1909521273051,-39.85460643728187,-39.85460643728187,-40.33409347972251,-41.49962945907831,0.7841491021189197,0.9330899576706725,0.993921701209936,0.996600531202587,0.19663309397184622,0.8579960221306548
bbob_f001_i80_d20,1,80,20,1,direct,12,-39.85460643728187,,-39.56055552190734,-39.85460643728187,-39.85460643728187,-39.85460643728187,-41.493365315521,0.5289358280926398,0.9235457776155809,0.9919382416796613,0.994318565977797,0.22777508733644763,0.8617079439363882
bbob_f001_i80_d20,1,80,20,1,inject,12,-39.85460643728187,,-39.56055552190734,-39.85460643728187,-39.85460643728187,-40.1460033164832,-41.47415897654979,0.540466744657274,0.9462968434700896,0.9923518111500339,0.999525972306064,0.20937721580494476,0.8528385315707371
bbob_f001_i80_d20,1,80,20,2,pass,12,-38.65607675548267,-38.10138927167421,-38.10138927167421,-38.65607675548267,-38.65607675548267,-39.21577025886518,-41.48339514517892,1.0193796869464524,0.918130846760968,0.9973724153737368,1.0387168659441828,0.21082779838361343,0.8653648129259579
bbob_f001_i80_d20,1,80,20,2,direct,12,-38.65607675548267,,-39.29598133108261,-39.29598133108261,-39.29598133108261,-39.32143214046997,-41.51179606971105,0.67842269930216,0.9146816613383288,0.993692181446062,1.0238447185151751,0.1732912346616006,0.8565552992000144
bbob_f001_i80_d20,1,80,20,2,inject,12,-38.65607675548267,,-39.29598133108261,-39.29598133108261,-39.29598133108261,-40.85899752495658,-41.51420878256252,1.119834893154895,0.9284094342379194,0.9952334974612972,1.0374605125290042,0.14574046512666244,0.8490571923574359
bbob_f001_i80_d20,1,80,20,3,pass,12,-36.38986374566556,-36.312805541395065,-36.312805541395065,-36.38986374566556,-36.90909394476972,-38.170636529540786,-41.44700631051545,0.846798014487963,0.9553276445571323,0.9951601179632944,0.997854615452089,0.25583494128610057,0.8629930483393674
bbob_f001_i80_d20,1,80,20,3,direct,12,-36.38986374566556,,-37.596124586038286,-37.596124586038286,-37.596124586038286,-38.72576913207013,-41.38235172406448,0.6797884455279637,0.9585911518818838,0.9933560764217566,0.9968142635509579,0.20611190991260833,0.8488664582618679
bbob_f001_i80_d20,1,80,20,3,inject,12,-36.38986374566556,,-37.596124586038286,-37.596124586038286,-37.596124586038286,-38.865477516427916,-41.4573854805909,0.824234438495259,0.9603818720913564,0.9934044656362575,0.9957043861956394,0.19924387905595647,0.8493170772098969
bbob_f002_i79_d20,2,79,20,0,pass,12,66707.29208931097,340453.9711329758,340453.9711329758,66707.29208931097,66707.29208931097,66707.29208931097,53178.00814294811,1.2634586503860612,0.9817407479259472,0.9995023182208068,1.0038934871205405,0.5348413947387973,0.9749908186763676
bbob_f002_i79_d20,2,79,20,0,direct,12,66707.29208931097,,209138.8871487096,66707.29208931097,66707.29208931097,66707.29208931097,61925.10829124701,1.3142115523305213,0.9891992701013892,0.9994385686230918,1.004513440476761,0.49711248754435045,0.9663598398578599
bbob_f002_i79_d20,2,79,20,0,inject,12,66707.29208931097,,209138.8871487096,66707.29208931097,66707.29208931097,66707.29208931097,18031.852336354,1.34107082171077,0.9936493952323762,0.999592498329838,1.0046609418809338,0.4202045554472136,0.952923538697876
bbob_f002_i79_d20,2,79,20,1,pass,12,303103.71784749377,493318.65036583424,493318.65036583424,303103.71784749377,253152.35866964434,227058.4781796562,27962.927290191794,1.7424471455596278,0.9460746302407802,0.9954788162521881,1.0484401523330968,0.29485795761242795,0.9360524348932237
bbob_f002_i79_d20,2,79,20,1,direct,12,303103.71784749377,,363520.0931177334,303103.71784749377,253152.35866964434,214950.07449140193,113202.76810282683,1.7452607602083379,0.9484723244211274,0.9951909067075096,1.0491567001216273,0.5284203978479034,0.9670571648928886
bbob_f002_i79_d20,2,79,20,1,inject,12,303103.71784749377,,363520.0931177334,303103.71784749377,253152.35866964434,227058.4781796562,56928.013455102504,1.7331862818304458,0.9488278981224048,0.9948771431267748,1.0448888929897568,0.3319621875245048,0.9455844611554102
bbob_f002_i79_d20,2,79,20,2,pass,12,85260.12127727263,458358.1046634417,458358.1046634417,85260.12127727263,85260.12127727263,70911.6353472783,31276.313141425784,1.1201413813254537,0.9756313060566045,0.9973684109529843,1.0152607441817996,0.46782955124223635,0.9761755737382208
bbob_f002_i79_d20,2,79,20,2,direct,12,85260.12127727263,,198758.87564263475,85260.12127727263,85260.12127727263,85260.12127727263,13459.938872538978,0.9619052447636744,0.9682248110880677,0.9960630942333553,1.0129894235851296,0.4198014181783179,0.9466977664832907
bbob_f002_i79_d20,2,79,20,2,inject,12,85260.12127727263,,198758.87564263475,85260.12127727263,85260.12127727263,85260.12127727263,28930.400923916688,0.9548115335525691,0.967803864607845,0.9958551108912022,1.0194696391505382,0.3597799082250366,0.9534749234761288
bbob_f002_i79_d20,2,79,20,3,pass,12,148807.02807390675,204300.05972396958,204300.05972396958,148807.02807390675,148807.02807390675,84822.18328000979,29011.227471278078,1.2160874601848854,0.9746382685034315,0.9990811097276413,1.019387522311291,0.4543772032645233,0.9655008022115105
bbob_f002_i79_d20,2,79,20,3,direct,12,148807.02807390675,,139836.60778766513,139836.60778766513,139836.60778766513,138288.57796291882,70368.45042294267,0.8948986546756544,0.9463941961704595,0.995745859997758,1.015594089045365,0.5340487657502562,0.9606669031954203
bbob_f002_i79_d20,2,79,20,3,inject,12,148807.02807390675,,139836.60778766513,139836.60778766513,139836.60778766513,101919.16907732646,66622.38454669276,1.1261372338107558,0.9739525664491864,0.9959425709737774,1.0138495183543121,0.3210892821362074,0.9465652650437777
bbob_f002_i80_d20,2,80,20,0,pass,12,221471.39089021354,503188.4287081247,503188.4287081247,221471.39089021354,221471.39089021354,221471.39089021354,108939.79145250969,1.8000623899835,0.9567856052845929,0.9976223459046416,1.014602559636754,0.49929789417391024,0.9466859208049262
bbob_f002_i80_d20,2,80,20,0,direct,12,221471.39089021354,,413753.8175098266,221471.39089021354,221471.39089021354,221471.39089021354,80736.11126450081,1.5627460875066228,0.9449273465920242,0.9949834255562795,1.0108178665394794,0.5116030436573255,0.9500162785925054
bbob_f002_i80_d20,2,80,20,0,inject,12,221471.39089021354,,413753.8175098266,221471.39089021354,221471.39089021354,221471.39089021354,86385.14753211728,1.7568629554605173,0.9616365798355524,0.9962612172932022,1.0138283632413065,0.37143158185665565,0.9358803925919263
bbob_f002_i80_d20,2,80,20,1,pass,12,306040.34508962504,768620.4812552094,768620.4812552094,306040.34508962504,217580.75269990275,217580.75269990275,50041.75894246547,1.7085072850016312,1.0226296693512742,0.9993768726885172,1.0651480200133816,0.5238534790530891,0.9688040030263292
bbob_f002_i80_d20,2,80,20,1,direct,12,306040.34508962504,,425484.8973012316,306040.34508962504,217580.75269990275,217580.75269990275,42192.424260784835,1.6729430742380005,1.0309527266050558,0.9990267233371174,1.0690577542849802,0.4679412449534112,0.9721247866973088
bbob_f002_i80_d20,2,80,20,1,inject,12,306040.34508962504,,425484.8973012316,306040.34508962504,217580.75269990275,217580.75269990275,89368.87176930583,1.7229917621776407,1.0336885182520086,0.998562459412141,1.0660369571919381,0.55557571633708,0.9827193561934352
bbob_f002_i80_d20,2,80,20,2,pass,12,107791.81808963881,346253.43525985687,346253.43525985687,107791.81808963881,107791.81808963881,99360.52249390318,48169.43645135234,1.0701876181929324,0.9481884167912171,0.9958994518803259,1.0138016727228556,0.5685617325683112,0.9647762559721845
bbob_f002_i80_d20,2,80,20,2,direct,12,107791.81808963881,,169368.8515928648,107791.81808963881,107791.81808963881,107791.81808963881,27851.026883541308,0.8148451849772004,0.9312218903333522,0.9941690682515422,1.0158860770684486,0.36650878041174295,0.9465559471015618
bbob_f002_i80_d20,2,80,20,2,inject,12,107791.81808963881,,169368.8515928648,107791.81808963881,107791.81808963881,105861.1673093756,28435.388373401736,0.8148451849772004,0.9312218903333522,0.9937179234154386,1.0183379482875403,0.31951344535707105,0.9471209014942654
bbob_f002_i80_d20,2,80,20,3,pass,12,295922.6213874691,533202.5305262955,533202.5305262955,295922.6213874691,290894.7838239643,131961.5126039544,53278.00081135234,2.1269954146047922,1.0103327069950265,1.0039197791776773,1.005830319759235,0.6228565180549634,0.9769549534412313
bbob_f002_i80_d20,2,80,20,3,direct,12,295922.6213874691,,414764.5295877607,295922.6213874691,290894.7838239643,133480.78227254903,20970.754866502368,2.118601262268454,1.014467776597585,1.0032881934337403,1.0056360351967402,0.42458602490405084,0.9393739334516843
bbob_f002_i80_d20,2,80,20,3,inject,12,295922.6213874691,,414764.5295877607,295922.6213874691,290894.7838239643,142292.18142506125,52587.43610253843,1.9988674859936395,1.0132663469181549,1.0032667855437067,1.0081577969878874,0.5107129461658092,0.9637395509241192
bbob_f003_i79_d20,3,79,20,0,pass,12,326.43256050463435,411.63194556669407,411.63194556669407,326.43256050463435,309.4301456246966,309.4301456246966,271.5579417367089,0.6739734269976103,0.9403615114980652,0.9945620469960563,1.0020025756770872,0.5224804615063361,0.9492195983459979
bbob_f003_i79_d20,3,79,20,0,direct,12,326.43256050463435,,359.3555140282392,326.43256050463435,309.4301456246966,309.4301456246966,265.2520051507055,0.7302919287633619,0.9500062596632021,0.9946850939129138,1.0039719534401552,0.3997044885695994,0.925145226959763
bbob_f003_i79_d20,3,79,20,0,inject,12,326.43256050463435,,359.3555140282392,326.43256050463435,309.4301456246966,309.4301456246966,284.5541551558993,0.7302919287633619,0.9500062596632018,0.9947137565828309,1.0035013736804654,0.7137481098555128,0.9710854324044973
bbob_f003_i79_d20,3,79,20,1,pass,12,325.4094681306316,357.1906121322479,357.1906121322479,325.4094681306316,325.4094681306316,300.8361640376576,300.06478253118615,1.4864549331708683,0.9529530139674728,0.9940370489683851,0.9893999284092801,0.48759144095045526,0.9543712598118248
bbob_f003_i79_d20,3,79,20,1,direct,12,325.4094681306316,,391.0709970943724,325.4094681306316,325.4094681306316,325.4094681306316,257.87926791017037,1.5296951203059415,0.9548772838271885,0.9940162717831381,0.9900236971551089,0.4408064753685769,0.9407156806413008
bbob_f003_i79_d20,3,79,20,1,inject,12,325.4094681306316,,391.0709970943724,325.4094681306316,325.4094681306316,325.4094681306316,281.6632718198298,1.2476291552012828,0.9739785754268543,0.994489123931812,0.9909361718245947,0.44442277457122836,0.9491933067705328
bbob_f003_i79_d20,3,79,20,2,pass,12,328.2647759129603,443.233501850302,443.233501850302,328.2647759129603,328.2647759129603,328.2647759129603,278.187287603915,1.0577758922332745,0.9820705058372283,0.9962228919840085,1.0174575451287577,0.6779295526412228,0.959969112437302
bbob_f003_i79_d20,3,79,20,2,direct,12,328.2647759129603,,374.28476424792257,328.2647759129603,328.2647759129603,328.2647759129603,286.6640160390374,0.8412752405480273,0.9746655973952474,0.9962853406630046,1.0283059682455051,0.6235862427344173,0.9545695904777163
bbob_f003_i79_d20,3,79,20,2,inject,12,328.2647759129603,,374.28476424792257,328.2647759129603,328.2647759129603,328.2647759129603,286.86029637359024,0.8412752405480274,0.9746655973952474,0.995627991375657,1.013414640352854,0.3922912192639057,0.9436344561895336
bbob_f003_i79_d20,3,79,20,3,pass,12,304.8027661832742,414.88265029173203,414.88265029173203,304.8027661832742,304.8027661832742,304.8027661832742,261.2503203594391,1.751151846114198,0.9565068922408695,0.9959441425918556,1.000756657657738,0.43531138439185774,0.9256738933494892
bbob_f003_i79_d20,3,79,20,3,direct,12,304.8027661832742,,400.2256694792933,304.8027661832742,304.8027661832742,304.8027661832742,292.21409554897366,1.6605266907050609,0.9554089678180729,0.995149026318437,0.9993036957077772,0.3314473621240248,0.9187334927614658
bbob_f003_i79_d20,3,79,20,3,inject,12,304.8027661832742,,400.2256694792933,304.8027661832742,304.8027661832742,304.8027661832742,282.0836960140522,1.637935813869735,0.9513464740653869,0.9940124636715155,0.9933252847570451,0.37213265974168075,0.9186978854665395
bbob_f003_i80_d20,3,80,20,0,pass,12,262.2226526253819,331.8002481484938,331.8002481484938,262.2226526253819,262.2226526253819,233.1087419919637,186.65014562596426,0.9271520311589179,0.9520094364816797,0.9958055414931081,1.0099434070900468,0.5966006960197003,0.9461097167544805
bbob_f003_i80_d20,3,80,20,0,direct,12,262.2226526253819,,359.3412163448976,262.2226526253819,262.2226526253819,255.12923839865923,214.19266916042486,0.9271520311589179,0.9520094364816797,0.9957718789192128,1.0105221016954016,0.8360875901145716,0.9749567064471181
bbob_f003_i80_d20,3,80,20,0,inject,12,262.2226526253819,,359.3412163448976,262.2226526253819,262.2226526253819,261.5737862165374,195.6394257691189,0.9271520311589179,0.9520094364816797,0.99570242200459,1.0098817834500282,0.45317072169558403,0.9371762899388558
bbob_f003_i80_d20,3,80,20,1,pass,12,208.16640027478005,275.0392543660189,275.0392543660189,208.16640027478005,208.16640027478005,208.16640027478005,181.93982200346323,1.4039395294899812,0.9629083173390757,0.9961161180961995,1.0482188877100265,0.5272530852648942,0.946573796533607
bbob_f003_i80_d20,3,80,20,1,direct,12,208.16640027478005,,276.83901510173234,208.16640027478005,208.16640027478005,208.16640027478005,164.8156833151843,1.390279790707472,0.962418687225038,0.9954605782277255,1.0481365201354245,0.5874768257105216,0.9446875591830356
bbob_f003_i80_d20,3,80,20,1,inject,12,208.16640027478005,,276.83901510173234,208.16640027478005,208.16640027478005,204.9665119228053,167.2592307026335,1.4521776770337287,0.9670926171238904,0.9955714070235602,1.0447842698908691,0.35779637432837136,0.9383246648978782
bbob_f003_i80_d20,3,80,20,2,pass,12,242.23465423870954,294.17744435289114,294.17744435289114,242.23465423870954,242.23465423870954,212.84376593343436,174.40312423614685,1.3130377521893497,0.9695489774904582,0.9959692274576211,1.02169396892386,0.583088962112691,0.9439415207380498
bbob_f003_i80_d20,3,80,20,2,direct,12,242.23465423870954,,255.11540134291445,242.23465423870954,242.23465423870954,225.38066474695037,214.3898045504446,1.1378623317266385,0.9521334901223584,0.9949129146294428,1.0258660344623436,0.5056057236568859,0.9418802125411747
bbob_f003_i80_d20,3,80,20,2,inject,12,242.23465423870954,,255.11540134291445,242.23465423870954,242.23465423870954,219.81112772830986,165.29801722497535,1.1378623317266385,0.9521334901223584,0.9943800988515925,1.024340383164392,0.4884160571317146,0.9395718190488537
bbob_f003_i80_d20,3,80,20,3,pass,12,243.06996277712548,356.2603040227625,356.2603040227625,243.06996277712548,243.06996277712548,233.308092372652,157.94150742708874,1.5686474467305684,0.984989440801378,0.9994461466841866,1.0168052075494365,0.4669271063279536,0.9362548314604441
bbob_f003_i80_d20,3,80,20,3,direct,12,243.06996277712548,,351.73115583153503,243.06996277712548,243.06996277712548,243.06996277712548,205.78423105965416,1.5686474467305684,0.984989440801378,0.9993816133698977,1.016504122559956,0.5554038005924558,0.9543927348176974
bbob_f003_i80_d20,3,80,20,3,inject,12,243.06996277712548,,351.73115583153515,243.06996277712548,243.06996277712548,243.06996277712548,180.3962164434468,1.5686474467305684,0.984989440801378,0.99943329043392,1.0172657389103337,0.5686518255200521,0.9398683529340172
bbob_f004_i79_d20,4,79,20,0,pass,12,347.4298198761105,541.9532154219447,541.9532154219447,347.4298198761105,347.4298198761105,347.4298198761105,266.7835321547899,1.289917628467489,0.9384820822398517,0.9965276890991764,1.0161057186088103,0.44816775511513884,0.9407815286738932
bbob_f004_i79_d20,4,79,20,0,direct,12,347.4298198761105,,454.33176724785824,347.4298198761105,347.4298198761105,304.51708685940184,304.51708685940184,1.297733503940169,0.9416651262723924,0.9964287294365003,1.0178883043222728,0.45707028333631644,0.9442101901705928
bbob_f004_i79_d20,4,79,20,0,inject,12,347.4298198761105,,454.33176724785824,347.4298198761105,347.4298198761105,347.4298198761105,337.33849110199844,1.3081580017176653,0.9420189621393181,0.9964158284042177,1.0161926737585034,0.61984410774678,0.9565250017365247
bbob_f004_i79_d20,4,79,20,1,pass,12,420.38275252024187,569.000753294148,569.000753294148,420.38275252024187,420.38275252024187,405.35290635009574,302.12073761231125,1.3825397272912845,0.9758341220657271,0.9954390153903455,1.0140287700898338,0.42497356215721793,0.9387337894327404
bbob_f004_i79_d20,4,79,20,1,direct,12,420.38275252024187,,484.6143385615982,420.38275252024187,420.38275252024187,366.1367869915493,311.73880885567485,1.3721495352290558,0.9796575362056565,0.9952647868348374,1.0153231246222059,0.5298607371044335,0.9367602196809638
bbob_f004_i79_d20,4,79,20,1,inject,12,420.38275252024187,,484.6143385615983,420.38275252024187,420.38275252024187,409.22461233193053,264.030565609491,1.3721495352290558,0.9796575362056565,0.995160322695976,1.0117255017423432,0.29376409954305865,0.9148728172799168
bbob_f004_i79_d20,4,79,20,2,pass,12,408.1075594177936,471.26520092609223,471.26520092609223,408.1075594177936,408.1075594177936,408.1075594177936,315.5532263635042,1.578575527358524,0.9598972877185734,0.997891957879085,1.0230249933795243,0.5548495632267638,0.9442823652337365
bbob_f004_i79_d20,4,79,20,2,direct,12,408.1075594177936,,449.91206460364094,408.1075594177936,408.1075594177936,383.78177832770336,315.5482464276094,1.628329072834183,0.9637595709081193,0.9968540812276875,1.0197469859327764,0.4878148228941049,0.9352690667780398
bbob_f004_i79_d20,4,79,20,2,inject,12,408.1075594177936,,449.91206460364094,408.1075594177936,408.1075594177936,408.1075594177936,312.45057136886226,1.4722485056246646,0.9325429526454939,0.9952916753578211,1.020644781936085,0.6248854887866051,0.9501890035158355
bbob_f004_i79_d20,4,79,20,3,pass,12,415.17667972101833,456.48730576237745,456.48730576237745,415.17667972101833,415.17667972101833,394.9617964291069,283.27899131066044,1.7939782872315977,0.9861713907948207,0.9986916285030402,1.0279914951499831,0.35205015114036575,0.9248928761430713
bbob_f004_i79_d20,4,79,20,3,direct,12,415.17667972101833,,398.8633119278013,398.8633119278013,398.8633119278013,374.13598394130725,319.69857388538435,1.6795576106676053,0.9933372654185175,0.9974458875538605,1.0279286584944376,0.43080281057376435,0.9301228339791447
bbob_f004_i79_d20,4,79,20,3,inject,12,415.17667972101833,,398.8633119278013,398.8633119278013,398.8633119278013,343.68148899743176,310.2945941013529,2.0228871273524947,0.9964708781641061,0.9971799736139042,1.0316308911336367,0.3165162870824012,0.9025126510831201
bbob_f004_i80_d20,4,80,20,0,pass,12,344.38077222608695,455.5337766342956,455.5337766342956,344.38077222608695,344.38077222608695,333.2250213359853,223.34322741693626,1.712101289712801,0.983479841479297,0.9983175866954194,1.0004064194065994,0.6329675331783975,0.9517059373466884
bbob_f004_i80_d20,4,80,20,0,direct,12,344.38077222608695,,383.9674612733635,344.38077222608695,344.38077222608695,344.38077222608695,215.28226384902578,1.6742430127197214,0.9803872142507932,0.9975465638620593,1.001959639456746,0.4908118272667085,0.9373996848165211
bbob_f004_i80_d20,4,80,20,0,inject,12,344.38077222608695,,383.9674612733635,344.38077222608695,344.38077222608695,344.38077222608695,248.53535222418807,1.7598223376076338,0.9861575478068546,0.9982077125426989,1.003820385930371,0.5585081948533042,0.9436320197113576
bbob_f004_i80_d20,4,80,20,1,pass,12,283.0768287049052,401.7817565303743,401.7817565303743,283.0768287049052,283.0768287049052,281.71758530894334,235.10175189132855,1.5676109561736087,0.9514361395462483,0.9955900819917572,1.0172439916933824,0.5039861612599982,0.9568168554600549
bbob_f004_i80_d20,4,80,20,1,direct,12,283.0768287049052,,355.02742726839415,283.0768287049052,283.0768287049052,283.0768287049052,231.84856305397943,1.4747265624664432,0.9531644118253741,0.994590016629925,1.0206007452542587,0.5302883134367293,0.9303414558603639
bbob_f004_i80_d20,4,80,20,1,inject,12,283.0768287049052,,355.02742726839415,283.0768287049052,283.0768287049052,283.0768287049052,206.4342205467436,1.601680421909145,0.960076206780851,0.9945481735485285,1.021081395777583,0.49125968616611465,0.9505762937611876
bbob_f004_i80_d20,4,80,20,2,pass,12,267.6669749607512,329.9559368037292,329.9559368037292,267.6669749607512,267.6669749607512,267.6669749607512,216.33399618799518,1.5043777720049802,0.9728874609264774,0.9966049210899984,0.9971462379673839,0.49906656994681015,0.9372141069467972
bbob_f004_i80_d20,4,80,20,2,direct,12,267.6669749607512,,308.43960013276296,267.6669749607512,267.6669749607512,267.6669749607512,185.80628151275795,1.3490018464298652,0.9636919516673979,0.9946620356130298,0.9966281797871077,0.37179194244849295,0.9246703371422001
bbob_f004_i80_d20,4,80,20,2,inject,12,267.6669749607512,,308.43960013276296,267.6669749607512,267.6669749607512,260.5082170223798,213.79239421057719,1.5085859176646559,0.9654151819744896,0.9953451903701774,0.9984152019247042,0.41379604235936795,0.9226886840494842
bbob_f004_i80_d20,4,80,20,3,pass,12,284.2629769158922,379.8536242505478,379.8536242505478,284.2629769158922,284.2629769158922,284.2629769158922,217.73643994654006,1.4723745695400507,0.9677649575506535,0.9958580908563651,0.995604720026169,0.5310846265074306,0.9426837027528158
bbob_f004_i80_d20,4,80,20,3,direct,12,284.2629769158922,,444.9735409721203,284.2629769158922,284.2629769158922,284.2629769158922,218.8114122954044,1.4982397630786373,0.9556920318235776,0.9952774323044428,0.9937557905220884,0.36154902515522697,0.928899392820005
bbob_f004_i80_d20,4,80,20,3,inject,12,284.2629769158922,,444.9735409721203,284.2629769158922,284.2629769158922,283.4250305822659,228.50678761763922,1.4723745695400507,0.9677649575506535,0.9958551240326405,0.9960259020957831,0.4414283561363996,0.9212155244894337
bbob_f005_i79_d20,5,79,20,0,pass,12,39.27750385203167,77.93162612935745,77.93162612935745,39.27750385203167,39.27750385203167,39.174596245146915,9.133042261516138,1.3820451088465506,0.9169515687617166,0.993924229979915,1.0476194296048036,0.4116687736473959,0.9106549442632939
bbob_f005_i79_d20,5,79,20,0,direct,12,39.27750385203167,,66.88766766872999,39.27750385203167,39.27750385203167,32.85298746991447,8.827102640525936,1.3820451088465506,0.9169515687617166,0.9939779578336456,1.0473087676271913,0.3391518155300291,0.9241201296344256
bbob_f005_i79_d20,5,79,20,0,inject,12,39.27750385203167,,66.88766766872999,39.27750385203167,39.27750385203167,39.27750385203167,1.0633141286531185,1.3820451088465506,0.9169515687617166,0.9930882879122539,1.0211779553045957,0.31466169293183227,0.8859524073426424
bbob_f005_i79_d20,5,79,20,1,pass,12,41.40803910678106,46.17098393899309,46.17098393899309,41.40803910678106,41.40803910678106,19.207212598297104,-6.62489474637459,1.5092822337957434,0.9557732349182698,0.9954798348302301,1.0174367879525579,0.42901056257562475,0.9218641099339694
bbob_f005_i79_d20,5,79,20,1,direct,12,41.40803910678106,,46.97562647825838,41.40803910678106,41.40803910678106,25.646447661906393,-2.2528039349257902,1.486957431897944,0.9538845856446577,0.9950479539749248,1.0172517326464698,0.5635793315740033,0.923382555248223
bbob_f005_i79_d20,5,79,20,1,inject,12,41.40803910678106,,46.97562647825838,41.40803910678106,41.40803910678106,34.76386769273904,6.793542695077377,1.0554738864806605,0.9313073568593653,0.9937959109712157,1.0220551853731865,0.6137819684735201,0.9495139013618857
bbob_f005_i79_d20,5,79,20,2,pass,12,36.808897653157004,58.94409634323304,58.94409634323304,36.808897653157004,34.77039579410431,21.886696977836998,-5.513726884859274,1.0832361217108213,0.9901573336136126,0.9967814253998466,1.018273043780851,0.6001326264668543,0.9558083474415279
bbob_f005_i79_d20,5,79,20,2,direct,12,36.808897653157004,,49.36207000466379,36.808897653157004,34.77039579410431,28.468337397842248,1.3494335415154985,1.0832361217108213,0.9901573336136126,0.9969476185160041,1.0249915057799226,0.6492151354206984,0.9691580050603545
bbob_f005_i79_d20,5,79,20,2,inject,12,36.808897653157004,,49.36207000466379,36.808897653157004,34.77039579410431,22.403043584880393,2.9988564705772234,1.0832361217108213,0.9901573336136126,0.9966779622622594,1.0171048703585062,0.7510601935092813,0.9548350170911968
bbob_f005_i79_d20,5,79,20,3,pass,12,24.781057342688058,33.018111899333675,33.018111899333675,24.781057342688058,22.210853513209003,22.059693037710083,7.522569859285149,1.4087496743018242,0.9570392416977996,0.9976028544598976,1.053220797890174,0.4016908273586829,0.9334840411566557
bbob_f005_i79_d20,5,79,20,3,direct,12,24.781057342688058,,29.311437348843135,24.781057342688058,22.210853513209003,19.224758767844925,-6.051852505674912,1.315503191226209,0.9568403644300401,0.9970346124596784,1.0548976348091184,0.4288825955558675,0.9450224040869583
bbob_f005_i79_d20,5,79,20,3,inject,12,24.781057342688058,,29.311437348843135,24.781057342688058,22.210853513209003,20.66044576381278,0.46613851875949663,1.4047823079373565,0.9820747917070107,0.9953325949720473,1.060653741385395,0.37583511004833225,0.9320811709104717
bbob_f005_i80_d20,5,80,20,0,pass,12,48.75908422160615,88.89657345254838,88.89657345254838,48.75908422160615,48.75908422160615,48.75908422160615,-6.24984718116265,1.5525270207746138,1.0113604229220068,0.9981041656542327,1.0799100189526498,0.4088632178745956,0.9264614809399828
bbob_f005_i80_d20,5,80,20,0,direct,12,48.75908422160615,,73.90156290274788,48.75908422160615,48.75908422160615,44.06136540278613,-2.2778433138606573,1.5525270207746138,1.0113604229220068,0.9980575726479926,1.074449230083342,0.3869524335550898,0.9407543996243021
bbob_f005_i80_d20,5,80,20,0,inject,12,48.75908422160615,,73.90156290274788,48.75908422160615,48.75908422160615,41.735966725608,-1.3818335298725728,1.5525270207746138,1.0113604229220068,0.9980934077696331,1.0795221731485714,0.4573550639141242,0.9254915446941707
bbob_f005_i80_d20,5,80,20,1,pass,12,31.96622510548483,42.61564276728688,42.61564276728688,31.96622510548483,24.567504847950694,16.74399551030031,2.997735458331526,1.1843613618605942,0.9675868815273738,0.9940806047020023,1.0118111581488316,0.45904021924784794,0.9270649590484853
bbob_f005_i80_d20,5,80,20,1,direct,12,31.96622510548483,,38.07456276250637,31.96622510548483,24.567504847950694,21.620868721014297,-1.0947943027667506,1.1843613618605942,0.9675868815273738,0.99397885351882,1.0115154703351612,0.3547386923361032,0.9059820891293218
bbob_f005_i80_d20,5,80,20,1,inject,12,31.96622510548483,,38.07456276250637,31.96622510548483,24.567504847950694,22.496178853120753,-7.149547594489306,1.1843613618605942,0.9675868815273738,0.993749582189702,1.0094789479142054,0.3636696259091325,0.8870249459056028
bbob_f005_i80_d20,5,80,20,2,pass,12,2.6992624228746536,25.10110885842321,25.10110885842321,2.6992624228746536,2.6992624228746536,0.3105985406970788,-14.578475804746699,1.3711155471467507,0.9251294776731078,0.9950206002463824,1.0621243254631878,0.2699311202229713,0.9006340825649668
bbob_f005_i80_d20,5,80,20,2,direct,12,2.6992624228746536,,16.87142556683343,2.6992624228746536,2.6992624228746536,-0.11524026263924014,-16.20526955055764,1.4183831037288683,0.9257254554846445,0.994715173942918,1.0606257032828732,0.36771420603821753,0.9076899160353195
bbob_f005_i80_d20,5,80,20,2,inject,12,2.6992624228746536,,16.87142556683343,2.6992624228746536,2.6992624228746536,-0.048772346196251704,-22.179140167325947,1.1008742230874546,0.9173094242904611,0.9941468864181445,1.0617042690238199,0.36326714098745594,0.8941287859705647
bbob_f005_i80_d20,5,80,20,3,pass,12,45.325780542636956,53.44058936514036,53.44058936514036,45.325780542636956,40.518135752211414,33.419809056896504,14.672703115577228,0.9068291049442204,0.9670130727513961,0.996476377049028,1.0760748028706937,0.37851833240304605,0.9433192634713817
bbob_f005_i80_d20,5,80,20,3,direct,12,45.325780542636956,,50.663126533911374,45.325780542636956,40.518135752211414,36.94991618454339,21.301935627853474,0.8908052025725419,0.974174380324273,0.9957594384922392,1.0817649031389085,0.34882945693806866,0.9283106307228195
bbob_f005_i80_d20,5,80,20,3,inject,12,45.325780542636956,,50.663126533911374,45.325780542636956,40.518135752211414,40.10125433515231,21.655843098321967,1.0382734006165615,0.9791400747498599,0.9958461889571594,1.0736843301921004,0.4022395812030474,0.9314335926544057
bbob_f006_i79_d20,6,79,20,0,pass,12,713.6382262712418,20445.21210479422,20445.21210479422,713.6382262712418,713.6382262712418,713.6382262712418,643.8966205024687,1.257529208655063,0.9701183278162844,0.9958349208859987,1.0248429369295329,0.5356947065231858,0.9183858217143727
bbob_f006_i79_d20,6,79,20,0,direct,12,713.6382262712418,,741.0609415293154,713.6382262712418,713.6382262712418,711.5293506093703,634.6787451960055,1.1626930933553612,0.9685378135244378,0.9954485761606088,1.0284221547460968,0.5283873692131608,0.9224892272538591
bbob_f006_i79_d20,6,79,20,0,inject,12,713.6382262712418,,741.0609415293154,713.6382262712418,713.6382262712418,713.6382262712418,650.5806881593327,1.1484818508236305,0.9683925646143615,0.9953783388269515,1.0243873106794752,0.5173771118078028,0.9235116059338383
bbob_f006_i79_d20,6,79,20,1,pass,12,779.9964866733948,1434.8553671025334,1434.8553671025334,779.9964866733948,779.9964866733948,710.9061237796075,640.1746199912523,1.4749936189802304,0.9355969473419123,0.9938463984553332,0.9966827969280275,0.47121126847302164,0.9235149177503126
bbob_f006_i79_d20,6,79,20,1,direct,12,779.9964866733948,,807.8958641364156,779.9964866733948,779.9964866733948,754.3949893293293,645.6418234741773,1.4498996326561593,0.9385935285242533,0.9935438440203558,0.9928229890385739,0.4766150542671812,0.9276588399301007
bbob_f006_i79_d20,6,79,20,1,inject,12,779.9964866733948,,807.8958641364156,779.9964866733948,779.9964866733948,739.260414110136,637.4929297083289,1.4498996326561593,0.9385935285242533,0.9934431570580327,0.9922233093252836,0.7314046535358432,0.9484982403455479
bbob_f006_i79_d20,6,79,20,2,pass,12,713.9072714428157,7854.30439453794,7854.30439453794,713.9072714428157,713.9072714428157,707.4650719235977,633.6740386971527,1.0657336735637952,0.9596333358092256,0.9955681263397748,1.0433402383978263,0.5474205994418516,0.9389892702246755
bbob_f006_i79_d20,6,79,20,2,direct,12,713.9072714428157,,1355.3532058970507,713.9072714428157,713.9072714428157,704.3532926404807,652.3655730519253,1.0194280286198056,0.9521977711525313,0.9957134630746752,1.050250828465759,0.5048776561772303,0.9206688420327634
bbob_f006_i79_d20,6,79,20,2,inject,12,713.9072714428157,,1355.3532058970507,713.9072714428157,713.9072714428157,709.3220050251201,640.6051670406717,1.026255715248697,0.9505712282028244,0.9950955494915585,1.0417390763256595,0.5764772901814305,0.9324407596875306
bbob_f006_i79_d20,6,79,20,3,pass,12,808.0109424776987,1009.5729397830454,1009.5729397830454,808.0109424776987,808.0109424776987,808.0109424776987,686.3499886424183,0.8642692377987746,0.9549415449227128,0.9956254196704895,1.0061492416319595,0.6729093600748605,0.9279507850085603
bbob_f006_i79_d20,6,79,20,3,direct,12,808.0109424776987,,811.0417589099764,808.0109424776987,808.0109424776987,791.2500494895037,635.1582771023374,0.9310211249613597,0.9623225796357149,0.9951403533491665,1.0102190940684428,0.6681601237111822,0.9550983285140221
bbob_f006_i79_d20,6,79,20,3,inject,12,808.0109424776987,,811.0417589099764,808.0109424776987,808.0109424776987,773.6205506309997,652.2593377919949,0.9481509704421744,0.9638561606188782,0.9952288410020361,1.0136019934075737,0.7551601080914065,0.9570760535808915
bbob_f006_i80_d20,6,80,20,0,pass,12,702.0234515751105,1979.6652355689728,1979.6652355689728,702.0234515751105,96.65038535848572,-26.661577466562335,-84.28110147647946,1.352842824617162,0.9469376055040635,0.9944576664032093,1.001377181298309,0.5462600717814002,0.9315122672891184
bbob_f006_i80_d20,6,80,20,0,direct,12,702.0234515751105,,1444.1511775811532,702.0234515751105,96.65038535848572,21.27240876873327,-84.01864403725719,1.2990718916672246,0.9494754558600452,0.994203714318858,1.0010834287222938,0.41899543602567113,0.9100509904610077
bbob_f006_i80_d20,6,80,20,0,inject,12,702.0234515751105,,1444.1511775811532,702.0234515751105,96.65038535848572,-38.11286530922138,-95.5891933109364,1.0872079085977886,0.9551053129024928,0.9933446675127438,1.0027727254656222,0.4902535231377778,0.9232942338633859
bbob_f006_i80_d20,6,80,20,1,pass,12,1632.990312444933,33280.42904000738,33280.42904000738,1632.990312444933,-1.9542201325649273,-36.88949157645314,-93.90099246459206,1.2913279256808876,0.9509932806512161,0.9981679797124673,0.99986127203368,0.4903582100378896,0.9254499609905905
bbob_f006_i80_d20,6,80,20,1,direct,12,1632.990312444933,,6731.909066573839,1632.990312444933,-1.9542201325649273,-46.47365764351383,-90.09978408934609,1.2913279256808876,0.9509932806512161,0.9981397754978704,0.99989897632529,0.5037127677283925,0.9177217829919891
bbob_f006_i80_d20,6,80,20,1,inject,12,1632.990312444933,,6731.909066573839,1632.990312444933,-1.9542201325649273,-21.923460341052262,-88.9213699210988,1.2913279256808876,0.9509932806512161,0.9979650219113203,1.0040975755096266,0.40312231647084396,0.9262797541579051
bbob_f006_i80_d20,6,80,20,2,pass,12,-43.95101487906099,3142.3861039614353,3142.3861039614353,-43.95101487906099,-43.95101487906099,-53.826734509763824,-94.34541423812693,0.9493489475936272,0.9404244963742636,0.9937306871292327,1.012169999754276,0.49072725840152537,0.9284980695407222
bbob_f006_i80_d20,6,80,20,2,direct,12,-43.95101487906099,,317.24608883576434,-43.95101487906099,-43.95101487906099,-48.871330138826636,-91.97294379402265,0.8689535601383841,0.9445842031044114,0.9942549123272133,1.021223401227592,0.4028291531573387,0.9188437799110504
bbob_f006_i80_d20,6,80,20,2,inject,12,-43.95101487906099,,317.24608883576434,-43.95101487906099,-43.95101487906099,-43.95101487906099,-91.27642190574312,0.8374833064649073,0.9414856218108388,0.993537513766507,1.0160320491404538,0.36568244975525016,0.9169067010040259
bbob_f006_i80_d20,6,80,20,3,pass,12,1070.7554459898852,8426.37482039739,8426.37482039739,1070.7554459898852,537.0315642067347,-1.2199391427399604,-68.51823571983205,0.9783045645911262,0.9273888382753467,0.9941669815511849,0.9985185420404832,0.5789986134157521,0.9211428341643279
bbob_f006_i80_d20,6,80,20,3,direct,12,1070.7554459898852,,6756.697476710594,1070.7554459898852,537.0315642067347,-4.825602946591047,-79.23509657160236,0.9797534133509072,0.9311287601170843,0.9935667425431836,0.9979352451844825,0.5579238628935106,0.9285223180763021
bbob_f006_i80_d20,6,80,20,3,inject,12,1070.7554459898852,,6756.697476710594,1070.7554459898852,537.0315642067347,9.380839949843448,-65.59772420513349,0.9537877913683773,0.926624945626582,0.993160283978078,0.9990051203154521,0.46444540682058305,0.9311082926595001
bbob_f007_i79_d20,7,79,20,0,pass,12,744.5574177798048,794.483876963166,794.483876963166,744.5574177798048,744.5574177798048,744.5574177798048,717.6570065177496,1.051050108548596,0.9716907225769649,0.9982974191985625,1.022689245730818,0.3730151020448162,0.921909767402863
bbob_f007_i79_d20,7,79,20,0,direct,12,744.5574177798048,,767.6094233831091,744.5574177798048,744.5574177798048,744.5574177798048,722.2613505175126,1.111040782966163,0.9813437651440711,0.9970478118284778,1.0234535998677343,0.5588095572729961,0.9381521177406804
bbob_f007_i79_d20,7,79,20,0,inject,12,744.5574177798048,,767.6094233831091,744.5574177798048,744.5574177798048,744.5574177798048,719.096183521876,1.111040782966163,0.9813437651440711,0.9970607788924692,1.0263624097438577,0.45175878365986505,0.9358987495144029
bbob_f007_i79_d20,7,79,20,1,pass,12,747.0333123882896,822.8031725077423,822.8031725077423,747.0333123882896,732.4911526208135,729.9291294188603,708.4210921633983,1.422168259764967,1.013117420954702,0.9971592637509573,0.98916664445943,0.3423325845446275,0.9175468929598453
bbob_f007_i79_d20,7,79,20,1,direct,12,747.0333123882896,,763.7150421813853,747.0333123882896,732.4911526208135,732.4911526208135,709.3416397210159,1.3935892395566705,1.0111616768086313,0.996363039664666,0.9897867005050934,0.43507416824839024,0.9337810064400319
bbob_f007_i79_d20,7,79,20,1,inject,12,747.0333123882896,,763.7150421813853,747.0333123882896,732.4911526208135,732.4911526208135,708.3394884275704,1.3935892395566705,1.0111616768086313,0.9962423370257042,0.9901444400344022,0.3102381538262027,0.9104195494737377
bbob_f007_i79_d20,7,79,20,2,pass,12,746.5669303906233,773.0644055790923,773.0644055790923,746.5669303906233,735.7221702162564,729.8997116104558,708.317765538849,1.1273857682385948,0.9645180771551894,0.997109671808975,0.990049879121527,0.3662955992348285,0.9265349993626113
bbob_f007_i79_d20,7,79,20,2,direct,12,746.5669303906233,,745.2335714479168,745.2335714479168,735.7221702162564,719.6939922840912,704.8029813066424,1.087322860449583,0.9566906054536155,0.9961391262167177,0.9882662245065512,0.35610721077500684,0.935709167609655
bbob_f007_i79_d20,7,79,20,2,inject,12,746.5669303906233,,745.2335714479168,745.2335714479168,735.7221702162564,724.9722839862941,708.4110115138554,1.087322860449583,0.9566906054536155,0.9954765717850381,0.9877353411438611,0.475696724004468,0.9417249045163041
bbob_f007_i79_d20,7,79,20,3,pass,12,741.6765206209669,767.0369879528248,767.0369879528248,741.6765206209669,741.6765206209669,741.6765206209669,717.3196995099667,1.467039820081162,0.9927325775650145,0.9987243932065426,1.004878899454944,0.45053230245866327,0.9401102482797139
bbob_f007_i79_d20,7,79,20,3,direct,12,741.6765206209669,,756.5399493558945,741.6765206209669,741.6765206209669,738.4772282660272,716.7277262310927,1.203374762789151,1.0007628244971083,0.9975164756474512,1.0084448821685181,0.45843810849059297,0.9328966777000178
bbob_f007_i79_d20,7,79,20,3,inject,12,741.6765206209669,,756.5399493558945,741.6765206209669,741.6765206209669,739.2756832109081,707.7442942498961,1.4358998072282638,1.0147446668344862,0.9983839243356186,1.0177818861946901,0.4219188272121718,0.9202948001354352
bbob_f007_i80_d20,7,80,20,0,pass,12,1055.3137901231269,1083.0398621762085,1083.0398621762085,1055.3137901231269,1055.3137901231269,1055.3137901231269,1038.0366405204663,1.569318208505441,0.9661834634442247,0.9993759935940628,1.0136052040295307,0.5171061630799935,0.950950576242336
bbob_f007_i80_d20,7,80,20,0,direct,12,1055.3137901231269,,1090.0413958136837,1055.3137901231269,1055.3137901231269,1055.3137901231269,1022.9938602843174,1.3391488991291456,0.9531758503232451,0.9963877432317256,1.0094657977117207,0.40863816763558086,0.9310579235485156
bbob_f007_i80_d20,7,80,20,0,inject,12,1055.3137901231269,,1090.0413958136837,1055.3137901231269,1055.3137901231269,1055.3137901231269,1022.800684436361,1.8617407676142148,0.9788170304370013,0.9996733017639423,1.0152500646960592,0.3591912593405199,0.9189686254590569
bbob_f007_i80_d20,7,80,20,1,pass,12,1070.4005284782431,1115.6925586847344,1115.6925586847344,1070.4005284782431,1055.6610424162511,1054.686833483513,1018.1615190579806,1.2082780695010826,0.9829823791000087,0.9964994019026424,1.0254918997306044,0.4280602526186321,0.9312577314941485
bbob_f007_i80_d20,7,80,20,1,direct,12,1070.4005284782431,,1083.6894633727964,1070.4005284782431,1055.6610424162511,1051.3087380885588,1016.8869223874073,1.1725025684667838,0.9812281099681223,0.9961070420807014,1.0238626745656974,0.46970842672573965,0.9420495011433988
bbob_f007_i80_d20,7,80,20,1,inject,12,1070.4005284782431,,1083.6894633727964,1070.4005284782431,1055.6610424162511,1055.6610424162511,1008.1397576960845,1.1725025684667838,0.9812281099681223,0.9957455554662177,1.0234183884638226,0.4858998986806889,0.9340603619257453
bbob_f007_i80_d20,7,80,20,2,pass,12,1052.7918976949477,1246.7783962110568,1246.7783962110568,1052.7918976949477,1052.7918976949477,1052.7918976949477,1015.5966553599413,1.1539764222787305,0.9762595294982828,0.9964789184884928,1.0368120690855733,0.4635522598767117,0.9290378224557374
bbob_f007_i80_d20,7,80,20,2,direct,12,1052.7918976949477,,1089.2883268447872,1052.7918976949477,1052.7918976949477,1052.7918976949477,1009.3945799611395,1.0883655383047335,0.972247699276474,0.9967576969777537,1.0309229704457827,0.35416774394274153,0.925560288278839
bbob_f007_i80_d20,7,80,20,2,inject,12,1052.7918976949477,,1089.2883268447872,1052.7918976949477,1052.7918976949477,1052.7918976949477,1017.8594110884561,1.0883655383047335,0.972247699276474,0.9961007384332727,1.0377473442523455,0.5113134400599058,0.9395865823932869
bbob_f007_i80_d20,7,80,20,3,pass,12,1064.584594701233,1061.148679092065,1061.148679092065,1061.148679092065,1061.148679092065,1050.1973974072648,1014.3083085664603,1.2583253242452492,0.9402550458715578,0.9944678458753536,1.0122995682901599,0.38963822276855375,0.9119133069171674
bbob_f007_i80_d20,7,80,20,3,direct,12,1064.584594701233,,1050.4780385908518,1050.4780385908518,1050.4780385908518,1031.247064062382,1012.9888533437719,0.9581063878212532,0.949463194391869,0.9930796743325406,1.0137303516367686,0.3642546426917645,0.9196958100446314
bbob_f007_i80_d20,7,80,20,3,inject,12,1064.584594701233,,1050.4780385908518,1050.4780385908518,1050.4780385908518,1035.5447609074865,1009.758236734272,1.4341169705312788,0.9616964471354456,0.9937797492426025,1.012424288189514,0.4425682690542852,0.9293919974838476
bbob_f008_i79_d20,8,79,20,0,pass,12,788.2796518381475,3403.271307847626,3403.271307847626,788.2796518381475,531.3745844048118,199.6580540270144,45.31210318679555,0.8365574295897942,0.9392808294223147,0.9937604180120645,1.0003269817046985,0.19375598551927598,0.8600818441952528
bbob_f008_i79_d20,8,79,20,0,direct,12,788.2796518381475,,889.7873050110003,788.2796518381475,531.3745844048118,531.3745844048118,56.80676683268285,0.8167210621647362,0.9350702927435831,0.9929494099134731,1.002505189435467,0.23328473127964527,0.8687017995347712
bbob_f008_i79_d20,8,79,20,0,inject,12,788.2796518381475,,889.7873050110001,788.2796518381475,531.3745844048118,448.01892269955215,58.618842500464375,0.8167210621647362,0.9350702927435831,0.9928197628409268,1.0002025691410412,0.2042477641147696,0.8653699231227603
bbob_f008_i79_d20,8,79,20,1,pass,12,409.44434792466325,1221.3050399353692,1221.3050399353692,409.44434792466325,409.44434792466325,341.65400818783866,43.837294903096115,1.08723019936302,0.9340842833587452,0.9935554882816013,0.9924618270418089,0.22217347614867003,0.866587901165439
bbob_f008_i79_d20,8,79,20,1,direct,12,409.44434792466325,,857.9419463327579,409.44434792466325,409.44434792466325,370.00061991280273,58.17815599449215,1.0440625736484643,0.9332962657612582,0.9931974531302228,0.9918914248374963,0.2947635450143104,0.8810102123422114
bbob_f008_i79_d20,8,79,20,1,inject,12,409.44434792466325,,857.9419463327579,409.44434792466325,409.44434792466325,409.44434792466325,73.35123823870438,1.0440625736484643,0.9332962657612582,0.9929273667574903,0.9854401965000698,0.2795510992226623,0.8705858837956063
bbob_f008_i79_d20,8,79,20,2,pass,12,809.8130180871457,1669.7207226091025,1669.7207226091025,809.8130180871457,809.8130180871457,492.21171792444034,43.26315513072781,0.713590612006746,0.9516056827514636,0.9959098305913227,1.0331241484403255,0.31799308807066506,0.8896192207345447
bbob_f008_i79_d20,8,79,20,2,direct,12,809.8130180871457,,1074.3293351697134,809.8130180871457,809.8130180871457,653.291999700663,90.21449170075593,0.6818247351696742,0.945327310534052,0.9952734740519574,1.031680679588976,0.4404806214361495,0.9091473108407869
bbob_f008_i79_d20,8,79,20,2,inject,12,809.8130180871457,,1074.3293351697134,809.8130180871457,809.8130180871457,530.298843624341,67.61004800771948,0.6818247351696742,0.945327310534052,0.9948841699089187,1.029760263473061,0.43330118305297444,0.9124650561752846
bbob_f008_i79_d20,8,79,20,3,pass,12,381.73948056097237,1335.2396883215501,1335.2396883215501,381.73948056097237,381.69404793000723,188.91023720990418,43.21957761170209,0.8862958547981794,0.9503763559174874,0.9947807899411129,1.0031661789211073,0.2587255917833699,0.8604484683169683
bbob_f008_i79_d20,8,79,20,3,direct,12,381.73948056097237,,759.707926009301,381.73948056097237,381.69404793000723,381.69404793000723,47.6274705086233,0.8591293134895926,0.9557242723644108,0.9943745691297059,1.00250538674282,0.26617200335550467,0.872842332431587
bbob_f008_i79_d20,8,79,20,3,inject,12,381.73948056097237,,759.707926009301,381.73948056097237,381.69404793000723,288.0608892830104,41.11454596641983,0.8591293134895926,0.9557242723644108,0.9940078063899226,1.0033481720462283,0.245123255752149,0.8691457822552864
bbob_f008_i80_d20,8,80,20,0,pass,12,629.4144374986464,2808.7879142634656,2808.7879142634656,629.4144374986464,610.178219930487,610.178219930487,205.7432803171781,0.8337165519079652,0.9821766330520197,0.9957695010990737,1.0026267925592733,0.40717474278854116,0.9005868115182157
bbob_f008_i80_d20,8,80,20,0,direct,12,629.4144374986464,,1313.426220042246,629.4144374986464,610.178219930487,610.178219930487,83.08377146216928,0.8598172432271455,0.9819821062982537,0.995762873224943,1.0050155390157969,0.3860323500099428,0.9067354369801217
bbob_f008_i80_d20,8,80,20,0,inject,12,629.4144374986464,,1313.426220042246,629.4144374986464,610.178219930487,610.178219930487,109.51312296488241,0.8598172432271455,0.9819821062982537,0.9955946313155246,1.0036049004296108,0.4474857502531722,0.9192744478028897
bbob_f008_i80_d20,8,80,20,1,pass,12,537.2457568502583,724.2858687353923,724.2858687353923,537.2457568502583,537.2457568502583,443.73314404947655,147.3573424208088,1.0079615534184785,0.9757976402035042,0.9959967776545706,1.0212707265568264,0.27860200829523013,0.8908848313944405
bbob_f008_i80_d20,8,80,20,1,direct,12,537.2457568502583,,411.63429556992725,411.63429556992725,411.63429556992725,411.63429556992725,121.91264456320853,0.6912774155448237,0.964556864569022,0.9937250590610673,1.0232091676278645,0.2527673685966281,0.8986527233968468
bbob_f008_i80_d20,8,80,20,1,inject,12,537.2457568502583,,411.63429556992725,411.63429556992725,411.63429556992725,411.63429556992725,165.08098723790323,0.9522576375377878,0.9767945491098756,0.9938613334634268,1.0176874259490079,0.2956790830919611,0.8993187908763395
bbob_f008_i80_d20,8,80,20,2,pass,12,749.4032045723649,3724.791827447899,3724.791827447899,749.4032045723649,687.5057843492378,463.5147025103137,198.66864946168704,1.0116935194471912,0.9223665363339772,0.9958366525074788,1.017780482454986,0.32446259418483,0.9019754665005114
bbob_f008_i80_d20,8,80,20,2,direct,12,749.4032045723649,,1754.9192171929828,749.4032045723649,687.5057843492378,422.4266337367041,167.7048264354228,1.0116935194471912,0.9223665363339772,0.9963192902058022,1.028427794084737,0.29812468915992857,0.8960807414923931
bbob_f008_i80_d20,8,80,20,2,inject,12,749.4032045723649,,1754.9192171929828,749.4032045723649,687.5057843492378,611.0566275342552,225.16616924733006,1.0116935194471912,0.9223665363339772,0.9957921651109432,1.015643223269346,0.22638557268780216,0.8823375864536589
bbob_f008_i80_d20,8,80,20,3,pass,12,934.7438601149474,2391.002147711474,2391.002147711474,934.7438601149474,883.0785618776999,883.0785618776999,79.91466558932812,0.881094638248497,1.0118000297611334,0.9979245377220781,1.0477572235141663,0.42350349211512134,0.8955723231114364
bbob_f008_i80_d20,8,80,20,3,direct,12,934.7438601149474,,1504.4328233006763,934.7438601149474,883.0785618776999,682.8030631992592,77.79647525454904,0.8808095468526868,1.012555352537217,0.9980611461663381,1.0492323161565227,0.39036832949351696,0.9018422445636647
bbob_f008_i80_d20,8,80,20,3,inject,12,934.7438601149474,,1504.4328233006763,934.7438601149474,883.0785618776999,678.8058488798482,132.96716509086195,0.8808095468526868,1.012555352537217,0.9976039664725148,1.0509963318342554,0.3257461401731686,0.9041780326744701
bbob_f009_i79_d20,9,79,20,0,pass,12,297.4351574577278,1420.856066124841,1420.856066124841,297.4351574577278,297.4351574577278,258.38871467700034,66.07457057760892,0.5219204645817799,0.9648185903106806,0.995353876659881,0.9980251699140681,0.3000340243783253,0.8901474057265691
bbob_f009_i79_d20,9,79,20,0,direct,12,297.4351574577278,,607.4927864733545,297.4351574577278,297.4351574577278,248.34822972651705,54.50637518919993,0.5259483046992277,0.9580750743752552,0.9944531069888329,1.0011536009857636,0.38046870887803286,0.8951533814288214
bbob_f009_i79_d20,9,79,20,0,inject,12,297.4351574577278,,607.4927864733545,297.4351574577278,297.4351574577278,297.4351574577278,52.34556595504624,0.6104112006182085,0.9599839961824713,0.9944012012718113,0.999849923558786,0.4232764358003947,0.9108238425360805
bbob_f009_i79_d20,9,79,20,1,pass,12,391.83200778615134,1032.1701483725456,1032.1701483725456,391.83200778615134,391.83200778615134,358.50283685725003,-10.276212791107554,0.7838707300967681,0.977289902839065,0.9954005107257484,1.034378609537284,0.2767916039703788,0.8844117062763334
bbob_f009_i79_d20,9,79,20,1,direct,12,391.83200778615134,,719.1125445376604,391.83200778615134,391.83200778615134,235.0428183799894,-10.333970532801459,0.721608492872265,0.9747789816543063,0.9941110891086824,1.0264913500483133,0.24323457242298044,0.8765300123611419
bbob_f009_i79_d20,9,79,20,1,inject,12,391.83200778615134,,719.1125445376604,391.83200778615134,391.83200778615134,391.60933118316257,5.136977262714652,0.6962084584977692,0.9784341368603051,0.9942115957878697,1.032587951737587,0.31854736227713026,0.8854737954400843
bbob_f009_i79_d20,9,79,20,2,pass,12,284.49737802894435,434.80858229589944,434.80858229589944,284.49737802894435,284.49737802894435,247.64651445917912,54.98145081667215,0.6865271030259592,0.9681918859252945,0.9967946876026491,1.0382752186983593,0.24588012547063565,0.8809306760335791
bbob_f009_i79_d20,9,79,20,2,direct,12,284.49737802894435,,274.01724682916057,274.01724682916057,274.01724682916057,273.6717371289355,11.338563546638127,0.4748140891755775,0.9619612724704533,0.995638723494194,1.0274053743574356,0.37105431737591726,0.8938327744297403
bbob_f009_i79_d20,9,79,20,2,inject,12,284.49737802894435,,274.01724682916057,274.01724682916057,274.01724682916057,243.47106837863686,52.27296629481732,0.4748140891755775,0.9619612724704533,0.9954142790477168,1.0271981785581061,0.3749141457842182,0.9010247909883585
bbob_f009_i79_d20,9,79,20,3,pass,12,1046.1768547852807,3181.2861769218803,3181.2861769218803,1046.1768547852807,1046.1768547852807,542.9393755322849,-3.5656812068333466,1.000818172472433,0.9604885572764783,0.995047448278359,1.0105576899131856,0.22813664703920514,0.8614091798210363
bbob_f009_i79_d20,9,79,20,3,direct,12,1046.1768547852807,,1713.4248780900598,1046.1768547852807,1046.1768547852807,612.3425440762783,-4.0208123792079675,0.9490681498231103,0.9537698146574946,0.9938462070519933,1.004960510743435,0.21022404452142995,0.8600154103356324
bbob_f009_i79_d20,9,79,20,3,inject,12,1046.1768547852807,,1713.4248780900598,1046.1768547852807,1046.1768547852807,550.9084208594129,10.87594937581109,0.9490681498231103,0.9537698146574946,0.9935605408034781,1.0075403111309058,0.23905588959491633,0.8656886114644023
bbob_f009_i80_d20,9,80,20,0,pass,12,183.78584079722575,1055.3771069801012,1055.3771069801012,183.78584079722575,183.78584079722575,183.78584079722575,98.199412788829,0.7206502159296013,0.9685134322265265,0.995471824557689,0.9991892560582398,0.22475010668961865,0.8816648273101407
bbob_f009_i80_d20,9,80,20,0,direct,12,183.78584079722575,,432.4717630868207,183.78584079722575,183.78584079722575,183.78584079722575,86.10733170603052,0.7292185826467874,0.9675225927730898,0.995258556004508,1.004210079556342,0.1789373381062315,0.8581553805537437
bbob_f009_i80_d20,9,80,20,0,inject,12,183.78584079722575,,432.4717630868207,183.78584079722575,183.78584079722575,183.78584079722575,85.4003955665747,0.6253521420591259,0.9536483172394081,0.9939803188653314,0.9996820100733235,0.1925547361615513,0.8639190347585488
bbob_f009_i80_d20,9,80,20,1,pass,12,802.4903378485416,748.0760473774418,748.0760473774418,748.0760473774418,373.8865665317318,344.5281567033318,98.76211519848496,0.9071714824805466,0.9401302525091543,0.9947534958253162,1.003978340538068,0.302840448640262,0.8897677986262295
bbob_f009_i80_d20,9,80,20,1,direct,12,802.4903378485416,,670.7070584460783,670.7070584460783,373.8865665317318,336.57921181490326,107.31351057352109,0.8635289877799858,0.93876851865214,0.9940521210549815,1.0054746321276347,0.3899194832727305,0.8889467216854063
bbob_f009_i80_d20,9,80,20,1,inject,12,802.4903378485416,,670.7070584460783,670.7070584460783,373.8865665317318,338.3585535348715,103.0333481595491,0.8660002913264558,0.9382474483339744,0.9940670796732848,1.0071822950035985,0.24550656624041028,0.8742057791270285
bbob_f009_i80_d20,9,80,20,2,pass,12,777.0635058435358,2169.129052451296,2169.129052451296,777.0635058435358,624.9758073797942,346.2144125239539,107.56471287324646,0.9180979126491762,0.9440436052493266,0.9952034074406296,1.0295149959788956,0.34257253132081983,0.8906091604361013
bbob_f009_i80_d20,9,80,20,2,direct,12,777.0635058435358,,1269.6710526446695,777.0635058435358,624.9758073797942,389.8798324240988,98.01005881804747,0.9180979126491762,0.9440436052493266,0.9952934381674277,1.0295541805548893,0.2420668899603419,0.8730089754922573
bbob_f009_i80_d20,9,80,20,2,inject,12,777.0635058435358,,1269.6710526446698,777.0635058435358,624.9758073797942,369.9579526565717,98.80430901415679,0.9180979126491762,0.9440436052493266,0.9951357863901953,1.02858969961439,0.32598404305129963,0.8852361615852204
bbob_f009_i80_d20,9,80,20,3,pass,12,519.7963106787724,429.8547112317897,429.8547112317897,429.8547112317897,429.8547112317897,186.70779762638819,84.94999107476092,0.932432003597917,0.9578931640575115,0.9974607839781593,0.9962707211150537,0.2018067297380914,0.8628448105083789
bbob_f009_i80_d20,9,80,20,3,direct,12,519.7963106787724,,339.36401101038257,339.36401101038257,339.36401101038257,271.7034815314445,92.01850216917295,0.7405098182062481,0.9412400356166675,0.9944261971919616,0.9956525601330548,0.2263504268381893,0.8701695705007918
bbob_f009_i80_d20,9,80,20,3,inject,12,519.7963106787724,,339.36401101038257,339.36401101038257,339.36401101038257,189.03872882740345,95.02060252772824,0.9549459046413206,0.9613115827589852,0.9950160876423835,0.9959423796310644,0.2896545483442942,0.8716640799184003
bbob_f010_i79_d20,10,79,20,0,pass,12,195347.82913438632,601804.0457206124,601804.0457206124,195347.82913438632,195347.82913438632,195347.82913438632,74089.73404425434,2.268022896977746,1.0076272508635364,1.0015523473552492,1.038429604467212,0.4563516337066331,0.9506647078974088
bbob_f010_i79_d20,10,79,20,0,direct,12,195347.82913438632,,256759.39350887632,195347.82913438632,195347.82913438632,195347.82913438632,77405.96476512997,1.6153414736019136,1.0015469978331382,0.9991187853198132,1.0418971889089574,0.495830496844813,0.9612949877310595
bbob_f010_i79_d20,10,79,20,0,inject,12,195347.82913438632,,256759.39350887632,195347.82913438632,195347.82913438632,178635.98116064104,60330.12707633877,1.9045811605669571,1.020070002883519,1.0010345413310275,1.0481715612444256,0.6097216277291277,0.9704335552320521
bbob_f010_i79_d20,10,79,20,1,pass,12,174215.16073719933,158038.07186068143,158038.07186068143,158038.07186068143,120550.00873048841,104155.70896001859,15944.54235882566,1.1831503518154534,1.024877761933439,0.9989300363761968,1.0699170233990012,0.4218903239700785,0.9373835037488324
bbob_f010_i79_d20,10,79,20,1,direct,12,174215.16073719933,,94845.36133015671,94845.36133015671,94845.36133015671,42946.65248622217,11920.640515742612,0.8720553861664126,1.0081943824302375,0.99615213348753,1.0529325749558518,0.6359796284531758,0.9791912789905002
bbob_f010_i79_d20,10,79,20,1,inject,12,174215.16073719933,,94845.36133015671,94845.36133015671,94845.36133015671,59966.181967090364,59966.181967090364,1.1279369622155317,1.0258080684402764,0.9965720301354182,1.0556665126546494,0.5683928793972484,0.9563282761949151
bbob_f010_i79_d20,10,79,20,2,pass,12,137705.11055112162,464100.5877077724,464100.5877077724,137705.11055112162,137705.11055112162,137705.11055112162,47044.383372082906,1.2246376639904981,0.9263491882450511,0.9965728647796364,1.0182703839974794,0.6257069473543125,0.9844370645391807
bbob_f010_i79_d20,10,79,20,2,direct,12,137705.11055112162,,262850.07926648756,137705.11055112162,137705.11055112162,97441.53166796478,35130.86971142164,1.2187550100897326,0.924906114486018,0.996160123009018,1.0158189593330453,0.6090085499385808,0.979217643208045
bbob_f010_i79_d20,10,79,20,2,inject,12,137705.11055112162,,262850.07926648756,137705.11055112162,137705.11055112162,127251.4343570623,77404.26235501698,1.2187550100897326,0.924906114486018,0.995758542658396,1.0187371732143875,0.5797548472083426,0.9779598642439536
bbob_f010_i79_d20,10,79,20,3,pass,12,371834.70351799653,598024.0605838565,598024.0605838565,371834.70351799653,371834.70351799653,371834.70351799653,62536.67506169321,1.7017352495680846,1.0509110568650886,1.0015961174434325,1.045073608507823,0.504432749672351,0.9649538790464819
bbob_f010_i79_d20,10,79,20,3,direct,12,371834.70351799653,,355660.84411202226,355660.84411202226,355660.84411202226,276177.2386180038,81697.4453360303,1.150174605775853,1.0458275279241067,0.9987892243536661,1.0515833599761342,0.541555318071059,0.9701135374995521
bbob_f010_i79_d20,10,79,20,3,inject,12,371834.70351799653,,355660.84411202226,355660.84411202226,355660.84411202226,355660.84411202226,131859.6326259924,1.298823931039614,1.0541191839129438,0.9991929839847522,1.0571013625244245,0.6461244613435104,0.9813799171207616
bbob_f010_i80_d20,10,80,20,0,pass,12,359787.4437570802,912897.7204350933,912897.7204350933,359787.4437570802,299298.7470487755,243672.04732264497,74373.58775108046,1.6937500256133975,0.9658911902448287,0.9964361838507038,1.00772076947206,0.4643017159486144,0.9587628519844892
bbob_f010_i80_d20,10,80,20,0,direct,12,359787.4437570802,,337913.50007082254,337913.50007082254,299298.7470487755,212768.27595772984,124881.7133171134,1.5573840716461875,0.9602317434582028,0.9952928674895711,1.0105122921586898,0.7121396463779849,0.9724553623442228
bbob_f010_i80_d20,10,80,20,0,inject,12,359787.4437570802,,337913.50007082254,337913.50007082254,299298.7470487755,237485.45188039428,88588.17541306488,1.4547050345842247,0.9494619399935065,0.9950671720091331,1.007572063156027,0.5483778156821104,0.9632083365228837
bbob_f010_i80_d20,10,80,20,1,pass,12,257517.27370970734,548947.8723600706,548947.8723600706,257517.27370970734,257517.27370970734,257517.27370970734,60798.09026241632,1.566035552555206,0.9844525686744656,0.997800897871863,1.030560499465007,0.3971250267846622,0.939453662285058
bbob_f010_i80_d20,10,80,20,1,direct,12,257517.27370970734,,396689.19067629543,257517.27370970734,257517.27370970734,257517.27370970734,86737.95255490571,1.252158653956931,0.9773217381156646,0.9958103227245148,1.0343575390664201,0.5416440903842448,0.9840042489992985
bbob_f010_i80_d20,10,80,20,1,inject,12,257517.27370970734,,396689.19067629543,257517.27370970734,257517.27370970734,231737.10835273602,115238.77311065281,1.6441039064660763,0.9871073290535166,0.9956402707907382,1.0256329139525948,0.5974729709667346,0.9769360949556177
bbob_f010_i80_d20,10,80,20,2,pass,12,200944.47034621346,1029978.948042667,1029978.948042667,200944.47034621346,200944.47034621346,200944.47034621346,62513.28139619998,2.1649817011713006,0.9637323198483805,0.9969781485999112,1.0403077888515806,0.4601969745714538,0.9573026361767226
bbob_f010_i80_d20,10,80,20,2,direct,12,200944.47034621346,,632829.4326661102,200944.47034621346,200944.47034621346,200944.47034621346,93070.05203218023,1.9592006189173121,0.9698183503154512,0.9971208211803398,1.0412794952331073,0.6463689800724263,0.970772768153584
bbob_f010_i80_d20,10,80,20,2,inject,12,200944.47034621346,,632829.4326661102,200944.47034621346,200944.47034621346,200944.47034621346,84675.76620556532,1.9592006189173121,0.9698183503154512,0.9967049863562774,1.0447193472763527,0.5509573407694802,0.9574758388114565
bbob_f010_i80_d20,10,80,20,3,pass,12,300901.2924665708,726850.4265048514,726850.4265048514,300901.2924665708,300901.2924665708,134100.5637363739,40064.98793832084,1.686502722592428,0.9455568382507732,0.9971906121222277,1.0091135359701502,0.5333238606167924,0.9578201672963167
bbob_f010_i80_d20,10,80,20,3,direct,12,300901.2924665708,,415562.647208691,300901.2924665708,300901.2924665708,300901.2924665708,27744.889116688926,1.6145722141833032,0.947519751099888,0.99642173029509,1.0093627810104,0.6457543806589413,0.9771958142948579
bbob_f010_i80_d20,10,80,20,3,inject,12,300901.2924665708,,415562.647208691,300901.2924665708,300901.2924665708,168412.78943200115,17584.579354189227,1.6145722141833032,0.947519751099888,0.996292989691974,1.0067144197209266,0.3265443746076417,0.9455190547820626
bbob_f011_i79_d20,11,79,20,0,pass,12,173.0001359524776,445018.72667356016,445018.72667356016,173.0001359524776,173.0001359524776,173.0001359524776,152.74377796349026,2.028977086771296,1.0133049426193146,1.0022006743414138,1.0427939535372408,0.5982081343515062,0.9914179850494779
bbob_f011_i79_d20,11,79,20,0,direct,12,173.0001359524776,,163834.04644245826,173.0001359524776,173.0001359524776,173.0001359524776,173.0001359524776,2.028977086771296,1.0133049426193146,1.0023329293296848,1.046238397238631,0.5754994609123542,0.9832771178578962
bbob_f011_i79_d20,11,79,20,0,inject,12,173.0001359524776,,163834.04644245826,173.0001359524776,173.0001359524776,173.0001359524776,137.10051233856487,2.0689446330983206,1.0134451139942158,1.0024263088410375,1.0420106661966009,0.4929355965370833,0.9688357640746704
bbob_f011_i79_d20,11,79,20,1,pass,12,176.22100308072228,213092.8184781231,213092.8184781231,176.22100308072228,176.22100308072228,176.22100308072228,176.22100308072228,1.7825926394358655,0.956683833350002,0.9964513661899449,1.0767199783541765,0.42863087850825465,0.9700176056665013
bbob_f011_i79_d20,11,79,20,1,direct,12,176.22100308072228,,61122.7643299448,176.22100308072228,176.22100308072228,176.22100308072228,176.22100308072228,1.8644575657194113,0.9639031817776805,0.9960212015225741,1.0784492335559857,0.5322816578217243,0.9782280745536482
bbob_f011_i79_d20,11,79,20,1,inject,12,176.22100308072228,,61122.7643299448,176.22100308072228,176.22100308072228,176.22100308072228,176.22100308072228,1.8644575657194113,0.9639031817776805,0.9957743991365504,1.0777514891226911,0.3803436203258152,0.9519158583000693
bbob_f011_i79_d20,11,79,20,2,pass,12,201.15232964605394,234856.4576272644,234856.4576272644,201.15232964605394,201.15232964605394,201.15232964605394,198.55438923897972,2.262761682177759,0.995595517686944,0.9980319779464082,1.0106289763371539,0.8091863942989392,1.000180798168496
bbob_f011_i79_d20,11,79,20,2,direct,12,201.15232964605394,,88676.6931983831,201.15232964605394,201.15232964605394,201.15232964605394,182.6203438258886,2.2829090817871234,0.9979544222070335,0.9982174918830192,1.0091651891059492,0.7860445927151022,1.0004266206017942
bbob_f011_i79_d20,11,79,20,2,inject,12,201.15232964605394,,88676.6931983831,201.15232964605394,201.15232964605394,201.15232964605394,201.15232964605394,1.9118825943715452,0.9987087533580068,0.9969316351780559,1.0116253005477474,0.5675160587861854,0.9784359907495624
bbob_f011_i79_d20,11,79,20,3,pass,12,224.81511392344117,56072.31311809611,56072.31311809611,224.81511392344117,224.81511392344117,224.81511392344117,203.7217919833379,2.016287465612004,0.9542342803869016,0.9959334531155023,1.025084100429848,0.6161384805146971,1.0042042201925045
bbob_f011_i79_d20,11,79,20,3,direct,12,224.81511392344117,,7511.126505656743,224.81511392344117,224.81511392344117,224.81511392344117,123.5116213172388,1.636188199950453,0.9610304248578548,0.9944400376154965,1.0211576259642072,0.6811212028009328,0.9983363873439582
bbob_f011_i79_d20,11,79,20,3,inject,12,224.81511392344117,,7511.126505656743,224.81511392344117,224.81511392344117,224.81511392344117,102.46323288738628,2.252048928256916,0.9586816396855291,0.9939915286277363,1.0208125424678605,0.7554794983307493,1.0004538229633582
bbob_f011_i80_d20,11,80,20,0,pass,12,563.2109882038748,3309112.3152271975,3309112.3152271975,563.2109882038748,563.2109882038748,563.2109882038748,563.2109882038748,2.6585598982955343,1.0084318412632534,1.0009686874835153,1.0669529698969278,0.5071302785298692,0.9750485221341092
bbob_f011_i80_d20,11,80,20,0,direct,12,563.2109882038748,,792759.7221711578,563.2109882038748,563.2109882038748,563.2109882038748,457.53834870076776,2.6585598982955343,1.0084318412632534,1.0010343305120528,1.0699611875567276,0.6329011947477423,0.9655818400731458
bbob_f011_i80_d20,11,80,20,0,inject,12,563.2109882038748,,792759.7221711621,563.2109882038748,563.2109882038748,563.2109882038748,506.9053321034394,2.6585598982955343,1.0084318412632534,1.0008806751193096,1.0643022718549195,0.4951267535880761,0.9614234365652472
bbob_f011_i80_d20,11,80,20,1,pass,12,680.4990329477515,23015.13539924314,23015.13539924314,680.4990329477515,680.4990329477515,680.4990329477515,563.6876553515502,1.3457569923025392,0.9782175067084503,0.9972651289760417,1.040130569423431,0.604822724039883,0.9822309412638071
bbob_f011_i80_d20,11,80,20,1,direct,12,680.4990329477515,,4952.071750709481,680.4990329477515,680.4990329477515,680.4990329477515,533.4012492010047,1.113968772975397,0.9800489979674268,0.9958294991937751,1.0423267623037622,0.5755757900876308,0.9756146788581735
bbob_f011_i80_d20,11,80,20,1,inject,12,680.4990329477515,,4952.071750709481,680.4990329477515,680.4990329477515,651.5622009053687,615.5123199653706,1.2353797564996618,0.988194166691395,0.9957013553854767,1.039483498160507,0.5250767978871299,0.9810579459469768
bbob_f011_i80_d20,11,80,20,2,pass,12,491.3391731035158,2038500.5624764943,2038500.5624764943,491.3391731035158,491.3391731035158,491.3391731035158,491.3391731035158,1.7752515669982734,1.01241471696598,0.9986240043609964,1.0420183922020951,0.639963143841583,0.9741262083162125
bbob_f011_i80_d20,11,80,20,2,direct,12,491.3391731035158,,513199.8752499257,491.3391731035158,491.3391731035158,491.3391731035158,464.8655268854525,1.7752515669982734,1.01241471696598,0.9988898396769212,1.047499858372113,0.5974003952618058,0.9584212272960367
bbob_f011_i80_d20,11,80,20,2,inject,12,491.3391731035158,,513199.8752499262,491.3391731035158,491.3391731035158,491.3391731035158,491.3391731035158,1.8804189680207732,1.0219635388806372,0.9987446512242005,1.04221988027733,0.626531991892392,0.9604272963056637
bbob_f011_i80_d20,11,80,20,3,pass,12,484.22515667678135,7990.141273456594,7990.141273456594,484.22515667678135,484.22515667678135,484.22515667678135,464.90371089168093,2.249086468447411,0.9913754784394616,0.9992720113450396,1.0119748273572688,0.5792824924122701,0.9711625350310915
bbob_f011_i80_d20,11,80,20,3,direct,12,484.22515667678135,,1900.0200360906556,484.22515667678135,484.22515667678135,484.22515667678135,436.35336798195215,1.7521323572403773,1.0046881200909465,0.9974488987365044,1.010581678646057,0.47858539176315773,0.9725388159148651
bbob_f011_i80_d20,11,80,20,3,inject,12,484.22515667678135,,1900.0200360906556,484.22515667678135,484.22515667678135,484.22515667678135,484.22515667678135,2.165004839465937,0.97645025764098,0.9954131643117734,1.0095144220672239,0.9538915670152242,1.0019885083476148
bbob_f012_i79_d20,12,79,20,0,pass,12,2379949.14574446,9344459.963645749,9344459.963645749,2379949.14574446,2379949.14574446,1920265.0829434684,122106.22396706212,1.1139731906792698,0.9488906708506738,0.994867628204578,1.002419107469295,0.19583480834851386,0.852083115677022
bbob_f012_i79_d20,12,79,20,0,direct,12,2379949.14574446,,3444003.1386130326,2379949.14574446,2379949.14574446,2379949.14574446,152646.3195211029,0.9749919389438214,0.932791936827157,0.9935802479695497,1.0046352506325562,0.2223349784117953,0.8659828865368686
bbob_f012_i79_d20,12,79,20,0,inject,12,2379949.14574446,,3444003.1386130326,2379949.14574446,2379949.14574446,1930887.7598409813,76829.32613109284,0.9749919389438214,0.932791936827157,0.9934375554718334,1.0033848221767694,0.18016043687269506,0.8553885958883009
bbob_f012_i79_d20,12,79,20,1,pass,12,3196797.130581309,6922459.575847491,6922459.575847491,3196797.130581309,2467361.02833584,2017981.867820278,216712.15494798412,1.2064018273699317,0.9261495210253656,0.9934505413361615,0.9872931684939309,0.2324970072310914,0.8635203008648111
bbob_f012_i79_d20,12,79,20,1,direct,12,3196797.130581309,,3924273.528460246,3196797.130581309,2467361.02833584,2372316.1777678207,165644.26458045765,1.1869117700425051,0.923800717611911,0.9925374937942574,0.9891177819120859,0.24840078925350273,0.8721794430303207
bbob_f012_i79_d20,12,79,20,1,inject,12,3196797.130581309,,3924273.528460246,3196797.130581309,3196797.130581309,2467361.02833584,272506.6191255357,1.1869117700425051,0.923800717611911,0.9923422050660232,0.9856045312228863,0.23969591818425723,0.8701541277630035
bbob_f012_i79_d20,12,79,20,2,pass,12,4251099.14062721,11165853.301153896,11165853.301153896,4251099.14062721,4251099.14062721,2147290.8028408415,159155.29714494068,0.9761217210406056,0.9285793815480641,0.9945560475516837,1.0330619985103864,0.2071679500134532,0.8636332833885215
bbob_f012_i79_d20,12,79,20,2,direct,12,4251099.14062721,,5683140.451168808,4251099.14062721,4251099.14062721,2555115.5050373375,66548.74144775717,0.9768332942286088,0.9285070535743337,0.9951065892665087,1.0382718993905873,0.16066173108092624,0.8593788864079284
bbob_f012_i79_d20,12,79,20,2,inject,12,4251099.14062721,,5683140.451168808,4251099.14062721,4251099.14062721,3272124.5373389064,97250.80288765176,0.9768332942286088,0.9285070535743337,0.9945460020680774,1.034775455511638,0.19783187976970348,0.8616459543163045
bbob_f012_i79_d20,12,79,20,3,pass,12,2915946.409052646,6637240.154101202,6637240.154101202,2915946.409052646,2915946.409052646,1807991.366535194,126265.29003775227,0.8502594445323337,0.9548202982117574,0.9941291662130309,0.9965490683180191,0.20248874472358191,0.859321393249781
bbob_f012_i79_d20,12,79,20,3,direct,12,2915946.409052646,,4491872.411714517,2915946.409052646,2915946.409052646,2776231.4940643343,97815.38050891251,0.701216045949321,0.9484415062011372,0.9927783429376681,0.9946578505647329,0.17824949765278755,0.848131579872722
bbob_f012_i79_d20,12,79,20,3,inject,12,2915946.409052646,,4491872.411714517,2915946.409052646,2915946.409052646,2541060.8344436707,61058.125563513684,0.701216045949321,0.9484415062011372,0.9926290876640111,0.9965522666914037,0.17018855749195907,0.8533663736065319
bbob_f012_i80_d20,12,80,20,0,pass,12,4708937.348558834,17248401.683606777,17248401.683606777,4708937.348558834,4708937.348558834,3514303.5500682676,331682.26646189607,0.9280465608295826,0.9337076435382128,0.9940439335685007,0.996530092610371,0.2916670830396411,0.8755577406442173
bbob_f012_i80_d20,12,80,20,0,direct,12,4708937.348558834,,9803308.110049866,4708937.348558834,4708937.348558834,4045936.7286311802,189477.59488340752,0.9181438597582408,0.9346575015266695,0.9940832173901918,0.998689800353426,0.24626620227620677,0.8735526872979658
bbob_f012_i80_d20,12,80,20,0,inject,12,4708937.348558834,,9803308.110049866,4708937.348558834,4708937.348558834,3268135.4004669525,90952.41961324208,0.8685377290547708,0.9349995786089788,0.9939994895165701,0.9971943810122519,0.1526028019561226,0.8585205928711839
bbob_f012_i80_d20,12,80,20,1,pass,12,3364360.279004372,4297071.291520108,4297071.291520108,3364360.279004372,3364360.279004372,2569795.2978310976,182624.07755958324,1.0029543288109737,0.9542211030878097,0.9951591367972429,1.0445445512375933,0.25531462125037324,0.8821459660013399
bbob_f012_i80_d20,12,80,20,1,direct,12,3364360.279004372,,3160133.553451348,3160133.553451348,3160133.553451348,2297415.628964086,66959.38948674042,0.7851875736359102,0.9452561121656529,0.9930798007039583,1.0329267801669857,0.16748598996319855,0.8474411186429237
bbob_f012_i80_d20,12,80,20,1,inject,12,3364360.279004372,,3160133.553451348,3160133.553451348,3160133.553451348,3160133.553451348,102127.60591804147,1.002658135436961,0.9589950705159563,0.9932902683334617,1.03204407090307,0.19975082806706806,0.8649720337368668
bbob_f012_i80_d20,12,80,20,2,pass,12,2494911.4493815806,5520015.720248656,5520015.720248656,2494911.4493815806,1727817.2863655002,871141.0195401225,49804.23019793621,0.6119060695567518,0.9303084053965106,0.9933626950391673,1.0028080583646708,0.15489910262691442,0.8517855925578616
bbob_f012_i80_d20,12,80,20,2,direct,12,2494911.4493815806,,3166614.8921903432,2494911.4493815806,1727817.2863655002,1522537.7471560368,68364.95135916276,0.606686986743594,0.9343513517721665,0.9936432749988933,1.0085497335810374,0.17375138762674636,0.863029708155593
bbob_f012_i80_d20,12,80,20,2,inject,12,2494911.4493815806,,3166614.8921903432,2494911.4493815806,2494911.4493815806,1452751.7839321154,47727.80284198726,0.606686986743594,0.9343513517721665,0.9933228671192669,1.0023630554666512,0.16620370398297774,0.8577383093164977
bbob_f012_i80_d20,12,80,20,3,pass,12,9170134.137547253,12479045.459907824,12479045.459907824,9170134.137547253,3833105.640856201,3833105.640856201,272626.3915799938,1.4115654666377944,0.9510922556963685,0.9949752526215033,1.0088308776543797,0.20586180859346903,0.8638741694254289
bbob_f012_i80_d20,12,80,20,3,direct,12,9170134.137547253,,7955063.118357349,7955063.118357349,3833105.640856201,2859683.8283902165,80395.6011054661,1.3228561132655197,0.9555034956988371,0.9945491121903565,1.0061686691810734,0.13964118167677353,0.8455347336123519
bbob_f012_i80_d20,12,80,20,3,inject,12,9170134.137547253,,7955063.118357349,7955063.118357349,3833105.640856201,3833105.640856201,140706.21371159522,1.3228561132655197,0.9555034956988371,0.9944183724471426,1.0075931337743962,0.17049301205312495,0.8493308410509977
bbob_f013_i79_d20,13,79,20,0,pass,12,155.1457614553004,472.6628181672446,472.6628181672446,155.1457614553004,155.1457614553004,127.56683837223622,-114.12168244175751,0.7174895477192547,0.9430693581213058,0.9935779949224186,0.997064410411777,0.26433015040328606,0.878519172403504
bbob_f013_i79_d20,13,79,20,0,direct,12,155.1457614553004,,242.7924098235604,155.1457614553004,155.1457614553004,-12.813329617754789,-124.71652251096695,0.7306240592211226,0.9500852870210096,0.9936081294119824,0.9986061201459838,0.272271535512978,0.8870876441541774
bbob_f013_i79_d20,13,79,20,0,inject,12,155.1457614553004,,242.7924098235604,155.1457614553004,155.1457614553004,153.57805396100932,-132.56042288225314,0.7434423750701639,0.9505038828991015,0.9935580914535412,0.9967400763569516,0.21950530076292518,0.8723601158139829
bbob_f013_i79_d20,13,79,20,1,pass,12,107.99936817998955,210.70895889257073,210.70895889257073,107.99936817998955,99.01787666465796,9.194010161702352,-148.18925870227415,0.7085492334099011,0.9569375566430495,0.9946668586471412,1.0338273859048428,0.23611161182005647,0.8769138117242363
bbob_f013_i79_d20,13,79,20,1,direct,12,107.99936817998955,,150.55457820714034,107.99936817998955,99.01787666465796,38.41549872642506,-136.9821163704887,0.6970910769811437,0.9571183792581924,0.9944519147818155,1.0310398532483696,0.262084029555717,0.8843866602308044
bbob_f013_i79_d20,13,79,20,1,inject,12,107.99936817998955,,150.55457820714034,107.99936817998955,99.01787666465796,44.073783379348214,-147.54817640060412,0.6777130057488737,0.9615724091458263,0.9943617029671863,1.032973560726743,0.2461450940970723,0.8838330606593757
bbob_f013_i79_d20,13,79,20,2,pass,12,101.57979621995062,243.69268543943994,243.69268543943994,101.57979621995062,101.57979621995062,95.67622088897966,-124.63620537692469,0.8423868147146539,0.9517841108138363,0.9951550756839876,1.0321379688012453,0.220869582764758,0.8805342676660853
bbob_f013_i79_d20,13,79,20,2,direct,12,101.57979621995062,,142.59748866782357,101.57979621995062,101.57979621995062,101.57979621995062,-116.11180476263021,0.5930639024626146,0.9364745738803184,0.9943813186698348,1.037344989069321,0.28820559308882115,0.8981329910294493
bbob_f013_i79_d20,13,79,20,2,inject,12,101.57979621995062,,142.59748866782357,101.57979621995062,101.57979621995062,101.57979621995062,-121.97532122560544,0.5930639024626146,0.9364745738803184,0.9939441155564777,1.0319459579944075,0.2750268141011923,0.8829161603310836
bbob_f013_i79_d20,13,79,20,3,pass,12,153.18626166111764,164.32476275400418,164.32476275400418,153.18626166111764,138.54446479349983,106.57798369745015,-123.59127335979483,0.8592778482664284,0.9521493342666821,0.9945100704415718,1.0096546404180338,0.22392639389700358,0.8729694515757781
bbob_f013_i79_d20,13,79,20,3,direct,12,153.18626166111764,,158.12415154273967,153.18626166111764,138.54446479349983,89.18860214591191,-118.72989075427229,0.8085548072901316,0.9573377676727289,0.9934072531218449,1.0152254592611527,0.2508407191723548,0.87439095247363
bbob_f013_i79_d20,13,79,20,3,inject,12,153.18626166111764,,158.12415154273967,153.18626166111764,138.54446479349983,129.46111692707458,-141.7970726317502,0.9680527491608665,0.9618711295334481,0.9937602070307946,1.0095390635174462,0.21392621256611125,0.8643998695885614
bbob_f013_i80_d20,13,80,20,0,pass,12,441.60358022505807,580.2611792867835,580.2611792867835,441.60358022505807,441.60358022505807,385.31412727567533,47.20427427315443,0.9551439300071056,0.9528316420034659,0.995107883153289,1.0031136903427265,0.2811220051772325,0.8940376904428302
bbob_f013_i80_d20,13,80,20,0,direct,12,441.60358022505807,,454.0796161413386,441.60358022505807,441.60358022505807,439.76248754501023,98.30458978504336,0.9092318544828418,0.9623961314861497,0.9949225846019008,1.0040022010109295,0.31947107160804433,0.8836918594228775
bbob_f013_i80_d20,13,80,20,0,inject,12,441.60358022505807,,454.0796161413386,441.60358022505807,441.60358022505807,394.28863776173574,76.45940464732993,0.8815313033564248,0.9667018393321688,0.9947942635651622,1.0012885788645276,0.3925234886524847,0.8966120010810479
bbob_f013_i80_d20,13,80,20,1,pass,12,366.6948999644999,424.4124595350318,424.4124595350318,366.6948999644999,357.8380596691937,291.6506573713664,42.98152781639768,0.8898137547482352,0.9637675467021177,0.9955442301771334,1.0428731470997277,0.28656074366898837,0.8861805513839527
bbob_f013_i80_d20,13,80,20,1,direct,12,366.6948999644999,,368.2353053776216,366.6948999644999,357.8380596691937,259.93571919304316,21.036779483514387,0.8496206094913606,0.965262369384613,0.9944750665596449,1.0387560244613843,0.28769167674074525,0.8915582578908187
bbob_f013_i80_d20,13,80,20,1,inject,12,366.6948999644999,,368.2353053776216,366.6948999644999,357.8380596691937,257.5270686448418,39.335738837064774,0.8496206094913606,0.965262369384613,0.9942750603212395,1.037883531788336,0.27501748685548777,0.8904472767437537
bbob_f013_i80_d20,13,80,20,2,pass,12,235.9179076576821,487.2118161466268,487.2118161466268,235.9179076576821,235.9179076576821,235.9179076576821,38.647280354199886,1.0602631351218563,0.9868992836434362,0.9976780290648466,1.065357426639299,0.25240751401603967,0.8870034077280109
bbob_f013_i80_d20,13,80,20,2,direct,12,235.9179076576821,,291.01497643082496,235.9179076576821,235.9179076576821,235.9179076576821,24.76212431723676,0.7492689641974003,0.9760057406848706,0.99669010723374,1.0651928461976374,0.25252074222129417,0.8977863810523167
bbob_f013_i80_d20,13,80,20,2,inject,12,235.9179076576821,,291.01497643082496,235.9179076576821,235.9179076576821,235.9179076576821,44.71848446487645,0.7492689641974003,0.9760057406848706,0.9962082966739317,1.064316900834912,0.2532641264323645,0.8931268381535443
bbob_f013_i80_d20,13,80,20,3,pass,12,543.5130355246761,606.7926893194177,606.7926893194177,543.5130355246761,507.6037728039347,347.16316236221076,70.70924327753485,1.2138572606575238,0.9368294410296922,0.9943295445306681,0.9924370797295102,0.22148246131171254,0.8702297327687585
bbob_f013_i80_d20,13,80,20,3,direct,12,543.5130355246761,,464.7046396922931,464.7046396922931,464.7046396922931,357.7149765188875,60.696672032529925,1.1063022210158255,0.9394788083975754,0.9929299136825196,0.9890240116909349,0.25799354568639166,0.8715915750940548
bbob_f013_i80_d20,13,80,20,3,inject,12,543.5130355246761,,464.7046396922931,464.7046396922931,464.7046396922931,282.7270885784414,30.60261172575111,1.2011085080591302,0.9454528385118026,0.9929596968943017,0.9929706291364017,0.16655643179897803,0.8600343780498444
bbob_f014_i79_d20,14,79,20,0,pass,12,29.91954245050242,32.32521034426527,32.32521034426527,29.91954245050242,29.775731842529943,29.31102042641652,28.302105342130908,0.8194679550949064,0.9325052248025256,0.9937137636318648,1.0101884746908951,0.18882893047676083,0.8612183899362309
bbob_f014_i79_d20,14,79,20,0,direct,12,29.91954245050242,,29.985435136883943,29.91954245050242,29.775731842529943,28.882411416319457,28.295946711231657,0.8134539652457506,0.935599251614541,0.9936495468422775,1.012407149758188,0.21808415296056788,0.8650649337180194
bbob_f014_i79_d20,14,79,20,0,inject,12,29.91954245050242,,29.985435136883943,29.91954245050242,29.775731842529943,29.19606764438906,28.30880154030899,0.8134539652457506,0.935599251614541,0.9935687126567179,1.0093538334895624,0.2221740481145169,0.8667760895938678
bbob_f014_i79_d20,14,79,20,1,pass,12,32.09561328762189,34.14645174625148,34.14645174625148,32.09561328762189,32.09561328762189,30.842597061170945,28.56402366392835,1.352535431610127,0.9999842772800066,0.9969252639516002,1.0447740932332858,0.2680861127145401,0.8685091569843446
bbob_f014_i79_d20,14,79,20,1,direct,12,32.09561328762189,,33.092375186090294,32.09561328762189,32.09561328762189,30.983201974564476,28.504926148762472,1.4228416771063426,1.0093714696059781,0.9967593870162413,1.0507897760256977,0.3119893967759779,0.8793143479174489
bbob_f014_i79_d20,14,79,20,1,inject,12,32.09561328762189,,33.092375186090294,32.09561328762189,32.09561328762189,30.62305259339309,28.58734271661804,1.4228416771063426,1.0093714696059781,0.9966014216351946,1.0451217614021426,0.3079899405101369,0.8838384685338545
bbob_f014_i79_d20,14,79,20,2,pass,12,31.51669723558364,36.2198050705875,36.2198050705875,31.51669723558364,31.51669723558364,31.51669723558364,28.626203287839555,1.6848909999531105,0.9611800937443284,0.996261084348852,1.0195885147259913,0.25302746920267355,0.8676811970746265
bbob_f014_i79_d20,14,79,20,2,direct,12,31.51669723558364,,32.427072773317214,31.51669723558364,31.51669723558364,30.30950335645206,28.61133915374947,1.3379937553068484,0.9568953030987146,0.9955304990451703,1.0247989644843156,0.2643960089979325,0.8750824293579219
bbob_f014_i79_d20,14,79,20,2,inject,12,31.51669723558364,,32.427072773317214,31.51669723558364,31.51669723558364,30.40209852834655,28.423303171333075,1.2564845917841656,0.9626231211219578,0.9947887493627545,1.0213721407875882,0.21905274769873376,0.862174339870503
bbob_f014_i79_d20,14,79,20,3,pass,12,31.356497273451197,32.42592150020298,32.42592150020298,31.356497273451197,31.356497273451197,30.129670984770325,28.481545406968127,1.3615112143309007,1.0478771663251645,1.001346035642925,1.075043663201556,0.3001280422990491,0.8660847923515187
bbob_f014_i79_d20,14,79,20,3,direct,12,31.356497273451197,,31.44578970625969,31.356497273451197,31.356497273451197,30.389393041207747,28.408739164849262,1.1265853985404546,1.0309586006573408,0.9987116924887174,1.0612645066640247,0.32890345587624803,0.8830427820408288
bbob_f014_i79_d20,14,79,20,3,inject,12,31.356497273451197,,31.44578970625969,31.356497273451197,31.356497273451197,30.128607731243477,28.597759413096327,1.1724154718109576,1.0331018217466377,0.9987208841015367,1.0656043098563197,0.31904121922866313,0.8771025111608345
bbob_f014_i80_d20,14,80,20,0,pass,12,-96.42666448473545,-94.72914961107016,-94.72914961107016,-96.42666448473545,-96.42666448473545,-97.5827867832138,-99.08937726210927,1.3119364969162557,0.9519875030967554,0.9985089751697555,1.0156125527836881,0.25671830385884886,0.870277892984011
bbob_f014_i80_d20,14,80,20,0,direct,12,-96.42666448473545,,-96.06056759199717,-96.42666448473545,-96.42666448473545,-97.90823562141877,-99.00713233670754,1.3507459472547318,0.977335947538118,0.9981311829521698,1.012335289131864,0.259147231498226,0.8743530558804049
bbob_f014_i80_d20,14,80,20,0,inject,12,-96.42666448473545,,-96.06056759199717,-96.42666448473545,-96.42666448473545,-97.02403404180717,-99.09402853403891,1.502494670560892,0.98948146620061,0.9985267046052659,1.0162231713305732,0.1813476124279036,0.8542476893586838
bbob_f014_i80_d20,14,80,20,1,pass,12,-98.21882758624221,-96.11699966085816,-96.11699966085816,-98.21882758624221,-98.21882758624221,-98.302080168419,-99.13495561788207,1.097550030092324,0.9255024329275588,0.9940556328738319,1.0477586719297265,0.16822432673155333,0.8500590955368538
bbob_f014_i80_d20,14,80,20,1,direct,12,-98.21882758624221,,-97.63659969507053,-98.21882758624221,-98.21882758624221,-98.21882758624221,-99.17407963203983,0.9597373585979423,0.9216914429661663,0.9931551106718316,1.0449792545793877,0.19133202548267383,0.8556863658697215
bbob_f014_i80_d20,14,80,20,1,inject,12,-98.21882758624221,,-97.63659969507053,-98.21882758624221,-98.21882758624221,-98.46673394986163,-99.1692430515968,0.9597373585979423,0.9216914429661663,0.9931718069022432,1.0458651352498434,0.21208269823325124,0.8598984753241549
bbob_f014_i80_d20,14,80,20,2,pass,12,-97.77079780039296,-96.07315117389739,-96.07315117389739,-97.77079780039296,-97.85252082804925,-98.00610736147587,-99.12144934552207,1.024679623996405,0.9666839694933,0.9966309194835699,1.0077302486001203,0.22709464542046903,0.8718820600964031
bbob_f014_i80_d20,14,80,20,2,direct,12,-97.77079780039296,,-97.75014448779572,-97.77079780039296,-97.85252082804925,-98.09183928824478,-99.13907848240109,0.9165055909468687,0.9660178071779043,0.9962122261624184,1.0172931225893302,0.20837889453492142,0.8592377546948969
bbob_f014_i80_d20,14,80,20,2,inject,12,-97.77079780039296,,-97.75014448779572,-97.77079780039296,-97.85252082804925,-98.04775665797149,-99.12303858111811,0.8783241871771597,0.9613231749839136,0.9953871264018057,1.01190475370375,0.20015997145032127,0.8716862752002555
bbob_f014_i80_d20,14,80,20,3,pass,12,-95.99610876821853,-94.3527874843716,-94.3527874843716,-95.99610876821853,-96.08632570025365,-97.16414965776343,-98.97392502275551,0.8986348825592536,0.9912993049744189,0.9966174965692925,1.028105983607253,0.3441865194857377,0.8745808836112575
bbob_f014_i80_d20,14,80,20,3,direct,12,-95.99610876821853,,-95.46790891192792,-95.99610876821853,-96.08632570025365,-96.69979823488734,-99.07915455284116,0.950739190812077,0.9948250234641545,0.9962161709209397,1.0290043472875798,0.27078285523046564,0.8678135750571855
bbob_f014_i80_d20,14,80,20,3,inject,12,-95.99610876821853,,-95.46790891192792,-95.99610876821853,-96.08632570025365,-96.27392599190551,-99.0250585242909,0.950739190812077,0.9948250234641545,0.9958038985592879,1.0297118288594678,0.30317697186393655,0.8838966981047192
bbob_f015_i79_d20,15,79,20,0,pass,12,-174.52256027631546,-84.81941874236259,-84.81941874236259,-174.52256027631546,-174.892467673091,-174.892467673091,-222.7163931208505,1.2265836466653106,0.9418191381201041,0.9957940979046898,1.0059040818682574,0.5192625102832534,0.9492369039561585
bbob_f015_i79_d20,15,79,20,0,direct,12,-174.52256027631546,,-112.22507946535089,-174.52256027631546,-174.892467673091,-174.892467673091,-223.0683537685407,1.2389045690432587,0.9398491645843075,0.9956064442548956,1.0086856269375657,0.5254697721719772,0.9563093165625558
bbob_f015_i79_d20,15,79,20,0,inject,12,-174.52256027631546,,-112.22507946535089,-174.52256027631546,-174.892467673091,-174.892467673091,-203.0870306685528,1.2253619190507168,0.9389945612119606,0.9956459265126268,1.005125303964473,0.6949849553581063,0.9785996868413681
bbob_f015_i79_d20,15,79,20,1,pass,12,-166.88138700293325,-44.18680341874449,-44.18680341874449,-166.88138700293325,-166.88138700293325,-176.51199598165724,-198.83598167825556,1.247019941955707,0.9812167092574283,0.9983794627606085,1.0134015198437911,0.6662908395365057,0.9530689989038531
bbob_f015_i79_d20,15,79,20,1,direct,12,-166.88138700293325,,-86.85225989264427,-166.88138700293325,-166.88138700293325,-182.0918382640566,-204.62691096505546,1.2478746599527812,0.9823926400313489,0.9982822664168539,1.0133297860471295,0.6943637827025472,0.9561668398993668
bbob_f015_i79_d20,15,79,20,1,inject,12,-166.88138700293325,,-86.85225989264427,-166.88138700293325,-166.88138700293325,-188.40230001875454,-234.25541839189376,1.2478746599527812,0.9823926400313489,0.9981055699238248,1.01674596801627,0.5340471878726357,0.9374322275813002
bbob_f015_i79_d20,15,79,20,2,pass,12,-174.24515314678203,-158.27454903627662,-158.27454903627662,-174.24515314678203,-174.24515314678203,-184.71051971355726,-198.13214112288222,1.3799867842517655,0.9875084718381767,1.0002392737293135,1.014250366712779,0.7120996993236679,0.962000787602399
bbob_f015_i79_d20,15,79,20,2,direct,12,-174.24515314678203,,-92.07904065970718,-174.24515314678203,-174.24515314678203,-209.17643827040285,-209.17643827040285,1.0119651817250794,0.9786230143856645,0.9978851420739462,1.0037711165911671,0.866901312419823,0.970550216904862
bbob_f015_i79_d20,15,79,20,2,inject,12,-174.24515314678203,,-92.07904065970718,-174.24515314678203,-174.24515314678203,-191.26672708053448,-207.28999390501826,1.43641546684837,0.9936399411146993,0.9998662073448036,1.0238513351673106,0.5494011190134187,0.9460540705952386
bbob_f015_i79_d20,15,79,20,3,pass,12,-169.6033756905379,-96.47727110722741,-96.47727110722741,-169.6033756905379,-214.50015853747476,-214.50015853747476,-214.50015853747476,1.4046020189917985,0.9592225731132068,0.995754957398781,0.9840784581022822,0.5201633680088164,0.9319360285000352
bbob_f015_i79_d20,15,79,20,3,direct,12,-169.6033756905379,,-143.87759159055355,-169.6033756905379,-214.50015853747476,-214.50015853747476,-229.74247381307637,1.36644962016179,0.9645064002147452,0.9950299523805826,0.9879145318000452,0.5993923506139262,0.9512281927814955
bbob_f015_i79_d20,15,79,20,3,inject,12,-169.6033756905379,,-143.8775915905536,-169.6033756905379,-214.1330359605002,-214.50015853747476,-214.50015853747476,1.36644962016179,0.9645064002147452,0.9949278889762283,0.9850633413021197,0.44822179857594374,0.9353083746623714
bbob_f015_i80_d20,15,80,20,0,pass,12,355.7593793785108,469.9008332794689,469.9008332794689,355.7593793785108,355.7593793785108,355.7593793785108,305.83774470467336,1.465938439449608,1.0054754536072292,0.9985716039669477,0.9988952294561919,0.6521929272574363,0.957743277951036
bbob_f015_i80_d20,15,80,20,0,direct,12,355.7593793785108,,423.5565982916397,355.7593793785108,355.7593793785108,338.56958011623215,326.05146070643605,1.4684909359773193,1.005693331225416,0.9987743103745664,1.002439875477149,0.5672440218419675,0.9568497751913849
bbob_f015_i80_d20,15,80,20,0,inject,12,355.7593793785108,,423.5565982916397,355.7593793785108,355.7593793785108,355.7593793785108,284.3182207767378,1.4684909359773193,1.005693331225416,0.9986404841259755,1.0012487832846817,0.48791059233321177,0.9576604341905155
bbob_f015_i80_d20,15,80,20,1,pass,12,365.3094928414274,404.50236989566366,404.50236989566366,365.3094928414274,360.6618283351945,328.5973714864896,303.7468601388024,1.1220879963493973,0.967121647404912,0.9955549203940358,1.0039897148172598,0.6147394573301478,0.9672537982222422
bbob_f015_i80_d20,15,80,20,1,direct,12,365.3094928414274,,322.2588606920429,322.2588606920429,322.2588606920429,322.2588606920429,311.2846456329133,0.8699008440024614,0.9606394682692478,0.993471607822083,1.0053041141330725,0.5054077506479119,0.9530205665288215
bbob_f015_i80_d20,15,80,20,1,inject,12,365.3094928414274,,322.2588606920429,322.2588606920429,322.2588606920429,322.2588606920429,293.319306495168,0.8699008440024614,0.9606394682692478,0.9932369537369462,1.0066583993821314,0.4979234537374862,0.9590202972362435
bbob_f015_i80_d20,15,80,20,2,pass,12,326.07551936837854,514.6008189246108,514.6008189246108,326.07551936837854,326.07551936837854,322.1099900133655,302.6052655250155,1.295581629706323,0.9669271046311164,0.9982580014912087,1.022876429130866,0.6625369184732585,0.9618473993764469
bbob_f015_i80_d20,15,80,20,2,direct,12,326.07551936837854,,418.759512749932,326.07551936837854,326.07551936837854,322.2397865253853,309.51933024761763,1.2936893825492004,0.967397795523233,0.9987670391526173,1.0295613811164375,0.5068299964776136,0.9639190210415602
bbob_f015_i80_d20,15,80,20,2,inject,12,326.07551936837854,,418.759512749932,326.07551936837854,326.07551936837854,326.07551936837854,316.98154090774017,1.3821982915065814,0.9987416659052158,0.9982422078055184,1.0357031101705056,0.4424795515181048,0.94347787534584
bbob_f015_i80_d20,15,80,20,3,pass,12,282.2406315352156,457.527288414194,457.527288414194,282.2406315352156,282.2406315352156,282.2406315352156,282.2406315352156,1.1466801605008299,1.0137714144344148,0.9990174604695635,1.0185556993204414,0.514578365315677,0.9509543461411504
bbob_f015_i80_d20,15,80,20,3,direct,12,282.2406315352156,,427.24462034078203,282.2406315352156,282.2406315352156,282.2406315352156,282.2406315352156,1.0845784652962385,1.0139771613672761,0.998854426867279,1.016512096907055,0.5708459974734327,0.949253507560441
bbob_f015_i80_d20,15,80,20,3,inject,12,282.2406315352156,,427.2446203407819,282.2406315352156,282.2406315352156,282.2406315352156,282.2406315352156,1.0845784652962385,1.0139771613672761,0.9985600214633535,1.0182921192422432,0.5438956353223408,0.9316567655808043
bbob_f016_i79_d20,16,79,20,0,pass,12,151.33360715930462,223.2814282640969,223.2814282640969,151.33360715930462,151.33360715930462,151.33360715930462,141.30955962818732,2.0576252371186925,0.9721165274542629,0.9969917193000456,0.9993312443743184,0.6954450321693314,0.9718718742452551
bbob_f016_i79_d20,16,79,20,0,direct,12,151.33360715930462,,199.61499461368635,151.33360715930462,151.33360715930462,148.70829331217197,148.1119409865929,2.0147245881415428,0.9709583882005417,0.9967749966232337,1.001019499066117,0.5848633423134345,0.9456636373117844
bbob_f016_i79_d20,16,79,20,0,inject,12,151.33360715930462,,199.61499461368427,151.33360715930462,151.33360715930462,151.33360715930462,143.50032384276926,2.0147245881415428,0.9709583882005417,0.9965852442546511,1.0042545555389633,0.8967165804054613,0.9735753815452436
bbob_f016_i79_d20,16,79,20,1,pass,12,142.47666063828572,167.58481448231888,167.58481448231888,142.47666063828572,142.47666063828572,142.28109071945417,138.11156365353634,1.3410722143147218,0.9476564035118441,0.9929653538298112,0.972142650217021,0.4600582776130011,0.9323406805178143
bbob_f016_i79_d20,16,79,20,1,direct,12,142.47666063828572,,176.9353713798494,142.47666063828572,142.47666063828572,142.47666063828572,126.92073612464732,1.193730522600866,0.9373961192836223,0.9919689506899282,0.9720179494983551,0.34196728688134426,0.9061584914667598
bbob_f016_i79_d20,16,79,20,1,inject,12,142.47666063828572,,176.93537137984856,142.47666063828572,142.47666063828572,142.47666063828572,131.67972999814143,1.3967321348073258,0.9514367309022591,0.9925818426568196,0.9735421715306195,0.4585206349159402,0.9157308896392676
bbob_f016_i79_d20,16,79,20,2,pass,12,143.33779157994093,215.05362715788797,215.05362715788797,143.33779157994093,143.33779157994093,143.33779157994093,143.33779157994093,2.2724008869997445,1.0115398244271956,0.9995086077528825,1.0265301456699514,0.8070890060065492,0.9703856281606282
bbob_f016_i79_d20,16,79,20,2,direct,12,143.33779157994093,,169.17539833640657,143.33779157994093,143.33779157994093,143.33779157994093,143.33779157994093,2.314129403922897,1.0175241352785398,0.9994696391394171,1.020635924252958,0.7660871697666584,0.9562888640889131
bbob_f016_i79_d20,16,79,20,2,inject,12,143.33779157994093,,169.1753983364068,143.33779157994093,143.33779157994093,143.33779157994093,138.04436474407828,2.314129403922897,1.0175241352785398,0.9989991840726922,1.023032623656038,0.9584011977124789,0.9851110532258902
bbob_f016_i79_d20,16,79,20,3,pass,12,149.91578241386867,223.97027985138362,223.97027985138362,149.91578241386867,149.91578241386867,148.50912829823767,146.45855319974294,3.4630969785712375,1.0250024202333923,1.006058261469807,1.030853809137405,0.7027243509388751,0.9618622687147435
bbob_f016_i79_d20,16,79,20,3,direct,12,149.91578241386867,,216.13213839827068,149.91578241386867,149.91578241386867,149.43955504786308,148.81430552203327,3.4630969785712375,1.0250024202333923,1.0060884352796007,1.0302617873198543,0.657312750632325,0.9787941404288873
bbob_f016_i79_d20,16,79,20,3,inject,12,149.91578241386867,,216.13213839826975,149.91578241386867,149.91578241386867,140.8416003852438,140.8416003852438,3.50534724297148,1.0297975062693945,1.0053130855391685,1.0416206106520824,0.904651365578386,0.9829389037778135
bbob_f016_i80_d20,16,80,20,0,pass,12,-507.2575058543538,-440.40624781156237,-440.40624781156237,-507.2575058543538,-507.2575058543538,-507.2575058543538,-521.0189155657573,1.6578282062646854,0.9878275404679074,1.00168828867648,1.0272471668722682,0.4990714903663204,0.923271636387585
bbob_f016_i80_d20,16,80,20,0,direct,12,-507.2575058543538,,-422.9739361356767,-507.2575058543538,-507.2575058543538,-510.1975991477956,-523.7394011674392,1.6578282062646854,0.9878275404679074,1.0015889775693565,1.0253977178848899,0.5888174864597624,0.9412680316688463
bbob_f016_i80_d20,16,80,20,0,inject,12,-507.2575058543538,,-422.97393613566794,-507.2575058543538,-507.2575058543538,-507.2575058543538,-518.7838259889353,1.68944517156191,0.990613387401328,1.0017291136410744,1.0264730973879057,0.6473076337563642,0.9422717140612169
bbob_f016_i80_d20,16,80,20,1,pass,12,-509.7635822988671,-478.39920502480726,-478.39920502480726,-509.7635822988671,-509.7635822988671,-509.7635822988671,-518.4662571312781,1.6957117309977896,0.95227886660667,0.9972710733216191,1.034781276547228,0.5953905851938736,0.9612629908541063
bbob_f016_i80_d20,16,80,20,1,direct,12,-509.7635822988671,,-475.43263934964773,-509.7635822988671,-509.7635822988671,-509.7635822988671,-522.3005726294157,1.5477291533410285,0.9532579228160993,0.9965745853389925,1.0359771786887215,0.4694843393216168,0.956540988378778
bbob_f016_i80_d20,16,80,20,1,inject,12,-509.7635822988671,,-475.43263934964773,-509.7635822988671,-509.7635822988671,-509.7635822988671,-522.0956125063486,2.089875861057264,0.9784998333486145,0.9969134668242315,1.0283403613189945,0.47026010190861184,0.9332075488236057
bbob_f016_i80_d20,16,80,20,2,pass,12,-515.4800607481512,-450.94186226587703,-450.94186226587703,-515.4800607481512,-515.4800607481512,-515.4800607481512,-515.4800607481512,2.709779879425052,0.9950209469883446,0.9951442015972612,1.0164678265436893,0.8318717347650745,0.9466471127740961
bbob_f016_i80_d20,16,80,20,2,direct,12,-515.4800607481512,,-447.208102451606,-515.4800607481512,-515.4800607481512,-515.4800607481512,-515.4800607481512,2.709779879425052,0.9950209469883446,0.9954091506842274,1.016844526651848,0.5963091953295664,0.9540485898774478
bbob_f016_i80_d20,16,80,20,2,inject,12,-515.4800607481512,,-447.20810245160135,-515.4800607481512,-515.4800607481512,-515.4800607481512,-515.4800607481512,2.709779879425052,0.9950209469883446,0.9951961186435037,1.0169551486061381,0.779522777221319,0.952453337228525
bbob_f016_i80_d20,16,80,20,3,pass,12,-519.9370355577599,-501.6797176287537,-501.6797176287537,-519.9370355577599,-519.9370355577599,-519.9370355577599,-519.9370355577599,2.758893416276485,0.9790078271922659,1.0012327345860934,1.0549109186173604,0.639525630289723,0.9599777604817105
bbob_f016_i80_d20,16,80,20,3,direct,12,-519.9370355577599,,-443.0146931156857,-519.9370355577599,-519.9370355577599,-519.9370355577599,-519.9370355577599,3.2406091757330926,1.0098903914908004,1.0040775887031501,1.054683259465178,0.8395685280573266,0.9745758094336702
bbob_f016_i80_d20,16,80,20,3,inject,12,-519.9370355577599,,-443.0146931156857,-519.9370355577599,-519.9370355577599,-519.9370355577599,-519.9370355577599,2.758893416276485,0.9790078271922659,1.0011969079221266,1.055057239589903,0.6689835963260574,0.9624311638576717
bbob_f017_i79_d20,17,79,20,0,pass,12,734.9280043109487,736.37168267528,736.37168267528,734.9280043109487,734.1475490497256,734.1475490497256,733.1193978383108,0.7949034514579597,0.9774856444770097,0.9959637042369205,0.9959883470481083,0.33057539874995895,0.8941622399100458
bbob_f017_i79_d20,17,79,20,0,direct,12,734.9280043109487,,735.5492471597249,734.9280043109487,734.1475490497256,734.1475490497256,733.0603045727457,0.8449527659684865,0.9811547222256205,0.9951587794613552,0.9948395193163994,0.25869720025485754,0.8844501554478975
bbob_f017_i79_d20,17,79,20,0,inject,12,734.9280043109487,,735.5492471597249,734.9280043109487,734.1475490497256,734.1475490497256,733.3228034152302,0.9548342766855985,0.9848061761689823,0.9956345256779601,0.996345924877252,0.3234381892319916,0.8949101598216642
bbob_f017_i79_d20,17,79,20,1,pass,12,735.7851798642668,738.0050876604112,738.0050876604112,735.7851798642668,735.7851798642668,735.7480651836089,733.4988009827937,1.582684516788799,0.956204284117937,0.9940636494639791,1.009893793699332,0.2958782175140546,0.8906599966183043
bbob_f017_i79_d20,17,79,20,1,direct,12,735.7851798642668,,736.6661045898398,735.7851798642668,735.7851798642668,735.7851798642668,733.6602805082302,1.2832585085542823,0.940097670751814,0.9923759591990281,1.0057337658600511,0.3737374255623042,0.9005971787085573
bbob_f017_i79_d20,17,79,20,1,inject,12,735.7851798642668,,736.6661045898398,735.7851798642668,735.7851798642668,735.7851798642668,734.2693706662047,1.2832585085542823,0.940097670751814,0.9919848308361512,1.0029367237947613,0.40997315968748677,0.9241085639049944
bbob_f017_i79_d20,17,79,20,2,pass,12,735.1375832144364,742.0758898968049,742.0758898968049,735.1375832144364,735.1375832144364,735.1375832144364,733.6320563114315,1.3596010191101218,0.9375621645679542,0.9947527543435974,1.0253648346930282,0.46339017580985037,0.9133895602202193
bbob_f017_i79_d20,17,79,20,2,direct,12,735.1375832144364,,738.5906191010166,735.1375832144364,735.1375832144364,735.1375832144364,733.7404044375049,1.3596010191101218,0.9375621645679542,0.9951590254915695,1.0253231664705869,0.4290212275808124,0.9170533002241125
bbob_f017_i79_d20,17,79,20,2,inject,12,735.1375832144364,,738.5906191010166,735.1375832144364,735.1375832144364,735.1375832144364,733.3992217158586,1.3596010191101218,0.9375621645679542,0.9946186000557901,1.027597200392582,0.3293661379565107,0.9059918110365763
bbob_f017_i79_d20,17,79,20,3,pass,12,734.6425985643065,735.6958231986006,735.6958231986006,734.6425985643065,734.6425985643065,734.282038154495,733.1921411115396,1.3574875476306456,0.9375039074029007,0.9962215674673324,0.9928240534449948,0.21842760189689667,0.8821292758281623
bbob_f017_i79_d20,17,79,20,3,direct,12,734.6425985643065,,736.3856716566194,734.6425985643065,734.6425985643065,734.6425985643065,733.4056874915918,1.3190069383239442,0.9371365185771832,0.9959967320386138,0.997672003005505,0.32221195591073576,0.9052936308908689
bbob_f017_i79_d20,17,79,20,3,inject,12,734.6425985643065,,736.3856716566194,734.6425985643065,734.6425985643065,734.6425985643065,733.3285941462524,1.441110452894473,0.9433794260388222,0.9960697830465979,0.9963447080631213,0.28504057942276306,0.8915838003777972
bbob_f017_i80_d20,17,80,20,0,pass,12,38.94688901514871,43.20906836878729,43.20906836878729,38.94688901514871,38.94688901514871,38.775948127528856,37.048498323456755,1.8193701939695608,1.01078977951671,1.000103905979003,1.0349226849894662,0.4643281035748968,0.9172899652447275
bbob_f017_i80_d20,17,80,20,0,direct,12,38.94688901514871,,44.1822208077117,38.94688901514871,38.94688901514871,38.83644992134139,37.09666647457799,1.8193701939695608,1.01078977951671,1.0001015707163774,1.0342143725708954,0.4039692886873969,0.9227087133469315
bbob_f017_i80_d20,17,80,20,0,inject,12,38.94688901514871,,44.1822208077117,38.94688901514871,38.94688901514871,38.94688901514871,36.24534432127111,1.8193701939695608,1.01078977951671,1.0000083792974714,1.0355904412541017,0.5911129704549936,0.9211293289657569
bbob_f017_i80_d20,17,80,20,1,pass,12,39.51396733595488,40.54181966860756,40.54181966860756,39.51396733595488,39.47111744748476,39.47111744748476,36.60686592526603,1.4703634666969034,0.9774924509343792,0.9962149067688074,0.9861762842197238,0.3234601702734254,0.8986196554921352
bbob_f017_i80_d20,17,80,20,1,direct,12,39.51396733595488,,39.78160005303502,39.51396733595488,39.47111744748476,38.53554250814791,36.67045167708576,1.4345808038090526,0.9741160358545999,0.9951680286851986,0.9860560847769179,0.3480316527319225,0.9020292189646538
bbob_f017_i80_d20,17,80,20,1,inject,12,39.51396733595488,,39.78160005303502,39.51396733595488,39.47111744748476,38.858551113313645,37.12298026843948,1.5803855438802445,0.980353646652468,0.99490960425344,0.9906296529269668,0.3551437523859753,0.9011778168883026
bbob_f017_i80_d20,17,80,20,2,pass,12,38.81877185206275,41.81007063328592,41.81007063328592,38.81877185206275,38.81877185206275,38.161793106368336,36.58660312289679,0.7703835155851804,0.9961315498442888,0.9966195287002428,1.0127154101331932,0.5717811532042707,0.9198448890195337
bbob_f017_i80_d20,17,80,20,2,direct,12,38.81877185206275,,40.01312402910984,38.81877185206275,38.81877185206275,38.4360858672167,36.1347754624077,0.764332308301612,0.9955023587478904,0.9969976949099126,1.018944885320443,0.35669741026228835,0.8939799181956559
bbob_f017_i80_d20,17,80,20,2,inject,12,38.81877185206275,,40.01312402910984,38.81877185206275,38.81877185206275,37.986230300731755,37.16209813674833,0.764332308301612,0.9955023587478904,0.996364701656983,1.0157150549415586,0.4408179196926857,0.9154006662998058
bbob_f017_i80_d20,17,80,20,3,pass,12,38.85898988393241,40.89972501108569,40.89972501108569,38.85898988393241,38.85898988393241,38.488096657250566,36.411798528752826,1.5196437007476458,0.9280746317346544,0.9962610980550969,1.0138718480631441,0.3816213050272917,0.9032172784755224
bbob_f017_i80_d20,17,80,20,3,direct,12,38.85898988393241,,39.386203100702815,38.85898988393241,38.85898988393241,38.36884664802122,35.992306831577565,1.4105927418027573,0.9330492706967142,0.9944839076437468,1.0066631328157363,0.21989510675950233,0.8781015348732518
bbob_f017_i80_d20,17,80,20,3,inject,12,38.85898988393241,,39.386203100702815,38.85898988393241,38.85898988393241,38.21030146354264,36.64610223680281,1.4105927418027573,0.9330492706967142,0.9942134750184211,1.0084415036826886,0.2947068074384005,0.8957265986487819
bbob_f018_i79_d20,18,79,20,0,pass,12,740.6596063034902,751.2477651475908,751.2477651475908,740.6596063034902,740.6596063034902,740.6596063034902,735.9022919714693,1.1360316134614854,0.9730115330485423,0.9951210851442469,1.0065504875532654,0.3507220062076054,0.9001666991552215
bbob_f018_i79_d20,18,79,20,0,direct,12,740.6596063034902,,741.8130777099179,740.6596063034902,740.6596063034902,740.6596063034902,734.8023833394885,1.0490329940990422,0.9702881849421853,0.9946926532600695,1.009547871063633,0.31944617890919974,0.9078966899421833
bbob_f018_i79_d20,18,79,20,0,inject,12,740.6596063034902,,741.8130777099179,740.6596063034902,740.6596063034902,740.6596063034902,734.5945073324297,1.0335267288794172,0.965338132430941,0.994471676942122,1.0079150685670248,0.3951391475274439,0.9177085530759524
bbob_f018_i79_d20,18,79,20,1,pass,12,751.7719812604017,753.0320056952704,753.0320056952704,751.7719812604017,747.8204423407002,747.8204423407002,737.5013463133371,1.6452389945165853,0.9677665349644083,0.996169256016217,1.0382547083864495,0.35504723918034053,0.8974369164236876
bbob_f018_i79_d20,18,79,20,1,direct,12,751.7719812604017,,752.4546139639555,751.7719812604017,747.8204423407002,747.3501172707975,737.6961734643779,1.6314975583535658,0.9651734072187889,0.9953942324301419,1.0367118618779,0.4198143844030345,0.9093390217828231
bbob_f018_i79_d20,18,79,20,1,inject,12,751.7719812604017,,752.4546139639555,751.7719812604017,747.8204423407002,744.8966494406907,736.656475693109,1.9114548683304526,0.9722949350429458,0.9955551250837119,1.0376187675712485,0.3671843055672334,0.9038185995029608
bbob_f018_i79_d20,18,79,20,2,pass,12,745.8139544417128,758.816612565241,758.816612565241,745.8139544417128,744.8661630394247,744.3998000058074,737.4814283819478,1.6680893876340177,0.951674968096476,0.9946523304331887,0.9936514340326515,0.3579481120813802,0.9020929652150718
bbob_f018_i79_d20,18,79,20,2,direct,12,745.8139544417128,,748.1218499075601,745.8139544417128,744.8661630394247,743.6117676921097,736.916629918303,1.6328390398501402,0.9499224960495414,0.9950555648643041,1.0020229904913514,0.34430159372164804,0.9108979595122831
bbob_f018_i79_d20,18,79,20,2,inject,12,745.8139544417128,,748.1218499075601,745.8139544417128,744.8661630394247,744.5045891143061,736.9912759407466,1.5252827183219728,0.9493085041070572,0.994062845894748,0.9940640039803439,0.33055086385622673,0.9038074774675665
bbob_f018_i79_d20,18,79,20,3,pass,12,743.0442911279183,748.2278212737838,748.2278212737838,743.0442911279183,743.0442911279183,741.4123992866053,736.0476464203258,1.302142827873189,1.0173877505400077,1.00047481737836,1.0153714204505333,0.3575975724609725,0.9103869385866457
bbob_f018_i79_d20,18,79,20,3,direct,12,743.0442911279183,,744.4370814396373,743.0442911279183,743.0442911279183,741.0201592126159,736.3693600173902,1.334529443418606,1.0256718582275195,1.0002957527137943,1.0214727573855416,0.3758544964663211,0.9156284050943387
bbob_f018_i79_d20,18,79,20,3,inject,12,743.0442911279183,,744.4370814396373,743.0442911279183,743.0442911279183,741.8779564337026,736.9315701723074,1.4237583787144938,1.0295073724142743,1.0004532977541043,1.0226062713055706,0.2528472108257997,0.8956499214740511
bbob_f018_i80_d20,18,80,20,0,pass,12,55.60725613251112,67.78725262372751,67.78725262372751,55.60725613251112,55.60725613251112,52.99813356835497,44.83010190557998,1.4413384480659959,0.9789391174316326,0.9957014000071744,1.0164817766107637,0.5539497825701735,0.9275032287874647
bbob_f018_i80_d20,18,80,20,0,direct,12,55.60725613251112,,61.19320173794767,55.60725613251112,55.60725613251112,54.164445732249064,43.29041259493885,1.399762998653258,0.9752763593662399,0.9944718054678431,1.0160514331994983,0.47821614850687594,0.9164637001448113
bbob_f018_i80_d20,18,80,20,0,inject,12,55.60725613251112,,61.19320173794767,55.60725613251112,55.60725613251112,55.60725613251112,42.08055255657274,1.5058870268479845,0.9732429811512043,0.994910800156926,1.0159620082489158,0.5339056484751823,0.9287639459562583
bbob_f018_i80_d20,18,80,20,1,pass,12,44.34802524591519,45.46636370879854,45.46636370879854,44.34802524591519,44.34802524591519,42.00001331877898,38.294028679153925,1.1113551219618238,0.9561395496831059,0.9953865728520075,1.0280517960083009,0.29817977345437646,0.9079256300293073
bbob_f018_i80_d20,18,80,20,1,direct,12,44.34802524591519,,45.90946905589436,44.34802524591519,44.34802524591519,42.513709889024796,37.59708467795577,0.9939578002229412,0.9548380741651141,0.994127085776242,1.0263875762923143,0.30084492782273753,0.9097303753308047
bbob_f018_i80_d20,18,80,20,1,inject,12,44.34802524591519,,45.90946905589436,44.34802524591519,44.34802524591519,42.088414345747445,39.205093578129606,1.1931356996295868,0.960750926866025,0.9947021974428216,1.0285413551129334,0.3808255402927834,0.9038974913218055
bbob_f018_i80_d20,18,80,20,2,pass,12,55.37001054759777,72.69134883946275,72.69134883946275,55.37001054759777,55.37001054759777,52.64701902989896,46.652238595522405,1.3825797155943176,0.9582158649057121,0.9958913005749136,0.9988112224694837,0.4066556899953318,0.9259694144469592
bbob_f018_i80_d20,18,80,20,2,direct,12,55.37001054759777,,65.41791843792603,55.37001054759777,55.37001054759777,54.047032964545934,49.01618228780822,1.3825797155943176,0.9582158649057121,0.9958978771086572,0.9915517675490929,0.438698763323936,0.934282462380218
bbob_f018_i80_d20,18,80,20,2,inject,12,55.37001054759777,,65.41791843792603,55.37001054759777,55.37001054759777,50.52285903236451,45.25645620125429,1.3825797155943176,0.9582158649057121,0.9959077071222453,0.9990110596595266,0.5575659488894942,0.9512217419730379
bbob_f018_i80_d20,18,80,20,3,pass,12,50.446809572789775,52.35540440834704,52.35540440834704,50.446809572789775,50.446809572789775,48.0471107681367,39.3540410559237,1.402628059955786,0.9814310624461529,0.9954978571782432,0.9879142001577352,0.2657849672719704,0.8950774652666497
bbob_f018_i80_d20,18,80,20,3,direct,12,50.446809572789775,,54.68384360477761,50.446809572789775,50.446809572789775,49.579102518336754,40.364010056622746,1.3463437587415188,0.9868717355033364,0.9950248127214003,0.9890286544044015,0.33946156977155023,0.9090404967455837
bbob_f018_i80_d20,18,80,20,3,inject,12,50.446809572789775,,54.68384360477761,50.446809572789775,50.446809572789775,48.19099371942415,38.65703691779328,1.5078448092750718,0.977319447418382,0.9948202623422172,0.989443397708757,0.2948849399475479,0.8902453788055444
bbob_f019_i79_d20,19,79,20,0,pass,12,34.625085059347654,39.311951153893695,39.311951153893695,34.625085059347654,34.625085059347654,34.625085059347654,34.30466387332349,1.2411711499037008,0.988196806493113,0.9998597527621227,1.0279105900905225,0.8441895212366419,0.9941499184522177
bbob_f019_i79_d20,19,79,20,0,direct,12,34.625085059347654,,37.396628075407854,34.625085059347654,34.625085059347654,34.625085059347654,34.625085059347654,1.0267743413669075,0.9721861626615801,0.9973137041689548,1.0234672932277469,0.6058461264240471,0.9585219835219008
bbob_f019_i79_d20,19,79,20,0,inject,12,34.625085059347654,,37.396628075407854,34.625085059347654,34.625085059347654,34.625085059347654,34.625085059347654,1.1868747096217993,0.9701881284698319,0.9973703866072028,1.0315649804139693,0.5943194677754335,0.9588607440085346
bbob_f019_i79_d20,19,79,20,1,pass,12,36.08215300469109,38.26960974442304,38.26960974442304,36.08215300469109,36.08215300469109,35.816358555995066,35.65733297161056,1.8262730333309054,0.9810958986436914,0.9965531774216284,0.9871917475694684,0.3509611746961325,0.9369681741090338
bbob_f019_i79_d20,19,79,20,1,direct,12,36.08215300469109,,38.44916928814056,36.08215300469109,36.08215300469109,36.08215300469109,34.41973101098232,1.803422971911236,0.9817799674081858,0.9957814112815384,0.9859813831928277,0.6413529704640617,0.9560676803994561
bbob_f019_i79_d20,19,79,20,1,inject,12,36.08215300469109,,38.44916928814075,36.08215300469109,36.08215300469109,36.08215300469109,35.023786829369435,1.864094536754427,0.9846199013870679,0.9955607807901026,0.9839260929554448,0.4732631889716244,0.9268849163527995
bbob_f019_i79_d20,19,79,20,2,pass,12,35.20438523014947,37.36717014288618,37.36717014288618,35.20438523014947,35.20438523014947,35.20438523014947,35.20438523014947,1.7009464314149028,0.9614011190400134,0.9984689707236001,1.0389311885287313,0.8534851411756122,0.9819881368024439
bbob_f019_i79_d20,19,79,20,2,direct,12,35.20438523014947,,39.426520927382015,35.20438523014947,35.20438523014947,35.20438523014947,35.15498058553042,1.2925340554844849,0.9598539686836206,0.995811234112839,1.02481059854983,0.563747846253436,0.948109257520215
bbob_f019_i79_d20,19,79,20,2,inject,12,35.20438523014947,,39.42652092738194,35.20438523014947,35.20438523014947,35.20438523014947,34.66091399820424,1.8357677996375215,0.9684309348821812,0.9984604683508942,1.0424859123437062,0.48596683012506986,0.9453427246132111
bbob_f019_i79_d20,19,79,20,3,pass,12,36.26581243674908,44.713203883695314,44.713203883695314,36.26581243674908,36.26581243674908,36.26581243674908,35.98509641503418,2.0162758273484527,1.0048340264522138,1.0008288975962372,1.0326996225188725,0.5704874286778765,0.9458091108982719
bbob_f019_i79_d20,19,79,20,3,direct,12,36.26581243674908,,37.883621204002296,36.26581243674908,36.26581243674908,36.26581243674908,35.692312858943325,1.405438998065969,0.9784831482137136,0.9969812916375244,1.0222134656384267,0.5335474806806408,0.9500885184297474
bbob_f019_i79_d20,19,79,20,3,inject,12,36.26581243674908,,37.883621204002296,36.26581243674908,36.26581243674908,36.26581243674908,35.043328380636815,1.405438998065969,0.9784831482137136,0.9965578527234528,1.0214887896807863,0.37713924360685197,0.9313169373174217
bbob_f019_i80_d20,19,80,20,0,pass,12,41.98288184551678,46.94091515749238,46.94091515749238,41.98288184551678,41.98288184551678,41.98288184551678,40.59919442874448,1.514785168183404,0.9740504178314497,0.9982796543242004,0.996617531595041,0.49088365715368437,0.9640364306681342
bbob_f019_i80_d20,19,80,20,0,direct,12,41.98288184551678,,45.78945753823426,41.98288184551678,41.98288184551678,41.98288184551678,40.21760698196025,1.506502390749928,0.9743539902802428,0.9981473322382993,0.9956188893897703,0.5411126167487769,0.959719146209209
bbob_f019_i80_d20,19,80,20,0,inject,12,41.98288184551678,,45.78945753823429,41.98288184551678,41.98288184551678,41.98288184551678,41.98288184551678,1.506502390749928,0.9743539902802428,0.9979741877252305,0.9975301896313599,0.5616021395137429,0.966559659014312
bbob_f019_i80_d20,19,80,20,1,pass,12,44.137138138485454,43.85327869267512,43.85327869267512,43.85327869267512,43.85327869267512,43.74630334223015,41.64336948240722,1.7428730351733845,1.0082617815114712,0.9986312898589029,1.007307411411829,0.40522463468024944,0.9313889207619647
bbob_f019_i80_d20,19,80,20,1,direct,12,44.137138138485454,,46.735016013488675,44.137138138485454,44.137138138485454,44.073031814950355,42.41039442398408,1.554374833137496,0.9980688081032923,0.9982413933142628,1.0122134305930601,0.645898860735674,0.9437816007708016
bbob_f019_i80_d20,19,80,20,1,inject,12,44.137138138485454,,46.735016013488675,44.137138138485454,43.85327869267512,43.85327869267512,41.26613991984847,2.086059427716011,1.0201385890663646,0.9990325069757512,1.0075032772512345,0.490073487659894,0.9459813496537637
bbob_f019_i80_d20,19,80,20,2,pass,12,42.49650407982844,45.94757528961051,45.94757528961051,42.49650407982844,42.49650407982844,42.49650407982844,42.49650407982844,1.3433496505062636,1.0064680115042233,0.9993488120660466,1.0115648442198788,0.6380771281314349,0.9583367234149779
bbob_f019_i80_d20,19,80,20,2,direct,12,42.49650407982844,,47.177886287443286,42.49650407982844,42.49650407982844,42.49650407982844,42.49650407982844,1.2758448274760144,1.0003253038298976,0.9980212077469235,1.006951617526818,0.7728241729325127,0.9691728620757415
bbob_f019_i80_d20,19,80,20,2,inject,12,42.49650407982844,,47.177886287443286,42.49650407982844,42.49650407982844,42.49650407982844,41.91672721367165,1.3433496505062636,1.0064680115042233,0.999147261679824,1.0121067992523785,0.6803627342386778,0.9514945169196016
bbob_f019_i80_d20,19,80,20,3,pass,12,42.365490513586685,46.180244549038875,46.180244549038875,42.365490513586685,42.365490513586685,42.365490513586685,42.365490513586685,1.3960210901957926,0.9888695725320458,0.9988903847135404,1.0132604464736317,0.8412905861708387,0.9739433308347375
bbob_f019_i80_d20,19,80,20,3,direct,12,42.365490513586685,,45.454368028172254,42.365490513586685,42.365490513586685,42.365490513586685,41.416273334697564,1.346439583189484,0.9903428746474626,0.9985745886059584,1.0141918789409297,0.48503773594424016,0.9527621391921701
bbob_f019_i80_d20,19,80,20,3,inject,12,42.365490513586685,,45.454368028172254,42.365490513586685,42.365490513586685,41.88228654372612,40.558570960392565,1.0529865684615893,0.9609944233459801,0.9947916096929199,0.9986757062440849,0.6989576178545405,0.9584415062631387
bbob_f020_i79_d20,20,79,20,0,pass,12,-352.555693764739,3865.0643468698,3865.0643468698,-352.555693764739,-379.7481734020847,-385.2233956898756,-385.88893125585594,0.9643718675083919,0.9236240926434857,0.9950500853869962,0.9990886932322837,0.3339860174105774,0.9142279044578088
bbob_f020_i79_d20,20,79,20,0,direct,12,-352.555693764739,,-352.67072686400485,-352.67072686400485,-379.7481734020847,-379.7481734020847,-385.8479322517744,0.9874672980312275,0.9280289247233794,0.9939292115004836,1.0044069606263406,0.4192175526424698,0.9162335550693417
bbob_f020_i79_d20,20,79,20,0,inject,12,-352.555693764739,,-352.67072686400485,-352.67072686400485,-379.7481734020847,-384.98068118669335,-385.7157971381728,0.9874672980312275,0.9280289247233794,0.9937232807759808,1.0019591719030505,0.3716140782149164,0.9157920951295875
bbob_f020_i79_d20,20,79,20,1,pass,12,-385.3628669623032,-384.73198394930364,-384.73198394930364,-385.3628669623032,-385.67358236870956,-385.67358236870956,-385.7734216431695,0.9678275330463789,0.9773391864212935,0.9966421128224667,1.0151806822301646,0.3428581987421751,0.9258420196397616
bbob_f020_i79_d20,20,79,20,1,direct,12,-385.3628669623032,,-384.43228943161324,-385.3628669623032,-385.67358236870956,-385.67358236870956,-385.74238335371024,0.969807177502753,0.9781577455536226,0.99660311359305,1.011264215121491,0.32645500948900447,0.9306198184385036
bbob_f020_i79_d20,20,79,20,1,inject,12,-385.3628669623032,,-384.43228943161324,-385.3628669623032,-385.67358236870956,-385.67358236870956,-386.0250272172893,0.9678275330463789,0.9773391864212935,0.9964185248678854,1.0135734170415394,0.7654680449490465,0.9559776878374412
bbob_f020_i79_d20,20,79,20,2,pass,12,-385.7077958719032,-295.0849749165375,-295.0849749165375,-385.7077958719032,-385.7077958719032,-385.7077958719032,-385.89145210670006,1.04482404977286,0.964072897542436,0.9963663417565781,0.9887599394388477,0.32954607650218853,0.9162560649633366
bbob_f020_i79_d20,20,79,20,2,direct,12,-385.7077958719032,,-380.0653098190732,-385.7077958719032,-385.7077958719032,-385.7077958719032,-386.19947064832905,1.0616182718989164,0.9645255827097922,0.9957475379545371,0.9892300019946674,0.4264372976071781,0.9307314598394011
bbob_f020_i79_d20,20,79,20,2,inject,12,-385.7077958719032,,-380.0653098190732,-385.7077958719032,-385.7077958719032,-385.7077958719032,-385.97416242130373,1.0594370543047527,0.9637266485673522,0.9955473066560878,0.9859196283519992,0.43310141992021006,0.9376752869213563
bbob_f020_i79_d20,20,79,20,3,pass,12,-385.303010078721,-385.1547499073106,-385.1547499073106,-385.303010078721,-385.303010078721,-385.5593589634718,-385.6801802781836,0.9858846432952598,0.9591722466286223,0.9951365312609363,0.9965623016710784,0.4465341668152977,0.9254720156001061
bbob_f020_i79_d20,20,79,20,3,direct,12,-385.303010078721,,-384.36557607354064,-385.303010078721,-385.303010078721,-385.303010078721,-385.68593329156914,0.899299219685299,0.9721560471364518,0.9946514051880601,0.9965028361369415,0.5753669066972521,0.9398409591069338
bbob_f020_i79_d20,20,79,20,3,inject,12,-385.303010078721,,-384.36557607354064,-385.303010078721,-385.303010078721,-385.303010078721,-385.9274517239975,1.0237458094914484,0.9612554900083412,0.99481235334343,0.999847391912703,0.2546923052019678,0.898875301477242
bbob_f020_i80_d20,20,80,20,0,pass,12,-141.55795151357597,482.8892685616589,482.8892685616589,-141.55795151357597,-141.55795151357597,-141.55795151357597,-142.42943641697838,1.1208082643088404,0.9678482827876851,0.9968499614260765,1.0229080164754631,0.3546636466342099,0.9191672284320652
bbob_f020_i80_d20,20,80,20,0,direct,12,-141.55795151357597,,-49.12328753816497,-141.55795151357597,-141.55795151357597,-141.55795151357597,-142.41186877120637,1.018806165986889,0.9698252116046054,0.9958219806584906,1.0216207263358272,0.4148180511102056,0.9266754416194718
bbob_f020_i80_d20,20,80,20,0,inject,12,-141.55795151357597,,-49.12328753816497,-141.55795151357597,-141.55795151357597,-141.55795151357597,-142.37708986971484,1.018806165986889,0.9698252116046054,0.9958291607680176,1.0230989676686073,0.3714833244058639,0.9256316078234645
bbob_f020_i80_d20,20,80,20,1,pass,12,-141.4371397899511,314.2569777961785,314.2569777961785,-141.4371397899511,-141.6633156343231,-141.76899816790896,-142.6961796777557,1.4760234269180565,0.9481380269324181,0.9958301917152846,1.0001633911190657,0.5033550399872986,0.9327103786822203
bbob_f020_i80_d20,20,80,20,1,direct,12,-141.4371397899511,,-141.49929128681455,-141.49929128681455,-141.6633156343231,-142.00253046659046,-142.43240690880273,1.2361772895949128,0.929277671912969,0.9939418799489401,0.9957648360518915,0.5651452514580082,0.9333518192764598
bbob_f020_i80_d20,20,80,20,1,inject,12,-141.4371397899511,,-141.49929128681455,-141.49929128681455,-141.6633156343231,-141.90339169453077,-142.2925272962622,1.184516502124494,0.9279038589876044,0.9939308818712034,0.996202671444909,0.3986579167862711,0.9325637037577973
bbob_f020_i80_d20,20,80,20,2,pass,12,-141.99116722332153,-28.47473739836846,-28.47473739836846,-141.99116722332153,-141.99116722332153,-142.27187719969606,-142.38173960430004,0.7760497863127619,0.9163557070018887,0.9948477420121563,1.009259754659754,0.500582399527334,0.9478706386364939
bbob_f020_i80_d20,20,80,20,2,direct,12,-141.99116722332153,,-137.90279668474741,-141.99116722332153,-141.99116722332153,-142.5409942306679,-142.5409942306679,0.7368712927978445,0.9165364030868696,0.9944382558034588,1.01089135212585,0.2722126418634727,0.907722149831138
bbob_f020_i80_d20,20,80,20,2,inject,12,-141.99116722332153,,-137.90279668474741,-141.99116722332153,-141.99116722332153,-142.0204113365081,-142.0673123027158,0.7368712927978445,0.9165364030868696,0.9942187061773471,1.0103479948159775,0.6181991646016738,0.9613291506190035
bbob_f020_i80_d20,20,80,20,3,pass,12,-141.7433084129035,-138.2079140930441,-138.2079140930441,-141.7433084129035,-141.7433084129035,-142.0092116016821,-142.2480849944828,1.1422345735575314,0.9355915631220505,0.9938174335100894,0.9898817468930964,0.378647627454044,0.9316781714038027
bbob_f020_i80_d20,20,80,20,3,direct,12,-141.7433084129035,,-141.22628720887235,-141.7433084129035,-141.7433084129035,-141.8916199486242,-142.19993629912608,1.1375528393015784,0.9405379248445559,0.9933837806194338,0.9900555517719591,0.35970135921531,0.9207367719303589
bbob_f020_i80_d20,20,80,20,3,inject,12,-141.7433084129035,,-141.22628720887235,-141.7433084129035,-141.7433084129035,-141.81950058588998,-142.35146731011474,1.1945500056828626,0.9426207302917972,0.9932153588995861,0.9908713829375068,0.43336126672553227,0.9240824391062181
bbob_f021_i79_d20,21,79,20,0,pass,12,32.265414330526184,38.49005822897869,38.49005822897869,32.265414330526184,32.265414330526184,32.24554636464719,31.77174691570984,0.5098649612034176,0.9287114078934103,0.9932552952500786,0.9985197998081637,0.23202772740115662,0.8635393780636141
bbob_f021_i79_d20,21,79,20,0,direct,12,32.265414330526184,,35.09864197453156,32.265414330526184,32.265414330526184,32.15498714673302,31.78959503561217,0.5098649612034176,0.9287114078934103,0.9932923272486778,1.0006578183172539,0.23095606543644936,0.868156421633018
bbob_f021_i79_d20,21,79,20,0,inject,12,32.265414330526184,,35.09864197453156,32.265414330526184,32.265414330526184,32.265414330526184,31.787159951901874,0.5263481930676861,0.9281814131958893,0.9933657527775223,0.9992198306350158,0.2922452435656388,0.8864266539203965
bbob_f021_i79_d20,21,79,20,1,pass,12,38.15037545388181,42.95294642493566,42.95294642493566,38.15037545388181,38.095909213511725,36.69682716377694,32.252938741934386,1.022713847313049,0.9247748311168839,0.9936997957143682,1.02449799744658,0.23717206644888214,0.8571529627976562
bbob_f021_i79_d20,21,79,20,1,direct,12,38.15037545388181,,39.30724108903529,38.15037545388181,38.095909213511725,37.324591957650924,32.32937576877955,0.9422193244650214,0.9216398832466038,0.9929209769289926,1.0238398600847602,0.20533591782009825,0.8575716795957872
bbob_f021_i79_d20,21,79,20,1,inject,12,38.15037545388181,,39.30724108903529,38.15037545388181,38.095909213511725,36.22336552223469,32.27324352251283,0.9422193244650214,0.9216398832466038,0.9927324581758045,1.024369229716595,0.18141823334135365,0.8514512778173661
bbob_f021_i79_d20,21,79,20,2,pass,12,33.46725265166419,37.27924064186345,37.27924064186345,33.46725265166419,33.46725265166419,32.723458990371,31.79576829919662,1.1847209597940624,0.9802535673488257,0.9976331722092595,1.0028556040636396,0.18890557280767112,0.8642334475475785
bbob_f021_i79_d20,21,79,20,2,direct,12,33.46725265166419,,34.572700636099604,33.46725265166419,33.46725265166419,32.62172384632236,31.7912088694089,1.1849634676637135,0.9801246722070494,0.9978374088817239,1.0003941843343966,0.18533080726868323,0.8729266247384405
bbob_f021_i79_d20,21,79,20,2,inject,12,33.46725265166419,,34.572700636099604,33.46725265166419,33.46725265166419,32.38225574963356,31.81371927489311,0.9988058090284799,0.9529896016637907,0.9955089297610771,0.9929053327319255,0.23592558780442854,0.8774189691348232
bbob_f021_i79_d20,21,79,20,3,pass,12,41.913010983290434,44.39987387726324,44.39987387726324,41.913010983290434,41.913010983290434,38.18799621995778,36.79644129689812,1.0852242435441763,0.9714404884718192,0.9969981454497031,1.0311982999575597,0.19840406855909606,0.8629644085747697
bbob_f021_i79_d20,21,79,20,3,direct,12,41.913010983290434,,40.55667680300523,40.55667680300523,40.55667680300523,39.89815501458987,36.71766946312383,0.9116080716454787,0.978404034055778,0.9955216941945579,1.0355753044444556,0.22550668731431336,0.8657650527732201
bbob_f021_i79_d20,21,79,20,3,inject,12,41.913010983290434,,40.55667680300523,40.55667680300523,40.55667680300523,39.738794117959216,36.74257718881232,1.1857662526544737,0.9727202946993762,0.9953062044858235,1.019489689262891,0.19778126234993867,0.8737249012476992
bbob_f021_i80_d20,21,80,20,0,pass,12,-15.901955425174165,-4.976537425718634,-4.976537425718634,-15.901955425174165,-17.871016132428153,-17.910990221816302,-19.81346807428113,1.0136790011288372,0.9813230862961749,0.996213045875225,1.028905001976153,0.29950702034122706,0.9004588274986793
bbob_f021_i80_d20,21,80,20,0,direct,12,-15.901955425174165,,-12.789834282247124,-15.901955425174165,-17.871016132428153,-17.871016132428153,-19.782605294175383,0.9875998206454171,0.9823328860314599,0.9959803426240389,1.03103289458169,0.36637417319075977,0.8994525311982389
bbob_f021_i80_d20,21,80,20,0,inject,12,-15.901955425174165,,-12.789834282247124,-15.901955425174165,-17.871016132428153,-17.871016132428153,-19.80947592125108,0.9422172444761341,0.9799036113507811,0.9959134305400205,1.030254228034245,0.3253436073053581,0.9144196395304784
bbob_f021_i80_d20,21,80,20,1,pass,12,-9.755559187280125,1.2358556473766598,1.2358556473766598,-9.755559187280125,-11.622176253983238,-11.93931950361046,-19.428532435271734,1.6610420181136554,0.9755363028291277,0.9968376296439244,1.0217813377503242,0.4066184984715861,0.9134540472516548
bbob_f021_i80_d20,21,80,20,1,direct,12,-9.755559187280125,,-6.916318793248385,-9.755559187280125,-11.622176253983238,-12.417992351523363,-19.704490265509445,1.601463671429051,0.9781975468800347,0.9962806102515109,1.0208009420842983,0.3883218821888416,0.9081344915770673
bbob_f021_i80_d20,21,80,20,1,inject,12,-9.755559187280125,,-6.916318793248385,-9.755559187280125,-11.622176253983238,-12.213424679734509,-19.651570102270252,1.5930595002221732,0.9781084847895017,0.9962489642008943,1.021766517235426,0.5008439906844341,0.9332091525194323
bbob_f021_i80_d20,21,80,20,2,pass,12,-2.235775106459865,3.0405261406351656,3.0405261406351656,-2.235775106459865,-3.252929232081275,-5.561024798337529,-12.260903180185663,1.2030766196553235,0.9879584556877415,0.9979466893306221,1.05400514013436,0.30338715635019947,0.9047368403015345
bbob_f021_i80_d20,21,80,20,2,direct,12,-2.235775106459865,,-3.028557050581906,-3.028557050581906,-3.252929232081275,-5.45657307447264,-12.12140226219455,0.9743668041507278,0.9841661025071534,0.9974210153038867,1.052212225758119,0.3475078653193463,0.8962377615720021
bbob_f021_i80_d20,21,80,20,2,inject,12,-2.235775106459865,,-3.028557050581906,-3.028557050581906,-3.028557050581906,-3.5394686341674735,-12.282278555651388,0.9743668041507278,0.9841661025071534,0.9970485687056816,1.0533970853582926,0.2946954698190787,0.8935269188695769
bbob_f021_i80_d20,21,80,20,3,pass,12,-8.405906767094224,-9.049853234243773,-9.049853234243773,-9.049853234243773,-9.679759824923172,-12.759349911527131,-19.33802143547793,1.0121290891946695,0.957359077171727,0.9958511500560778,0.9974340399123052,0.260013360536324,0.8901494412067246
bbob_f021_i80_d20,21,80,20,3,direct,12,-8.405906767094224,,-11.815228990490079,-11.815228990490079,-11.815228990490079,-12.384619794391575,-19.547364670628035,0.9021301217896225,0.9474505786613868,0.9941912730765508,0.9916094996949322,0.5043603917676217,0.9108595559867413
bbob_f021_i80_d20,21,80,20,3,inject,12,-8.405906767094224,,-11.815228990490079,-11.815228990490079,-11.815228990490079,-12.223715181396912,-19.624807860734283,1.2686949873496545,0.961967737837436,0.9946997553533781,0.9944567924506418,0.2989169162568757,0.8928366546204708
bbob_f022_i79_d20,22,79,20,0,pass,12,-298.2628740910088,-290.38217086763575,-290.38217086763575,-298.2628740910088,-298.2628740910088,-299.310921922748,-301.6155810748799,0.9859321068207365,0.9372635991710123,0.9943366351571107,0.9938763207919213,0.3080878891913482,0.8820850467150115
bbob_f022_i79_d20,22,79,20,0,direct,12,-298.2628740910088,,-296.2983357753645,-298.2628740910088,-298.2628740910088,-300.15049247702046,-301.66167005137214,0.949848662451003,0.9353920466396715,0.993851400088472,0.9945319938231826,0.2755695258878386,0.8775619837308477
bbob_f022_i79_d20,22,79,20,0,inject,12,-298.2628740910088,,-296.2983357753645,-298.2628740910088,-298.2628740910088,-300.4071121097209,-301.7748033751023,0.949848662451003,0.9353920466396715,0.9937543991912482,0.9932352660582748,0.2232857431082546,0.8721631258319436
bbob_f022_i79_d20,22,79,20,1,pass,12,-279.0112405940605,-277.8822060617672,-277.8822060617672,-279.0112405940605,-279.0112405940605,-279.0112405940605,-280.63626154889295,0.7270952813412204,0.9709312812599965,0.9953789608232287,1.014528563121508,0.3087952747661709,0.8741948626559423
bbob_f022_i79_d20,22,79,20,1,direct,12,-279.0112405940605,,-279.027413185192,-279.027413185192,-279.027413185192,-279.50190333908637,-280.7282778737247,0.5002483616277739,0.9436536793911905,0.992637141656297,1.0127493462005652,0.20445607424583787,0.8513176139213627
bbob_f022_i79_d20,22,79,20,1,inject,12,-279.0112405940605,,-279.027413185192,-279.027413185192,-279.027413185192,-279.2992794518924,-280.7510746057659,0.45748954353743804,0.9368554153120178,0.9921766672607831,1.0165477109441614,0.1997239344463036,0.8559504704537949
bbob_f022_i79_d20,22,79,20,2,pass,12,-275.2060074777779,-267.40769808211206,-267.40769808211206,-275.2060074777779,-276.4181065643441,-277.32549625247094,-280.6606231681851,1.1136276465947073,0.9237178727924567,0.9943802638408945,1.0457273253315635,0.18563318932573844,0.8602199116141263
bbob_f022_i79_d20,22,79,20,2,direct,12,-275.2060074777779,,-272.77880788236723,-275.2060074777779,-276.4181065643441,-278.65779129926483,-280.62472395482365,1.1136276465947073,0.9237178727924567,0.9943278631996503,1.0285597729895928,0.20096919202339153,0.8632415189578441
bbob_f022_i79_d20,22,79,20,2,inject,12,-275.2060074777779,,-272.77880788236723,-275.2060074777779,-276.4181065643441,-277.63545667341845,-280.68529614092677,1.1136276465947073,0.9237178727924567,0.9943158804309591,1.0483194447444868,0.1769484283598907,0.8583624690764775
bbob_f022_i79_d20,22,79,20,3,pass,12,-265.437678591175,-263.7110578107894,-263.7110578107894,-265.437678591175,-266.66347863480564,-269.71724195394063,-272.3183216178039,0.7057565505354119,0.9241543868376589,0.9937122287930853,1.0088792427796098,0.23055479319770358,0.8601665960631266
bbob_f022_i79_d20,22,79,20,3,direct,12,-265.437678591175,,-266.0971932358653,-266.0971932358653,-266.66347863480564,-268.2047005778874,-272.3946384642475,0.6958194845956193,0.9278124436957912,0.9933271236225708,1.0119254225277168,0.17673260459180357,0.8518342587642913
bbob_f022_i79_d20,22,79,20,3,inject,12,-265.437678591175,,-266.0971932358653,-266.0971932358653,-266.66347863480564,-269.07634662274074,-272.4061038794417,0.7041103281510876,0.9298498273036754,0.9932330142250069,1.0110087860848165,0.17101825330634723,0.8486623784986584
bbob_f022_i80_d20,22,80,20,0,pass,12,-274.47527908518845,-262.98504835878043,-262.98504835878043,-274.47527908518845,-274.47527908518845,-276.8905916289488,-280.92085034197913,0.7753208448783503,0.9244558246175015,0.9936696249653609,0.9918025090178608,0.16239449326119507,0.8530189753700235
bbob_f022_i80_d20,22,80,20,0,direct,12,-274.47527908518845,,-272.6838559683349,-274.47527908518845,-274.47527908518845,-276.9021928077352,-280.86114775655375,0.8103631406675414,0.9292457769118307,0.9931244847321856,0.994125737874849,0.21948959333660673,0.8664708485620177
bbob_f022_i80_d20,22,80,20,0,inject,12,-274.47527908518845,,-272.6838559683349,-274.47527908518845,-274.47527908518845,-277.96004855321377,-280.9052278558448,0.8672036053585874,0.9345819791757718,0.9932581212875043,0.9917736336399212,0.20684586572133154,0.8561574624695719
bbob_f022_i80_d20,22,80,20,1,pass,12,-298.2793751182179,-291.52173907686176,-291.52173907686176,-298.2793751182179,-298.2793751182179,-298.52975396018905,-304.4499253446355,1.0914149350354507,0.9482501835009977,0.9945556105305438,1.0138922705959124,0.30796463705808813,0.9157794427697087
bbob_f022_i80_d20,22,80,20,1,direct,12,-298.2793751182179,,-297.1628999972785,-298.2793751182179,-298.2793751182179,-298.58234327167827,-303.82934468685306,1.0880200616618736,0.9507600627731526,0.9934044521218353,1.0102664171190057,0.41079545486660823,0.9078757340420923
bbob_f022_i80_d20,22,80,20,1,inject,12,-298.2793751182179,,-297.1628999972785,-298.2793751182179,-298.2793751182179,-299.68619593355874,-303.84976302397337,1.1049673446723411,0.9522567025458055,0.9932072354948545,1.0130968225829897,0.37713889176228194,0.9115276134924014
bbob_f022_i80_d20,22,80,20,2,pass,12,-302.5389545073833,-298.4429251707679,-298.4429251707679,-302.5389545073833,-303.66021971177753,-304.61382019129564,-305.80016007205234,0.940070524529629,0.941312772638245,0.9951534964140786,1.0272407411105575,0.18125251731552794,0.8538479469898449
bbob_f022_i80_d20,22,80,20,2,direct,12,-302.5389545073833,,-302.611118331513,-302.611118331513,-303.66021971177753,-304.41588853695197,-305.76689020462925,0.867382405240105,0.9346121838262318,0.9951158181351062,1.0357906586851902,0.16548986244182634,0.8551611601846484
bbob_f022_i80_d20,22,80,20,2,inject,12,-302.5389545073833,,-302.611118331513,-302.611118331513,-303.66021971177753,-304.5127297216873,-305.7953599021544,0.867382405240105,0.9346121838262318,0.9945315592069786,1.0351957353994727,0.17980480549090883,0.8600176539434568
bbob_f022_i80_d20,22,80,20,3,pass,12,-303.5366666361778,-302.5817496704391,-302.5817496704391,-303.5366666361778,-303.5366666361778,-304.50937906837567,-305.79131271741363,1.0248031118929786,0.9434081642545621,0.9957653224371372,1.0088694906901248,0.1763657236357069,0.8499172738671916
bbob_f022_i80_d20,22,80,20,3,direct,12,-303.5366666361778,,-303.9388023504947,-303.9388023504947,-303.9388023504947,-304.52361258029975,-305.7452778901562,0.7708564452383646,0.9450761728408035,0.9933868146942493,1.013102887973084,0.20215449805251845,0.8572972096979607
bbob_f022_i80_d20,22,80,20,3,inject,12,-303.5366666361778,,-303.9388023504947,-303.9388023504947,-303.9388023504947,-303.9388023504947,-305.77982516958235,1.0331834417580694,0.948228425314271,0.9937426062518592,1.0022283593112804,0.20372587054243987,0.858903828583176
bbob_f023_i79_d20,23,79,20,0,pass,12,-52.66941293653257,-40.13544847312981,-40.13544847312981,-52.66941293653257,-52.66941293653257,-52.66941293653257,-52.75016970916811,2.2957055063578933,1.026219608438607,0.9999758833659517,0.9900940190744555,0.8093241530859472,0.9725298554818947
bbob_f023_i79_d20,23,79,20,0,direct,12,-52.66941293653257,,-34.652278712460244,-52.66941293653257,-52.66941293653257,-52.66941293653257,-53.504563473371114,2.2957055063578933,1.026219608438607,0.9999165094511882,0.9878201760362788,0.6881235849037693,0.9723604966667487
bbob_f023_i79_d20,23,79,20,0,inject,12,-52.66941293653257,,-34.652278712460244,-52.66941293653257,-52.66941293653257,-52.66941293653257,-53.836764838168726,2.2957055063578933,1.026219608438607,0.9998174352713819,0.9902658174066663,0.6581592863099863,0.96987657246202
bbob_f023_i79_d20,23,79,20,1,pass,12,-53.78550181383116,-49.48234653532834,-49.48234653532834,-53.78550181383116,-53.78550181383116,-53.78550181383116,-53.78550181383116,2.107766505364803,0.9951205426102583,0.998108916634909,1.0609731930144566,0.8304914734088696,0.9839920197076585
bbob_f023_i79_d20,23,79,20,1,direct,12,-53.78550181383116,,-47.1714660826571,-53.78550181383116,-53.78550181383116,-53.78550181383116,-54.02108739728703,1.9689005709474867,0.9948449764357905,0.9973605144241677,1.066692776227099,0.9198222859384233,0.9764678633417694
bbob_f023_i79_d20,23,79,20,1,inject,12,-53.78550181383116,,-47.1714660826571,-53.78550181383116,-53.78550181383116,-53.78550181383116,-53.78550181383116,2.244502250476794,1.001531998026612,0.9979710401419629,1.0656690822389565,0.5661272505070754,0.9609805133762057
bbob_f023_i79_d20,23,79,20,2,pass,12,-54.53274373792026,-42.81369657592972,-42.81369657592972,-54.53274373792026,-54.53274373792026,-54.53274373792026,-54.53274373792026,1.2668269730642359,0.952598114716337,0.9953689405596167,1.0082539943964497,0.9458216411093764,0.9830213255770399
bbob_f023_i79_d20,23,79,20,2,direct,12,-54.53274373792026,,-50.25552537076853,-54.53274373792026,-54.53274373792026,-54.53274373792026,-54.53274373792026,1.239612645337074,0.9393865911388114,0.9937222571122061,1.012170557408182,0.7977466870788027,0.9651217694355884
bbob_f023_i79_d20,23,79,20,2,inject,12,-54.53274373792026,,-50.25552537076853,-54.53274373792026,-54.53274373792026,-54.53274373792026,-54.64690730241186,1.220643919574555,0.9391274013270783,0.9935278596960598,1.0127922238069185,0.8779745830134835,0.9783500256922955
bbob_f023_i79_d20,23,79,20,3,pass,12,-53.41336736672159,-45.565382231534855,-45.565382231534855,-53.41336736672159,-53.41336736672159,-53.41336736672159,-54.268618297570214,2.9288295209166026,1.0065679802696774,1.0006263945854021,1.004743036468797,0.5328435532232154,0.9402709555796827
bbob_f023_i79_d20,23,79,20,3,direct,12,-53.41336736672159,,-42.841018529137855,-53.41336736672159,-53.41336736672159,-53.41336736672159,-53.41336736672159,2.973643043123937,1.0097352421584254,1.0008004927327883,1.0040455840732192,0.635700958440521,0.9383252521973579
bbob_f023_i79_d20,23,79,20,3,inject,12,-53.41336736672159,,-42.841018529137955,-53.41336736672159,-53.41336736672159,-53.41336736672159,-53.74376979352434,2.9288295209166026,1.0065679802696774,1.0006043179438966,1.0066029423539593,0.6810863994867153,0.9612880400555368
bbob_f023_i80_d20,23,80,20,0,pass,12,129.52564922352332,139.00581067640525,139.00581067640525,129.52564922352332,129.52564922352332,129.52564922352332,128.5618529971088,1.9866927477287026,0.9835745203117249,0.9986690351679879,1.0335496461023022,0.3540419821896031,0.934986748346461
bbob_f023_i80_d20,23,80,20,0,direct,12,129.52564922352332,,132.89226785120016,129.52564922352332,129.52564922352332,129.52564922352332,129.52564922352332,1.9378128762182714,0.9886773629812186,0.9977251089133966,1.0307278749803648,0.7874815412904065,0.9810443262568642
bbob_f023_i80_d20,23,80,20,0,inject,12,129.52564922352332,,132.89226785120016,129.52564922352332,129.52564922352332,129.52564922352332,129.52564922352332,2.0845273091799954,1.0006388193701214,0.9979944902829456,1.0337660264975304,0.7472888145125126,0.9657470958668508
bbob_f023_i80_d20,23,80,20,1,pass,12,130.16237558967566,138.45254282096747,138.45254282096747,130.16237558967566,130.16237558967566,130.16237558967566,129.45231083962082,2.1276269473451923,0.9836450547949255,0.9951404490966195,0.9780771793622574,0.6693561506763844,0.9668239917666663
bbob_f023_i80_d20,23,80,20,1,direct,12,130.16237558967566,,138.1653358850689,130.16237558967566,130.16237558967566,129.64263455006912,129.64263455006912,2.159915013850487,0.9867030087801271,0.9947303201639798,0.9783911885805415,0.7182624643942008,0.9605230845188557
bbob_f023_i80_d20,23,80,20,1,inject,12,130.16237558967566,,138.1653358850689,130.16237558967566,130.16237558967566,130.16237558967566,130.16237558967566,2.19552365985872,0.9869313299100935,0.9942749132203846,0.9710056077915111,0.7217761749264052,0.9460086585086244
bbob_f023_i80_d20,23,80,20,2,pass,12,129.17112844242726,142.56956632813035,142.56956632813035,129.17112844242726,129.17112844242726,129.17112844242726,129.17112844242726,1.7449527883643507,0.9590235542042786,0.9968342318013648,0.98649308063968,0.6826855469688606,0.9674596963236143
bbob_f023_i80_d20,23,80,20,2,direct,12,129.17112844242726,,139.3789740120779,129.17112844242726,129.17112844242726,129.17112844242726,129.17112844242726,1.7573305932555412,0.9571882129630831,0.9960455484354406,0.9890088226071193,0.7545561697450826,0.97247034184739
bbob_f023_i80_d20,23,80,20,2,inject,12,129.17112844242726,,139.3789740120779,129.17112844242726,129.17112844242726,129.17112844242726,127.80230802337647,1.7478181027628814,0.9571691481457578,0.9959899506515077,0.9875404500392632,0.9134005521184366,0.9802925321322407
bbob_f023_i80_d20,23,80,20,3,pass,12,129.1495140384424,144.3425467087667,144.3425467087667,129.1495140384424,129.1495140384424,129.1495140384424,127.85815948921774,1.6470035088264983,0.9765313977686544,0.9961631060446436,0.9983776769847301,0.8102734549406543,0.9709925195069515
bbob_f023_i80_d20,23,80,20,3,direct,12,129.1495140384424,,135.43756875348367,129.1495140384424,129.1495140384424,129.1495140384424,128.88423031006533,1.5103046011600747,0.9732542469740182,0.9953111443302871,0.9953603627777472,0.8382213416875341,0.9882586496529654
bbob_f023_i80_d20,23,80,20,3,inject,12,129.1495140384424,,135.43756875348367,129.1495140384424,129.1495140384424,129.1495140384424,129.1495140384424,1.5103046011600747,0.9732542469740182,0.9949488643387249,0.9968326061518465,0.7600450090801363,0.9828592075451408
bbob_f024_i79_d20,24,79,20,0,pass,12,-816.4654895962597,-762.5825211562409,-762.5825211562409,-816.4654895962597,-816.4654895962597,-816.4654895962597,-816.4654895962597,1.4084392889945854,0.9811577399569196,1.0013077349704274,1.040257583326364,0.6972416641092433,0.9584573177104849
bbob_f024_i79_d20,24,79,20,0,direct,12,-816.4654895962597,,-742.8905496509307,-816.4654895962597,-816.4654895962597,-816.4654895962597,-835.4730585748832,1.0204408792017188,0.9522667199489745,0.9964077117084849,1.0245297133260778,0.5748559674900433,0.9614693232190893
bbob_f024_i79_d20,24,79,20,0,inject,12,-816.4654895962597,,-742.8905496509307,-816.4654895962597,-816.4654895962597,-816.4654895962597,-833.4216699111397,1.6590148761412595,0.9912752882499748,1.0010814964236936,1.0437800617470108,0.560773848543961,0.9484153393000454
bbob_f024_i79_d20,24,79,20,1,pass,12,-798.1383533169768,-708.1412448730039,-708.1412448730039,-798.1383533169768,-798.1383533169768,-798.1383533169768,-809.5582856304654,1.7409674373375605,0.9443129196499246,0.9953183752520578,0.984164341833573,0.7080088027103403,0.9447337422518247
bbob_f024_i79_d20,24,79,20,1,direct,12,-798.1383533169768,,-738.4696734431454,-798.1383533169768,-798.1383533169768,-798.1383533169768,-817.7456857185624,1.574942078668497,0.9386994658897054,0.9939712871659595,0.9832511979455357,0.5178490518732064,0.9439068311507748
bbob_f024_i79_d20,24,79,20,1,inject,12,-798.1383533169768,,-738.4696734431454,-798.1383533169768,-798.1383533169768,-798.1383533169768,-859.3490575531323,1.1906873873516033,0.9556195403837582,0.993518116711757,0.9854914260509753,0.4172538477671158,0.9231514425925746
bbob_f024_i79_d20,24,79,20,2,pass,12,-762.031012980312,-670.9614100953409,-670.9614100953409,-762.031012980312,-762.031012980312,-785.2147445512487,-793.0220779985507,1.4461124681885043,0.9506037456944199,0.9954692099917027,1.0083261049673125,0.754939470407558,0.9508234136250732
bbob_f024_i79_d20,24,79,20,2,direct,12,-762.031012980312,,-760.3006675836384,-762.031012980312,-762.031012980312,-788.0725426732008,-820.4462362183742,1.2236818790553021,0.950535286725756,0.9940458035564713,1.0067948603166523,0.5683705298974561,0.9536123871187907
bbob_f024_i79_d20,24,79,20,2,inject,12,-762.031012980312,,-760.3006675836391,-762.031012980312,-762.031012980312,-762.031012980312,-789.7811100845521,1.2236818790553021,0.950535286725756,0.993661968789667,1.0073760799294313,0.618102710795675,0.9640688785651172
bbob_f024_i79_d20,24,79,20,3,pass,12,-804.7632262225216,-715.9919640838939,-715.9919640838939,-804.7632262225216,-804.7632262225216,-804.7632262225216,-832.6237614794456,1.5498792074139855,0.9930069676424812,0.9998610090403309,1.0529712326680274,0.6441511192307492,0.950666686893148
bbob_f024_i79_d20,24,79,20,3,direct,12,-804.7632262225216,,-731.8659111881373,-804.7632262225216,-804.7632262225216,-804.7632262225216,-821.6011278280594,1.5407190708520409,0.9984667753630811,0.9997911005285476,1.0557452248488248,0.6093537126308741,0.9420105344372779
bbob_f024_i79_d20,24,79,20,3,inject,12,-804.7632262225216,,-731.8659111881373,-804.7632262225216,-804.7632262225216,-804.7632262225216,-805.1125576948255,1.5407190708520409,0.9984667753630811,0.999718396796759,1.0561328559817071,0.7855962152268838,0.948823195799238
bbob_f024_i80_d20,24,80,20,0,pass,12,249.59658016897185,295.573540250591,295.573540250591,249.59658016897185,249.59658016897185,249.59658016897185,216.42951086254183,1.2763438320485392,1.0204911060740571,1.0035817664634705,1.0161178097326804,0.87693865634674,0.968869431463071
bbob_f024_i80_d20,24,80,20,0,direct,12,249.59658016897185,,300.1027825698161,249.59658016897185,249.59658016897185,249.59658016897185,206.62662309828104,1.1795709393833802,1.0208508142517447,1.0015226218991868,1.010947105326122,0.5734710626630334,0.9516870729831525
bbob_f024_i80_d20,24,80,20,0,inject,12,249.59658016897185,,300.1027825698161,249.59658016897185,249.59658016897185,247.1289963473482,224.5906819796348,1.3799940679846545,1.0244431162688057,1.0028017253963106,1.021762833613998,0.4716960416729741,0.9405362066339932
bbob_f024_i80_d20,24,80,20,1,pass,12,266.7520047510726,288.30639891275166,288.30639891275166,266.7520047510726,266.7520047510726,255.1859597641117,235.12488688792965,1.379240797482948,0.9419330046485,0.9956827694130926,1.0236556594142867,0.5350102429526867,0.9610302108454626
bbob_f024_i80_d20,24,80,20,1,direct,12,266.7520047510726,,340.1802574084634,266.7520047510726,266.7520047510726,266.7520047510726,242.24521460287062,1.1874961057211135,0.9385490716379398,0.9958860804259865,1.0253910282813108,0.5536931659659439,0.9532039220618149
bbob_f024_i80_d20,24,80,20,1,inject,12,266.7520047510726,,340.1802574084634,266.7520047510726,266.7520047510726,222.64028729522815,222.64028729522815,1.379240797482948,0.9419330046485,0.9954324218091273,1.0130324317462416,0.5024475053038069,0.9460282634642787
bbob_f024_i80_d20,24,80,20,2,pass,12,233.42561733705315,297.83285516453896,297.83285516453896,233.42561733705315,233.42561733705315,233.42561733705315,216.5097819430904,0.9438252690943358,0.9691399156371041,0.9960473074838282,1.0168263562335726,0.4863747571181334,0.9501782562164954
bbob_f024_i80_d20,24,80,20,2,direct,12,233.42561733705315,,293.9885766214119,233.42561733705315,233.42561733705315,225.71426202312196,216.43536849474094,0.9438252690943358,0.9691399156371041,0.9960526503194685,1.0167160426381618,0.7431431999405059,0.9661633879616569
bbob_f024_i80_d20,24,80,20,2,inject,12,233.42561733705315,,293.98857662141165,233.42561733705315,233.42561733705315,233.42561733705315,198.41887545457072,0.9438252690943358,0.9691399156371041,0.9957444058154121,1.0172627643663954,0.5178708268711908,0.944340790799773
bbob_f024_i80_d20,24,80,20,3,pass,12,231.09177828235372,281.25093282620173,281.25093282620173,231.09177828235372,231.09177828235372,229.79478488819336,208.93225295310614,1.2422316279638683,0.9444802068561966,0.9953742245150184,0.9907632520282809,0.3745380640390899,0.93124125521916
bbob_f024_i80_d20,24,80,20,3,direct,12,231.09177828235372,,252.89836124858132,231.09177828235372,231.09177828235372,231.09177828235372,136.52914589522078,1.1183443455884683,0.9491116043868582,0.9935483619095092,0.9910391750860799,0.40733523450833803,0.9303362279360522
bbob_f024_i80_d20,24,80,20,3,inject,12,231.09177828235372,,252.89836124858132,231.09177828235372,231.09177828235372,231.09177828235372,189.04466317475962,1.3885829822168088,0.9501859156866899,0.993605146324362,0.989778999778611,0.5626598295973109,0.9540115033868588
