problem,function,instance,dimension,seed,mode,popsize,baseline_best,pass_proposal_f,first_f,best_h1,best_h10,best_h50,best_h100,mean_shift_generation,sigma_ratio_generation,trace_ratio_generation,condition_ratio_generation,sigma_ratio_final,trace_ratio_final
bbob_f001_i79_d05,1,79,5,0,pass,8,-999.5623677042014,-995.7536931552661,-995.7536931552661,-999.5623677042014,-999.5623677042014,-999.7191858602076,-999.9774897185658,1.0970589681290108,1.0941063620043603,1.0016954215039708,1.0362952083906534,0.26389309700055197,0.44769447038374477
bbob_f001_i79_d05,1,79,5,0,direct,8,-999.5623677042014,,-998.4478084003736,-999.5623677042014,-999.5623677042014,-999.9150956568656,-999.9850999117253,0.8610473284273737,1.0475661349261944,0.9796464528036781,0.9441172538492538,0.25489321703136075,0.4635978577513579
bbob_f001_i79_d05,1,79,5,0,inject,8,-999.5623677042014,,-998.4478084003736,-999.5623677042014,-999.5623677042014,-999.7559685755544,-999.9683377467906,0.512638908992256,0.9557435737344707,0.9491665710657279,0.9474558600201738,0.33744690037043235,0.5340779973859047
bbob_f001_i79_d05,1,79,5,1,pass,8,-998.4604884570588,-998.8353077076922,-998.8353077076922,-998.8353077076922,-999.0534280100462,-999.7643826620103,-999.9654122006937,0.64637103446026,0.8303565239876864,0.9507873438577005,1.2341422267154059,0.3516336980296101,0.46331296739704175
bbob_f001_i79_d05,1,79,5,1,direct,8,-998.4604884570588,,-998.6288236155397,-998.6288236155397,-999.0534280100462,-999.4870674989172,-999.9151107349705,0.8304327304557795,0.8339136440123147,0.9636590983085566,1.2769739941731002,0.5523390183588451,0.5367228795882162
bbob_f001_i79_d05,1,79,5,1,inject,8,-998.4604884570588,,-998.6288236155397,-998.6288236155397,-999.0534280100462,-999.704796454249,-999.9895841121462,0.6359697884020653,0.8317798346982253,0.9503256561326774,1.2209310883866176,0.3182757075213451,0.4791576783851255
bbob_f001_i79_d05,1,79,5,2,pass,8,-999.1830607033048,-998.2235877811039,-998.2235877811039,-999.1830607033048,-999.4886313158171,-999.7864640127547,-999.9849025885933,0.7476955216200903,0.8766028243188584,0.9444328899804463,1.057391646276993,0.44809365319399974,0.531079316898632
bbob_f001_i79_d05,1,79,5,2,direct,8,-999.1830607033048,,-999.0506866209947,-999.1830607033048,-999.4886313158171,-999.8450767399418,-999.940062365946,0.7313818386034153,0.8717739082577974,0.9416005368304721,1.0519483455727816,0.3970024651735954,0.5288339138642716
bbob_f001_i79_d05,1,79,5,2,inject,8,-999.1830607033048,,-999.0506866209947,-999.1830607033048,-999.4886313158171,-999.9744566854379,-999.9744566854379,0.7313818386034153,0.8717739082577974,0.9471364991048234,1.1055645819997875,0.3005714864459079,0.5213720618875899
bbob_f001_i79_d05,1,79,5,3,pass,8,-999.6544546332209,-998.8356658699795,-998.8356658699795,-999.6544546332209,-999.6544546332209,-999.9738003635691,-999.9919386209193,0.2646449662749605,0.8849116056068553,0.9342990295804204,1.0106203945579952,0.2085268368100882,0.4634900953996439
bbob_f001_i79_d05,1,79,5,3,direct,8,-999.6544546332209,,-999.5750993758871,-999.6544546332209,-999.6544546332209,-999.9446841995965,-999.9897171900616,0.28062555166203107,0.8802465297358463,0.9255157522607395,0.972855782411347,0.20132317657756213,0.46568948466921584
bbob_f001_i79_d05,1,79,5,3,inject,8,-999.6544546332209,,-999.5750993758871,-999.6544546332209,-999.6544546332209,-999.9780609992896,-999.9780609992896,0.19827089299671127,0.8673919136138142,0.924787197259847,1.0344550239729993,0.3343286602705007,0.5229663174379424
bbob_f001_i80_d05,1,80,5,0,pass,8,-40.34063849841123,-38.91874289798616,-38.91874289798616,-40.34063849841123,-40.65058824234419,-41.349912359419186,-41.55436848794607,1.0971717390458602,0.9709597926195592,0.9821706054928531,0.9710435685865012,0.2564452759675171,0.5144922714145762
bbob_f001_i80_d05,1,80,5,0,direct,8,-40.34063849841123,,-40.41992335815381,-40.41992335815381,-40.65058824234419,-41.46768485462955,-41.5614315235941,0.9488350479762384,0.9195391015788134,0.9558751756424159,0.9521689728447235,0.2735197722529253,0.49293558655153646
bbob_f001_i80_d05,1,80,5,0,inject,8,-40.34063849841123,,-40.41992335815381,-40.41992335815381,-40.65058824234419,-41.47475232904418,-41.489894990429946,1.0162655005238035,0.9969209988701307,0.9632966531886016,0.9800534904245967,0.2891036688320815,0.5057797641526495
bbob_f001_i80_d05,1,80,5,1,pass,8,-41.34353620541896,-40.26475631958399,-40.26475631958399,-41.34353620541896,-41.41587195966923,-41.51118269001849,-41.57154962012087,0.49368561618256046,0.8847496862813736,0.9489947098588821,1.0109818606232925,0.2707293934859677,0.45668358279896093
bbob_f001_i80_d05,1,80,5,1,direct,8,-41.34353620541896,,-40.9784849966555,-41.34353620541896,-41.34353620541896,-41.531201322799625,-41.5643672763315,0.4630915057539526,0.8848437271617147,0.9363543952865546,0.9706036167159708,0.35477406760340674,0.5041580495249318
bbob_f001_i80_d05,1,80,5,1,inject,8,-41.34353620541896,,-40.9784849966555,-41.34353620541896,-41.34353620541896,-41.53367553617624,-41.57539629400598,0.6211470941603302,0.8930652333620556,0.9479048080455623,1.0854294514252012,0.32065521302859784,0.5371888222175855
bbob_f001_i80_d05,1,80,5,2,pass,8,-41.03849474664737,-39.48221485663797,-39.48221485663797,-41.03849474664737,-41.25582299076187,-41.4836606888656,-41.568505576161805,0.42645893343346275,0.8445126361470264,0.923147614081226,0.9894903862894472,0.3357303683976833,0.48458580106117166
bbob_f001_i80_d05,1,80,5,2,direct,8,-41.03849474664737,,-40.472737000287246,-41.03849474664737,-41.30594154102525,-41.547678015914045,-41.55834557223918,0.4051459114489052,0.8395602761293007,0.9309890651502978,1.0347909793104697,0.22201995214752002,0.48591323271515824
bbob_f001_i80_d05,1,80,5,2,inject,8,-41.03849474664737,,-40.472737000287246,-41.03849474664737,-41.25582299076187,-41.547043941019176,-41.576028383806026,0.4051459114489052,0.8395602761293007,0.9225949228293991,1.00083449469801,0.29011099096603693,0.47344038690828544
bbob_f001_i80_d05,1,80,5,3,pass,8,-41.39873122244475,-40.61819269597147,-40.61819269597147,-41.39873122244475,-41.39873122244475,-41.47484620535183,-41.571398365076455,0.2796002561115946,0.9719977970311292,0.9459837414243608,0.9015602283152189,0.3814552707651759,0.529642636015753
bbob_f001_i80_d05,1,80,5,3,direct,8,-41.39873122244475,,-41.03783444722149,-41.39873122244475,-41.48989323982178,-41.52184979945118,-41.565269371926824,0.1651348548515881,0.9100940001716507,0.9279470124349124,0.9441537831714709,0.3489088312179407,0.5179775871755394
bbob_f001_i80_d05,1,80,5,3,inject,8,-41.39873122244475,,-41.03783444722149,-41.39873122244475,-41.39873122244475,-41.41339089577153,-41.570584181512174,0.1651348548515881,0.9100940001716507,0.9216206338805343,0.8845550657675354,0.4066541449363087,0.5400853064440048
bbob_f002_i79_d05,2,79,5,0,pass,8,4173.162761315168,112435.46882902943,112435.46882902943,4173.162761315168,4173.162761315168,680.0471576522128,173.4175105277489,1.2354650571901642,0.9115335319677986,1.0563566823063208,1.4489916440252186,0.2966868785468512,1.0176309250934528
bbob_f002_i79_d05,2,79,5,0,direct,8,4173.162761315168,,16886.844972827254,4173.162761315168,4173.162761315168,231.354044809094,217.11640922839513,0.4351253903486227,0.8762190048125924,1.0015390863696947,1.305170120530135,0.29247970970771087,0.853942011880621
bbob_f002_i79_d05,2,79,5,0,inject,8,4173.162761315168,,16886.844972827254,4173.162761315168,4173.162761315168,2475.598871305555,1017.6328976896547,0.4351253903486227,0.8762190048125924,0.9977273644420408,1.3025681477759692,0.29604673671196774,0.8041094742282262
bbob_f002_i79_d05,2,79,5,1,pass,8,18995.972889120643,169841.4129679665,169841.4129679665,18995.972889120643,18995.972889120643,5572.088591980952,2272.1345574357883,2.2169473842727996,0.9385197529822942,1.0154148728875723,1.2833364397815126,0.4020225786033114,0.7566640789239725
bbob_f002_i79_d05,2,79,5,1,direct,8,18995.972889120643,,120226.44387982001,18995.972889120643,18995.972889120643,5810.394239547523,1398.4920943198179,2.122410215327784,0.936556006690799,1.0114023019234226,1.2707768513681517,0.5350826591404545,0.8535686786703978
bbob_f002_i79_d05,2,79,5,1,inject,8,18995.972889120643,,120226.44387982001,18995.972889120643,18995.972889120643,5246.745018260491,2477.885056182088,2.122410215327784,0.936556006690799,1.007690304418969,1.2449245148450538,0.28930815486288985,0.71486796598831
bbob_f002_i79_d05,2,79,5,2,pass,8,5041.084270529088,385862.0949925994,385862.0949925994,5041.084270529088,5041.084270529088,3186.292072172885,3186.292072172885,2.6938774886531385,0.9309398417649675,0.9986202654461425,1.0864261417901746,0.7528014404616753,1.2857073568002018
bbob_f002_i79_d05,2,79,5,2,direct,8,5041.084270529088,,303325.1462217766,5041.084270529088,5041.084270529088,289.4403707145313,289.4403707145313,2.7144794774988887,0.9339175504645951,1.000159277728135,1.0867298866562707,0.4321588720559597,1.1407836434689675
bbob_f002_i79_d05,2,79,5,2,inject,8,5041.084270529088,,303325.1462217766,5041.084270529088,5041.084270529088,3136.6748866397224,881.3538643883612,1.9844446698857718,0.8616941933513323,0.9553382612843033,1.0249680259264085,0.4544083088975642,1.1384777991762045
bbob_f002_i79_d05,2,79,5,3,pass,8,19061.94228906287,85028.33886955786,85028.33886955786,19061.94228906287,10453.77254180239,7694.236603330775,1802.5749428017666,1.2975416621606954,0.9488396913747154,1.0088790588149181,1.2043691309238675,0.40820798176708656,0.8188267867712162
bbob_f002_i79_d05,2,79,5,3,direct,8,19061.94228906287,,74793.30912708482,19061.94228906287,10453.77254180239,7688.153877576343,1771.3854916492378,1.2975416621606954,0.9488396913747154,1.0090644990138329,1.2065942799254141,0.40773360869940045,0.8187957915619059
bbob_f002_i79_d05,2,79,5,3,inject,8,19061.94228906287,,74793.30912708482,19061.94228906287,10453.77254180239,2059.8598482483562,662.2186263428058,1.2681108885635688,0.9466328806652907,1.0056488994865285,1.2053785729045958,0.5099171649029056,0.8551551122103473
bbob_f002_i80_d05,2,80,5,0,pass,8,14595.197818377677,203800.68361036482,203800.68361036482,14595.197818377677,14595.197818377677,3204.398772942335,2112.647126860847,1.6817193925354892,0.9798517410461401,1.017095495511663,1.2244959395926158,0.42823089974785017,0.9214123539726
bbob_f002_i80_d05,2,80,5,0,direct,8,14595.197818377677,,76570.79083930253,14595.197818377677,14595.197818377677,2657.0826623672738,1357.6530709201127,1.39193384689873,0.936177096818844,1.0090303589258813,1.1908865301564917,0.24136757556322225,0.8924144224232684
bbob_f002_i80_d05,2,80,5,0,inject,8,14595.197818377677,,76570.79083930253,14595.197818377677,14595.197818377677,3205.756103944113,1089.059372309097,1.37113774753824,0.9340313260451427,1.0009562190181012,1.2274303633119725,0.3602069111308084,0.881359507148697
bbob_f002_i80_d05,2,80,5,1,pass,8,11436.590713125324,16614.828661544223,16614.828661544223,11436.590713125324,11436.590713125324,3092.9492690318934,694.7785395050346,2.083820445113952,0.91311886599181,1.0293004469401614,1.485851958318347,0.2602939286600861,0.7570058298433252
bbob_f002_i80_d05,2,80,5,1,direct,8,11436.590713125324,,14742.87898003861,11436.590713125324,11436.590713125324,2153.1646735632053,1149.2332847238267,1.7393485047888875,0.8850054792132224,1.008582636662577,1.4258508503547203,0.2554849800857868,0.76143232784575
bbob_f002_i80_d05,2,80,5,1,inject,8,11436.590713125324,,14742.87898003861,11436.590713125324,11436.590713125324,6699.178451172947,1438.3183820436202,3.2277458245873683,1.0129004337156973,1.0662208912477336,1.4550853455368014,0.378703979662469,0.8583567085749163
bbob_f002_i80_d05,2,80,5,2,pass,8,18842.240168499364,154048.8360993151,154048.8360993151,18842.240168499364,6909.849084178174,6909.849084178174,640.6918255598397,1.189069164317025,0.9979740105414383,0.9554573981783605,0.9156964881473794,0.9875604407808531,1.214585402177996
bbob_f002_i80_d05,2,80,5,2,direct,8,18842.240168499364,,39385.676433948334,18842.240168499364,6909.849084178174,6909.849084178174,2031.9717032273757,1.2485087341810315,1.0062106683140393,0.9683770247445431,1.003832902646148,0.9587607097942138,1.2894842826982078
bbob_f002_i80_d05,2,80,5,2,inject,8,18842.240168499364,,39385.676433948334,18842.240168499364,6909.849084178174,6909.849084178174,6909.849084178174,0.854686584124853,0.9447034743128819,0.9181386852137039,0.8139411152789017,0.7185258092585584,1.2456118995735663
bbob_f002_i80_d05,2,80,5,3,pass,8,8845.56239466288,25743.91823255843,25743.91823255843,8845.56239466288,8845.56239466288,8276.043063326373,2738.8640227210067,0.49432926391869436,0.8894258065699983,0.9413124388173271,1.0733741593751682,0.6982950021042057,1.101359498585389
bbob_f002_i80_d05,2,80,5,3,direct,8,8845.56239466288,,28976.817540502034,8845.56239466288,8845.56239466288,8466.05122929961,2771.380380627779,0.399879004359121,0.8840611512579483,0.9359684224065686,1.0638725305003573,0.7108477928575967,1.1049038760580294
bbob_f002_i80_d05,2,80,5,3,inject,8,8845.56239466288,,28976.817540502034,8845.56239466288,8845.56239466288,8845.56239466288,2808.9863479913683,0.5025125586615299,0.8873131843070141,0.9529611508785784,1.1536148269726527,0.6418480011611185,1.0716088014331004
bbob_f003_i79_d05,3,79,5,0,pass,8,171.84485189132164,183.40076083197624,183.40076083197624,171.84485189132164,160.20902749982542,160.20902749982542,160.20902749982542,1.179425296876852,0.948475956847974,0.9927284873367981,1.185273189684531,0.5654941146289535,0.7006251788825597
bbob_f003_i79_d05,3,79,5,0,direct,8,171.84485189132164,,182.3096849131831,171.84485189132164,171.84485189132164,162.7359186351764,162.7359186351764,0.855713596705064,0.899753923692194,0.958858211465115,1.1464224595502348,0.5517131759389864,0.731255782270893
bbob_f003_i79_d05,3,79,5,0,inject,8,171.84485189132164,,182.3096849131831,171.84485189132164,171.84485189132164,163.31009424925162,144.8397346574428,1.1425967267459711,0.9668292916030641,0.9773501170345325,1.1499667140222471,0.3927299636514449,0.6471503023300916
bbob_f003_i79_d05,3,79,5,1,pass,8,168.32624563750548,186.4994992084928,186.4994992084928,168.32624563750548,168.32624563750548,148.17832352463168,148.17832352463168,0.8707997667215347,0.9395779164566657,0.9465080279116844,1.0172919723205454,0.5737435461198969,0.6944241923911586
bbob_f003_i79_d05,3,79,5,1,direct,8,168.32624563750548,,203.32447965807256,168.32624563750548,168.32624563750548,168.32624563750548,168.32624563750548,0.9456057574101763,0.9564105842206544,0.946187858040012,1.0218215600371305,0.7381200675966985,0.6024607767354249
bbob_f003_i79_d05,3,79,5,1,inject,8,168.32624563750548,,203.32447965807256,168.32624563750548,168.32624563750548,152.27087038045363,152.27087038045363,0.8526690385847738,0.9367451318135557,0.950221839261113,1.0214398959776185,0.5120663730976417,0.6551710467922713
bbob_f003_i79_d05,3,79,5,2,pass,8,180.4104147841274,235.12263187646568,235.12263187646568,180.4104147841274,180.4104147841274,168.8667923935912,155.9668996458817,1.3367334106380613,0.9826093255051115,0.9872243356534467,0.969182133154108,0.5592311237292066,0.6593125088051602
bbob_f003_i79_d05,3,79,5,2,direct,8,180.4104147841274,,189.37568453507714,180.4104147841274,180.4104147841274,163.08880236733467,160.82858462353255,1.7555152088465544,1.0811939392961105,1.0334636912837127,1.1488167470939639,0.6413003627333332,0.8918837630815294
bbob_f003_i79_d05,3,79,5,2,inject,8,180.4104147841274,,189.37568453507714,180.4104147841274,180.4104147841274,180.18720593104587,154.1369327985465,1.8494734487048472,1.0974938602065278,1.0270113567436792,1.0837750654315728,0.7460960509104526,0.8288543074391992
bbob_f003_i79_d05,3,79,5,3,pass,8,164.20331124373482,200.31349412875304,200.31349412875304,164.20331124373482,164.20331124373482,164.20331124373482,155.32058265605872,0.9266392708381235,1.0079193383252187,1.0121120148069076,1.1467802899014454,0.4860224324128033,0.7459465963547187
bbob_f003_i79_d05,3,79,5,3,direct,8,164.20331124373482,,192.12732558893282,164.20331124373482,164.20331124373482,157.66363427919737,147.2227332287294,0.8295580422029769,0.9935455756432506,1.003864118537714,1.1837695643620576,0.37500382167571944,0.7569296006516015
bbob_f003_i79_d05,3,79,5,3,inject,8,164.20331124373482,,192.12732558893282,164.20331124373482,164.20331124373482,164.20331124373482,146.91135357954124,0.8295580422029769,0.9935455756432506,1.0067160189776772,1.1803939305345914,0.6815903422293188,0.7703708620909109
bbob_f003_i80_d05,3,80,5,0,pass,8,84.34613438502122,119.11529597692507,119.11529597692507,84.34613438502122,84.34613438502122,67.16874437092638,67.16874437092638,0.9441457266262651,0.987675507102335,0.9749951663002792,1.0035102415561923,1.0751691476145155,0.7878640611227676
bbob_f003_i80_d05,3,80,5,0,direct,8,84.34613438502122,,101.74303135149606,84.34613438502122,84.34613438502122,66.19292767407313,66.19292767407313,0.9161761404531177,0.9944504642255573,0.9731498824260926,0.9814605086065511,0.9019711093980358,0.8835500482817409
bbob_f003_i80_d05,3,80,5,0,inject,8,84.34613438502122,,101.74303135149606,84.34613438502122,84.34613438502122,67.3137439911258,64.43356049628932,0.7712800750243742,0.967496641850276,0.9658009910602473,0.9919306872561304,0.8368469366646776,0.7308231392221406
bbob_f003_i80_d05,3,80,5,1,pass,8,63.632362556819466,113.15040896725189,113.15040896725189,63.632362556819466,63.632362556819466,63.632362556819466,57.235280840038534,1.1497296017087195,0.9690108456809026,0.9941114623842834,1.107225516592012,0.45829630558792755,0.6862879596685539
bbob_f003_i80_d05,3,80,5,1,direct,8,63.632362556819466,,77.23442409348644,63.632362556819466,63.632362556819466,63.632362556819466,59.06080338634718,0.8295845582903714,0.8813694333993939,0.9854594283120327,1.170947046093087,0.7211292883172937,0.7360547542164863
bbob_f003_i80_d05,3,80,5,1,inject,8,63.632362556819466,,77.23442409348644,63.632362556819466,63.632362556819466,63.632362556819466,63.632362556819466,0.922439942543404,0.8978114197762175,0.9923836422553678,1.2026540653348392,0.41530103877933106,0.6051450588809087
bbob_f003_i80_d05,3,80,5,2,pass,8,72.10361894288658,106.64612660311712,106.64612660311712,72.10361894288658,72.10361894288658,64.6064102005698,62.829345310193446,1.3772814615011428,0.9367539715421679,0.9571536409391991,0.9637568159104718,0.3741746042745244,0.6557753124984994
bbob_f003_i80_d05,3,80,5,2,direct,8,72.10361894288658,,138.83780194207498,72.10361894288658,72.10361894288658,66.16063777827236,66.16063777827236,1.294298891375284,0.9256261388182402,0.9436242318329422,0.9259118338781971,0.46208117331582493,0.6401289099233485
bbob_f003_i80_d05,3,80,5,2,inject,8,72.10361894288658,,138.837801942075,72.10361894288658,72.10361894288658,71.75389372743524,65.81177660348567,1.3772814615011428,0.9367539715421679,0.9643933684070178,0.9909924236766495,0.49908893439896435,0.6782570100902595
bbob_f003_i80_d05,3,80,5,3,pass,8,62.0518074648741,119.04638248938193,119.04638248938193,62.0518074648741,62.0518074648741,62.0518074648741,53.165840153470945,1.5308976860846235,0.9824415608701194,0.9896842246561279,1.0538520874863915,0.6470549878678022,0.8177544682014766
bbob_f003_i80_d05,3,80,5,3,direct,8,62.0518074648741,,103.8704575793316,62.0518074648741,62.0518074648741,62.0518074648741,59.71072257943665,1.5308976860846235,0.9824415608701194,1.0000545518395605,1.0723959017952003,0.45322403303464814,0.7915801611105665
bbob_f003_i80_d05,3,80,5,3,inject,8,62.0518074648741,,103.8704575793316,62.0518074648741,62.0518074648741,62.0518074648741,52.8536402044272,1.2413280724863152,0.9565353409546421,0.9578648177680338,0.9320024030740058,0.6916499713073117,0.7649460736178888
bbob_f004_i79_d05,4,79,5,0,pass,8,172.87299655841946,225.60529158515638,225.60529158515638,172.87299655841946,172.87299655841946,153.3978718250081,152.82204376962255,0.9323563730102952,1.0128531089301809,0.9818880305630068,1.0155244256991558,0.5253689758312078,0.7449175696815484
bbob_f004_i79_d05,4,79,5,0,direct,8,172.87299655841946,,227.94652722538268,172.87299655841946,172.87299655841946,161.6099447527953,161.6099447527953,0.9323563730102952,1.0128531089301809,0.9781621101173072,0.9957400772993534,0.36914600584923934,0.6740809321084325
bbob_f004_i79_d05,4,79,5,0,inject,8,172.87299655841946,,227.94652722538268,172.87299655841946,172.87299655841946,172.87299655841946,172.87299655841946,0.859922756231148,0.991370239697498,0.9765420995815595,0.9915814341744372,0.8707654624214153,0.9138158977642187
bbob_f004_i79_d05,4,79,5,1,pass,8,175.9955742089519,238.01622105751989,238.01622105751989,175.9955742089519,175.9955742089519,169.0363025645472,158.1995821627767,0.873168885217206,0.889667458765691,0.9564589322100918,1.0937591338429777,0.5786155087245528,0.6615916614184488
bbob_f004_i79_d05,4,79,5,1,direct,8,175.9955742089519,,226.30126237207924,175.9955742089519,175.9955742089519,172.93818728110622,172.93818728110622,0.873168885217206,0.889667458765691,0.9521319962965262,1.0649853760169465,0.5148293802986713,0.7654030666369536
bbob_f004_i79_d05,4,79,5,1,inject,8,175.9955742089519,,226.30126237207924,175.9955742089519,175.9955742089519,159.64293051685647,159.64293051685647,0.873168885217206,0.889667458765691,0.9570998138382607,1.0991565133090977,0.7569224811144077,0.7506226968051057
bbob_f004_i79_d05,4,79,5,2,pass,8,180.4056676883764,224.69813473967497,224.69813473967497,180.4056676883764,180.4056676883764,165.37701682340253,165.37701682340253,0.7276626483597647,0.9638090204551553,0.9827992080167978,0.9926477273539307,0.7282430373948988,0.9083605840417123
bbob_f004_i79_d05,4,79,5,2,direct,8,180.4056676883764,,230.2963958074852,180.4056676883764,180.4056676883764,176.0859903990445,169.52473704177325,0.7276626483597647,0.9638090204551553,0.9830390034432436,0.997002118893829,0.6723134314298592,0.7649391306707316
bbob_f004_i79_d05,4,79,5,2,inject,8,180.4056676883764,,230.2963958074852,180.4056676883764,180.4056676883764,180.2272576024934,164.8828631071319,1.365775309491745,1.1125219777502116,1.0218718826046926,1.0904060270527216,0.6492503085982003,0.7777615038605424
bbob_f004_i79_d05,4,79,5,3,pass,8,178.91998161431042,210.70393090486948,210.70393090486948,178.91998161431042,161.5621811190017,158.21747196035122,158.21747196035122,1.123631272936253,1.0274084516108286,1.0123663764531172,1.2658819688668042,0.6482811984893062,0.7278618159873561
bbob_f004_i79_d05,4,79,5,3,direct,8,178.91998161431042,,203.34481055523528,178.91998161431042,161.5621811190017,161.5621811190017,159.1990353675065,1.069006662608741,1.0321383474763624,1.01009294782388,1.2462644735865704,0.5327200591398349,0.7537806951832235
bbob_f004_i79_d05,4,79,5,3,inject,8,178.91998161431042,,203.34481055523528,178.91998161431042,178.91998161431042,169.43348135237616,156.2330793967072,0.25432293303080905,0.8431466651167155,0.9242486569062204,1.0803041910262727,0.568482261595939,0.6934954735207617
bbob_f004_i80_d05,4,80,5,0,pass,8,79.43495130334693,176.65231208257288,176.65231208257288,79.43495130334693,79.43495130334693,68.54593957309906,65.74200598006793,1.0917611424609734,0.9141599937655791,0.9293383557414411,0.8874787649246567,0.4435981636119327,0.6150485025034801
bbob_f004_i80_d05,4,80,5,0,direct,8,79.43495130334693,,167.1429598616832,79.43495130334693,79.43495130334693,79.43495130334693,79.43495130334693,1.0917611424609734,0.9141599937655791,0.9295392830051156,0.8825853678302894,0.5106125972070065,0.6960209052126073
bbob_f004_i80_d05,4,80,5,0,inject,8,79.43495130334693,,167.1429598616832,79.43495130334693,79.43495130334693,79.43495130334693,70.48448285095505,1.094685880317377,0.8714836000278706,0.9340349659220288,0.9538698529694919,0.4209804454152024,0.796520057283166
bbob_f004_i80_d05,4,80,5,1,pass,8,84.60119518483572,125.34870781105931,125.34870781105931,84.60119518483572,84.60119518483572,61.27158942763651,61.27158942763651,0.8637811805571921,0.8694158530438243,0.9386815269284421,0.9842094524018009,0.5945176300317382,0.5974970602793143
bbob_f004_i80_d05,4,80,5,1,direct,8,84.60119518483572,,92.84080044289277,84.60119518483572,84.60119518483572,67.97671658832958,67.97671658832958,1.0665495110020073,0.9406851513464347,0.9673720162281296,1.0888209918469076,0.5330370823945505,0.6490556236745759
bbob_f004_i80_d05,4,80,5,1,inject,8,84.60119518483572,,92.84080044289277,84.60119518483572,84.60119518483572,70.90188398553042,70.90188398553042,1.165503496227357,0.9494237440245832,0.9796977226681587,1.1359526436014884,0.43456023549800493,0.6525145345973833
bbob_f004_i80_d05,4,80,5,2,pass,8,75.10418846194162,141.92861468967413,141.92861468967413,75.10418846194162,75.10418846194162,66.66431405578321,66.66431405578321,0.5462773513972266,0.8620667669814641,0.9121699005688069,0.9413744765942349,0.5301491398291123,0.7422810690657009
bbob_f004_i80_d05,4,80,5,2,direct,8,75.10418846194162,,85.28364639290776,75.10418846194162,75.10418846194162,75.10418846194162,60.309909828502896,0.8802122565057893,0.9210100396731328,0.938247593214787,0.9894907271697593,0.5017813279272789,0.6539496306580574
bbob_f004_i80_d05,4,80,5,2,inject,8,75.10418846194162,,85.28364639290776,75.10418846194162,75.10418846194162,67.15794785652388,65.89279078809244,0.8802122565057893,0.9210100396731328,0.9320353572789124,0.943416561296187,0.5406579558428191,0.721005899470449
bbob_f004_i80_d05,4,80,5,3,pass,8,121.19097524331622,121.12758352725473,121.12758352725473,121.12758352725473,121.12758352725473,90.55788179878246,86.89434969432635,0.981715387152086,0.8382794959741431,0.9480461377046198,1.1756151375526833,0.7108158645222933,0.7255020805600526
bbob_f004_i80_d05,4,80,5,3,direct,8,121.19097524331622,,157.93600505258073,121.19097524331622,121.19097524331622,109.85975514514598,87.03977030856987,0.5930473832540241,0.898003549374498,0.9462504591027374,1.1159305345013544,0.474925458970956,0.6011396628663922
bbob_f004_i80_d05,4,80,5,3,inject,8,121.19097524331622,,157.93600505258073,121.19097524331622,121.12758352725473,84.18801840738935,75.71290275570797,0.981715387152086,0.8382794959741431,0.9503215150401778,1.2108740619328187,0.7195869365522615,0.6222979015944553
bbob_f005_i79_d05,5,79,5,0,pass,8,-21.200537623102345,-8.28029056998459,-8.28029056998459,-21.200537623102345,-21.200537623102345,-23.87100635789949,-23.87100635789949,0.7254862310026386,1.0164634523682265,0.9919629145439647,1.1684345920371293,1.2019970199589751,1.18899501787174
bbob_f005_i79_d05,5,79,5,0,direct,8,-21.200537623102345,,-14.094401743887587,-21.200537623102345,-21.200537623102345,-25.17614070135933,-25.404614753616936,0.7630124613955888,1.030029736671267,1.0043546955754774,1.2253395928229194,0.3573702691415928,0.8194528806198731
bbob_f005_i79_d05,5,79,5,0,inject,8,-21.200537623102345,,-14.094401743887587,-21.200537623102345,-23.402913733571562,-25.72761136003289,-25.72895824730041,0.7630124613955888,1.030029736671267,0.9935764204265528,1.1644566977266813,0.4145629342677878,0.9143573372781014
bbob_f005_i79_d05,5,79,5,1,pass,8,-15.025502825928976,-2.0538146129365273,-2.0538146129365273,-15.025502825928976,-15.025502825928976,-19.588935823950713,-19.588935823950713,2.0612956465659167,0.8898954876948341,0.9844205608459717,1.495960517459121,0.4229737243022395,1.2896090111279332
bbob_f005_i79_d05,5,79,5,1,direct,8,-15.025502825928976,,-7.8910743087831285,-15.025502825928976,-15.025502825928976,-19.82409942051425,-19.82409942051425,1.9743358817896735,0.8942528978982456,0.9823269810359976,1.491026851180558,0.3778918451527311,0.9219051236239192
bbob_f005_i79_d05,5,79,5,1,inject,8,-15.025502825928976,,-7.8910743087831285,-15.025502825928976,-15.025502825928976,-17.83188523586297,-17.83188523586297,1.003549510521741,0.9756016685026634,0.9870438946222189,1.5221214427357983,0.3918159206450257,1.061116896271206
bbob_f005_i79_d05,5,79,5,2,pass,8,-15.185767615257188,-7.92767525693619,-7.92767525693619,-15.185767615257188,-15.185767615257188,-15.185767615257188,-15.185767615257188,1.1619588775894587,0.8497139826997256,0.9981284785320852,1.5562534767974663,0.4306030677397132,0.8104908582214954
bbob_f005_i79_d05,5,79,5,2,direct,8,-15.185767615257188,,-6.498912839172704,-15.185767615257188,-15.185767615257188,-15.185767615257188,-15.185767615257188,0.6260052351251849,0.8001114687056181,0.9841744500326505,1.589469502741494,0.5907680113241978,0.8936859853630879
bbob_f005_i79_d05,5,79,5,2,inject,8,-15.185767615257188,,-6.498912839172704,-15.185767615257188,-15.185767615257188,-15.185767615257188,-16.539507359326535,1.0279231188473015,0.8482057632817,0.9906086258566418,1.5689797569785757,0.8239954589641488,1.2351910271293034
bbob_f005_i79_d05,5,79,5,3,pass,8,-21.189729118209883,-14.214990108461647,-14.214990108461647,-21.189729118209883,-21.679098700517425,-25.352794882455633,-26.807524584113683,0.6589396755602546,0.8639338624295806,0.9473840500509751,0.9959305572503271,0.3865404673351102,0.7437719030541153
bbob_f005_i79_d05,5,79,5,3,direct,8,-21.189729118209883,,-16.600269985749076,-21.189729118209883,-21.189729118209883,-22.353024149337887,-26.242021689309393,0.6780418094370736,0.8652064895856103,0.9511289758376871,1.0430528007037474,0.4776877300463971,0.6166340903980873
bbob_f005_i79_d05,5,79,5,3,inject,8,-21.189729118209883,,-16.600269985749076,-21.189729118209883,-21.189729118209883,-23.982086554862576,-27.78658611979128,0.6780418094370736,0.8652064895856103,0.9450357363141472,0.9841113904980168,0.6161750925632863,0.8319166729147103
bbob_f005_i80_d05,5,80,5,0,pass,8,-14.146764848344876,-4.406854702942034,-4.406854702942034,-14.146764848344876,-17.015275784261725,-27.430025324924415,-31.270863263727,2.6539777035095766,1.035003647199768,1.0816577640643747,1.6140041060024608,0.8403942335438517,1.3034476727455182
bbob_f005_i80_d05,5,80,5,0,direct,8,-14.146764848344876,,-8.789814268373313,-14.146764848344876,-17.015275784261725,-17.952469773994608,-25.843326860669308,2.5057767352619367,1.0281120690549592,1.0670668047486507,1.5877274804051404,0.7575599739062703,1.1294011635429284
bbob_f005_i80_d05,5,80,5,0,inject,8,-14.146764848344876,,-8.789814268373313,-14.146764848344876,-17.015275784261725,-23.734692947643943,-23.734692947643943,2.632451972760835,1.0398361855929485,1.0729345393572203,1.596222919990328,1.5109462023029177,1.4009215662359855
bbob_f005_i80_d05,5,80,5,1,pass,8,-28.89388818684278,-17.8770881449401,-17.8770881449401,-28.89388818684278,-28.89388818684278,-29.567986356945276,-30.248943302097103,0.5295246906386326,0.9142164241669238,0.9546431744713292,1.163400968236781,0.3927391153709466,0.6574989286462569
bbob_f005_i80_d05,5,80,5,1,direct,8,-28.89388818684278,,-22.834648163796306,-28.89388818684278,-28.89388818684278,-28.89388818684278,-31.94085470984775,0.5298295155877836,0.9169270395699946,0.9534978672374377,1.1831562731799374,0.38084274015243447,0.6275024520564986
bbob_f005_i80_d05,5,80,5,1,inject,8,-28.89388818684278,,-22.834648163796306,-28.89388818684278,-28.89388818684278,-28.89388818684278,-30.810375024985724,0.5298295155877836,0.9169270395699946,0.9303180719227474,0.9733210450973707,0.4895499057027761,0.7667359804002071
bbob_f005_i80_d05,5,80,5,2,pass,8,-29.836484131199274,-25.479706548871285,-25.479706548871285,-29.836484131199274,-30.577571068150494,-30.577571068150494,-30.577571068150494,1.0289112115163788,0.8287387443959623,0.9988244586410199,1.207908718493111,0.3759052481858185,1.0080555363871244
bbob_f005_i80_d05,5,80,5,2,direct,8,-29.836484131199274,,-26.678600464133996,-29.836484131199274,-30.429576197526313,-31.70688849494868,-31.70688849494868,1.0421635067184989,0.8300201746117492,0.9927956774761382,1.233148699380175,0.44436638903593406,1.0376694499741301
bbob_f005_i80_d05,5,80,5,2,inject,8,-29.836484131199274,,-26.678600464133996,-29.836484131199274,-29.836484131199274,-31.271891112455158,-32.08471116470938,1.226243990348609,1.0274013588696465,1.020904102267586,1.2729822369225205,0.7886439870747769,0.9375722121981531
bbob_f005_i80_d05,5,80,5,3,pass,8,-35.14927174314356,-30.006480597790066,-30.006480597790066,-35.14927174314356,-35.14927174314356,-39.30061158824804,-39.87523643742472,0.8025442537374627,0.8483025234506959,0.9511986496978587,1.2001223010387563,0.4768555175103327,0.5291004731892103
bbob_f005_i80_d05,5,80,5,3,direct,8,-35.14927174314356,,-30.99900073909483,-35.14927174314356,-35.14927174314356,-39.62031561285196,-39.90689067660435,0.5590864199787743,0.8303418644006835,0.9325743094224074,1.155176181544196,0.4241286212789207,0.7004138727161797
bbob_f005_i80_d05,5,80,5,3,inject,8,-35.14927174314356,,-30.99900073909483,-35.14927174314356,-35.14927174314356,-40.006585749705046,-40.38942210236185,1.0189296587848737,0.8739006242517665,0.9638551082056717,1.2714723059100743,0.41569259614520393,0.6722236723982568
bbob_f006_i79_d05,6,79,5,0,pass,8,614.0313165874695,7079.090139114917,7079.090139114917,614.0313165874695,609.9810661478838,599.0837591361548,598.5303877131287,0.8747107988316961,0.9935478038176415,0.9496441170940417,0.9106547326267309,0.4190391123113498,0.5957621005953351
bbob_f006_i79_d05,6,79,5,0,direct,8,614.0313165874695,,621.0755748604464,614.0313165874695,609.9810661478838,603.1276341319697,600.1677132334704,0.9248893578730352,1.0116227691394926,0.9480960351309627,0.8705357721564282,0.4644161117388883,0.6398798948356808
bbob_f006_i79_d05,6,79,5,0,inject,8,614.0313165874695,,621.0755748604464,614.0313165874695,610.9758186640595,601.5363794371294,598.827293602572,0.5157222992994028,0.9328722571230728,0.9319464649698399,0.878755653373323,0.47968753144833054,0.637059869119024
bbob_f006_i79_d05,6,79,5,1,pass,8,680.0398572198808,744.8953414292577,744.8953414292577,680.0398572198808,649.0111313443932,645.3422667431571,636.2540423731012,2.3118904549021093,1.1293372813003555,0.989653773648734,0.8578665385583968,0.8451713552049358,0.7121181498126798
bbob_f006_i79_d05,6,79,5,1,direct,8,680.0398572198808,,720.9179634402572,680.0398572198808,649.0111313443932,634.904328073,621.3537589951732,2.3118904549021093,1.1293372813003555,0.9765580527490202,0.8221691858387663,0.7420672954441582,0.6966144378028795
bbob_f006_i79_d05,6,79,5,1,inject,8,680.0398572198808,,720.9179634402572,680.0398572198808,649.0111313443932,634.2069574055533,605.1745864178481,2.3118904549021093,1.1293372813003555,0.993341789876461,0.8848592215833102,0.727776400964264,0.6140108656524618
bbob_f006_i79_d05,6,79,5,2,pass,8,618.9537237621805,2132.5217840265805,2132.5217840265805,618.9537237621805,618.9537237621805,608.4629693427505,605.0319706562668,0.2997645162991475,0.7957096380636078,0.9253067948002774,1.0162529667543985,0.37777426149765725,0.5506205045953164
bbob_f006_i79_d05,6,79,5,2,direct,8,618.9537237621805,,635.3768496859108,618.9537237621805,618.9537237621805,604.288023388243,603.0095248787629,0.22964769404168434,0.8599442762042003,0.9418295184810737,1.0694884718443822,0.5027420484520424,0.5740133221011784
bbob_f006_i79_d05,6,79,5,2,inject,8,618.9537237621805,,635.3768496859108,618.9537237621805,618.9537237621805,604.2096692665845,602.605808747898,0.35780404110550196,0.8830558661540511,0.9346789450423241,1.0380164268022845,0.5105427416753527,0.5923356325753384
bbob_f006_i79_d05,6,79,5,3,pass,8,693.2588969734277,705.9105812653668,705.9105812653668,693.2588969734277,645.8581939254786,619.8093603884482,603.573794252624,0.8048262575432272,0.9273438409382709,0.9380131220781026,0.9765792748199184,0.7497719853537336,0.7221872718663491
bbob_f006_i79_d05,6,79,5,3,direct,8,693.2588969734277,,699.992158512866,693.2588969734277,644.4599350456099,624.1499077990909,611.6146985188116,0.8053207700824532,0.9330679525552679,0.9371976593019707,0.9723627174121328,0.5349810135058465,0.5896341360404421
bbob_f006_i79_d05,6,79,5,3,inject,8,693.2588969734277,,699.992158512866,693.2588969734277,654.9426868562,638.1059850761839,598.6456342698896,0.8893687953194709,0.9353134768014503,0.9399515586264284,1.0193665726308407,1.4818700702156076,0.8763068286317337
bbob_f006_i80_d05,6,80,5,0,pass,8,-111.9876142810065,1614.4354087172856,1614.4354087172856,-111.9876142810065,-111.9876142810065,-111.9876142810065,-115.44557103933059,0.675143195515076,0.8990388592982844,0.9601253429272577,1.022592504855433,0.7868872918035393,0.6611048753190546
bbob_f006_i80_d05,6,80,5,0,direct,8,-111.9876142810065,,451.0697388862262,-111.9876142810065,-111.9876142810065,-111.9876142810065,-115.65485006239153,0.675143195515076,0.8990388592982844,0.9555705043871169,1.0099336559121042,0.6579572219882872,0.6647729681188662
bbob_f006_i80_d05,6,80,5,0,inject,8,-111.9876142810065,,451.0697388862262,-111.9876142810065,-111.9876142810065,-111.9876142810065,-112.58449565366452,0.6430408076776868,0.8821509336872578,0.962752183952228,1.0487833106531559,0.7457142373178391,0.6397848266671378
bbob_f006_i80_d05,6,80,5,1,pass,8,-108.07439086633747,1700.6484417028055,1700.6484417028055,-108.07439086633747,-108.07439086633747,-114.71260538132799,-116.4007743467361,0.7720628846449703,0.891860450742067,0.9590951288146806,1.165993217778029,0.48121741982482996,0.6565705918271851
bbob_f006_i80_d05,6,80,5,1,direct,8,-108.07439086633747,,-104.49011802598034,-108.07439086633747,-108.07439086633747,-114.06133378261185,-116.20236721497716,0.7224804307689042,0.944416539797313,0.9807183847274776,1.3083579934591614,0.48009480277472294,0.5965299179436899
bbob_f006_i80_d05,6,80,5,1,inject,8,-108.07439086633747,,-104.49011802598034,-108.07439086633747,-108.07439086633747,-114.04867967855235,-117.43023293277086,0.7224804307689042,0.944416539797313,0.9787573677196265,1.25817295533675,0.5955035658862208,0.6153007414733948
bbob_f006_i80_d05,6,80,5,2,pass,8,-98.87886242689457,1836.0194955228096,1836.0194955228096,-98.87886242689457,-98.87886242689457,-99.49622639637334,-107.3976128099793,0.2924769039566171,0.8682448822714852,0.9354128019550239,1.0431863419364191,0.6052795082008751,0.6230904136517456
bbob_f006_i80_d05,6,80,5,2,direct,8,-98.87886242689457,,-106.08910392675901,-106.08910392675901,-106.08910392675901,-114.41337913841191,-115.01463481574442,1.1487197195556604,0.9399418563813686,0.979892166946671,1.1599969049943175,0.45864017723361455,0.6046904911285361
bbob_f006_i80_d05,6,80,5,2,inject,8,-98.87886242689457,,-106.08910392675901,-106.08910392675901,-106.08910392675901,-110.93054284737998,-117.60831039091421,1.1487197195556604,0.9399418563813686,0.9657083925720036,1.1012927466993236,0.5406266459036695,0.6573891292778785
bbob_f006_i80_d05,6,80,5,3,pass,8,-102.89642186648749,-85.99843229491813,-85.99843229491813,-102.89642186648749,-105.51037593681258,-113.33868792667329,-116.16136520722014,0.9185898430201964,1.0590189096843328,1.0322839203627874,1.2621305425776401,0.5454878388848965,0.6974313786033156
bbob_f006_i80_d05,6,80,5,3,direct,8,-102.89642186648749,,-95.2009031837373,-102.89642186648749,-105.99347302970963,-114.94050723500408,-117.76485902791667,0.8934395447062083,1.0561902361587863,1.0313940540508646,1.269487237037213,0.6059969468519957,0.6747633383063996
bbob_f006_i80_d05,6,80,5,3,inject,8,-102.89642186648749,,-95.2009031837373,-102.89642186648749,-108.02997363377482,-108.02997363377482,-116.37040458755122,0.8934395447062083,1.0561902361587863,1.033602420451629,1.337533301966759,0.8062270221482888,0.811917924395407
bbob_f007_i79_d05,7,79,5,0,pass,8,708.4267348058235,730.2636724053169,730.2636724053169,708.4267348058235,708.4267348058235,703.9870534886036,702.0926621607033,1.811974059293634,1.0704863084528238,1.0265155145300295,1.2877014712436092,0.5054920490853101,0.7939886118095785
bbob_f007_i79_d05,7,79,5,0,direct,8,708.4267348058235,,711.9557813463656,708.4267348058235,708.4267348058235,703.2653485842218,699.653357122034,1.4796431085320225,0.9996496346923232,0.9868129584587528,1.1941141866416505,0.3365663808671091,0.615692888633453
bbob_f007_i79_d05,7,79,5,0,inject,8,708.4267348058235,,711.9557813463656,708.4267348058235,708.4267348058235,708.3405606279357,703.9131976083717,1.5754195785749,1.0096740643060973,0.9889252608357454,1.1731422305494643,0.5789043699571869,1.0019265338974213
bbob_f007_i79_d05,7,79,5,1,pass,8,719.1037885270998,735.6716717361766,735.6716717361766,719.1037885270998,719.1037885270998,701.9620327135619,700.8823307825659,1.4800460386054342,1.141869336365967,1.075710641290995,1.1816491733830419,0.7905791973109002,0.7934038441525516
bbob_f007_i79_d05,7,79,5,1,direct,8,719.1037885270998,,731.8024564520921,719.1037885270998,719.1037885270998,700.7180265523518,699.4169214365526,1.4677397737271487,1.156101434031721,1.0737803023048305,1.187117533329994,0.6013031239200428,0.7346035825472632
bbob_f007_i79_d05,7,79,5,1,inject,8,719.1037885270998,,731.8024564520921,719.1037885270998,705.3128684439006,702.8040790762391,701.487075867857,1.4472717699549162,1.1422342267075591,1.0587280738787763,1.080260774804379,0.8943370870099137,0.7138917017625671
bbob_f007_i79_d05,7,79,5,2,pass,8,706.2381329945105,720.4683146808958,720.4683146808958,706.2381329945105,704.9038285995539,701.0230230806579,699.3189044946403,0.412942212966031,0.8340256983749902,0.9185454344261458,0.9347365159036611,0.47207218549810814,0.6345355614287954
bbob_f007_i79_d05,7,79,5,2,direct,8,706.2381329945105,,715.4079570495581,706.2381329945105,704.9038285995539,701.0960611270651,701.0960611270651,0.33831599987662037,0.8350941094934355,0.9118170717551949,0.9179834232587285,0.449672893712741,0.7769704346363931
bbob_f007_i79_d05,7,79,5,2,inject,8,706.2381329945105,,715.4079570495581,706.2381329945105,704.9038285995539,700.8755448493365,700.8191169575141,0.34773808730244804,0.8357500132839263,0.9233207161229136,0.9804388853647502,0.6389047920028587,0.7791458004593463
bbob_f007_i79_d05,7,79,5,3,pass,8,701.9022503045591,707.035796294727,707.035796294727,701.9022503045591,701.718209639875,699.8140455669094,699.3721774471293,0.3879752583142508,0.9171222691540283,0.9501171584639855,1.0404812522268652,0.41561437692639386,0.6177109519249258
bbob_f007_i79_d05,7,79,5,3,direct,8,701.9022503045591,,704.0787942666512,701.9022503045591,701.718209639875,699.9929007428215,699.5540465268896,0.29000403122756163,0.8982491788571754,0.9404170419555504,1.0547671219252004,0.4189398946933602,0.7577045512579925
bbob_f007_i79_d05,7,79,5,3,inject,8,701.9022503045591,,704.0787942666512,701.9022503045591,701.718209639875,700.6027577479911,699.685905231114,0.3345737883148811,0.897015835807593,0.9380061992811002,1.1010917734642662,0.43350910285521965,0.8114083726905206
bbob_f007_i80_d05,7,80,5,0,pass,8,1001.1762328060852,1010.4763003390706,1010.4763003390706,1001.1762328060852,1001.1762328060852,1000.2277989041565,1000.027273781567,0.6093852792689102,0.8972192145972171,0.9442323123418791,1.0080489153488137,0.3443762498269049,0.7102991253376753
bbob_f007_i80_d05,7,80,5,0,direct,8,1001.1762328060852,,1004.8403253878733,1001.1762328060852,1001.1762328060852,1000.8710297011579,1000.7973695298882,0.6360614643244882,0.9040572961945742,0.9472646623928627,1.0385625228506754,0.6121081940504487,0.7359174055772753
bbob_f007_i80_d05,7,80,5,0,inject,8,1001.1762328060852,,1004.8403253878733,1001.1762328060852,1001.1762328060852,1000.661900156007,1000.4030247009562,0.6360614643244882,0.9040572961945742,0.9408131994135326,0.9950034117300616,0.2997597353318123,0.5729740885902626
bbob_f007_i80_d05,7,80,5,1,pass,8,1002.1698850754948,1022.5532611048858,1022.5532611048858,1002.1698850754948,1002.1698850754948,1000.8864301731068,1000.6773182982903,1.1532627678708856,1.0417615133209845,1.0111370857931103,1.1789708279443656,0.5981986968234049,0.8287582123391335
bbob_f007_i80_d05,7,80,5,1,direct,8,1002.1698850754948,,1013.7877788084936,1002.1698850754948,1002.1698850754948,1000.295544733842,1000.1337347271095,1.1532627678708856,1.0417615133209845,1.0246362475852084,1.2338575402816805,0.3604767821368935,0.7400198876666921
bbob_f007_i80_d05,7,80,5,1,inject,8,1002.1698850754948,,1013.7877788084936,1002.1698850754948,1002.1698850754948,1000.2701398435007,1000.0497291422896,1.0086236534531712,1.0342734159818663,0.9960261690058119,1.1375098543506112,0.39920289820445376,0.6474100462468179
bbob_f007_i80_d05,7,80,5,2,pass,8,1011.1406737604262,1012.5740575207062,1012.5740575207062,1011.1406737604262,1011.1406737604262,1004.3584027122181,1000.9993676454953,2.302288315873918,1.112901114618455,1.106520597457488,1.459562168677413,0.7418634658387927,1.0232139675203946
bbob_f007_i80_d05,7,80,5,2,direct,8,1011.1406737604262,,1011.6328298234703,1011.1406737604262,1011.1406737604262,1003.2195653688785,1002.2291877113894,1.7670283484716724,1.0375562589265157,1.0321232633803739,1.210178033710594,0.6011845837880322,0.8694012768876962
bbob_f007_i80_d05,7,80,5,2,inject,8,1011.1406737604262,,1011.6328298234703,1011.1406737604262,1011.1406737604262,1006.6703683659005,1003.2258412692131,2.0348213004340954,1.0696677616161498,1.0637491348172186,1.455474154872519,0.9505410209400349,0.9547597971261782
bbob_f007_i80_d05,7,80,5,3,pass,8,1005.3919695806777,1011.3698849912697,1011.3698849912697,1005.3919695806777,1004.3731220748394,1003.9575180939817,1003.8925822706474,0.42175379085501635,0.9250963283843041,0.9434374657368301,0.990584613606572,0.36176451932220943,0.6634302324364288
bbob_f007_i80_d05,7,80,5,3,direct,8,1005.3919695806777,,1003.9069593210155,1003.9069593210155,1003.9069593210155,1003.5863466142606,1003.5863466142606,0.38745281421959127,0.93415906676048,0.9486185420342238,1.0918849220165125,0.3447324057287625,0.5964250873187266
bbob_f007_i80_d05,7,80,5,3,inject,8,1005.3919695806777,,1003.9069593210155,1003.9069593210155,1003.4297348443534,1001.8138359033807,1001.475705638674,0.38745281421959127,0.93415906676048,0.936699328728195,1.0420942767752057,0.46102740026908684,0.6194936622187057
bbob_f008_i79_d05,8,79,5,0,pass,8,112.32556464672109,769.3291385368733,769.3291385368733,112.32556464672109,108.27595075734274,23.87128562987057,14.73135441342419,0.5648769794462034,0.9311893009516954,0.9261356573878357,0.8651032133551292,0.2803080149983832,0.44508537358674116
bbob_f008_i79_d05,8,79,5,0,direct,8,112.32556464672109,,336.20851455649324,112.32556464672109,108.27595075734274,39.61400906457686,30.199707206291336,0.5648769794462034,0.9311893009516954,0.9227328279214942,0.8658995224675146,0.4346871584907723,0.48112990606748385
bbob_f008_i79_d05,8,79,5,0,inject,8,112.32556464672109,,336.20851455649324,112.32556464672109,108.27595075734274,26.381167621025128,16.723788037953135,0.539915218224349,0.9135510941791058,0.924462203305139,0.8802972080248708,0.30334549918342046,0.4625548615656806
bbob_f008_i79_d05,8,79,5,1,pass,8,34.22447273140649,43.99690323264993,43.99690323264993,34.22447273140649,22.589709157693086,22.589709157693086,16.100112314621356,0.4887980030296056,0.9801515092406201,0.9924759012458817,1.250474843459179,0.5393811157484951,0.5377371983173237
bbob_f008_i79_d05,8,79,5,1,direct,8,34.22447273140649,,32.70382844189322,32.70382844189322,22.589709157693086,22.589709157693086,16.322696735500482,0.4192462410686395,0.9547182007255316,0.9764563229317129,1.211318072896851,0.5847857587697398,0.609671248145412
bbob_f008_i79_d05,8,79,5,1,inject,8,34.22447273140649,,32.703828441893236,32.703828441893236,22.589709157693086,19.955324533945497,14.974106043860521,0.5465180674755117,1.0096096232366616,1.0045532513463453,1.3210033950767213,0.29105348340277065,0.5618585550807613
bbob_f008_i79_d05,8,79,5,2,pass,8,73.37135450910287,1322.4969603424124,1322.4969603424124,73.37135450910287,14.760351078786769,14.760351078786769,14.760351078786769,0.37946397228831413,0.909379203546146,0.9090624050855902,0.8303058431905017,0.536843729968934,0.5707759309202266
bbob_f008_i79_d05,8,79,5,2,direct,8,73.37135450910287,,338.53105893307696,73.37135450910287,14.760351078786769,14.760351078786769,14.163800818569099,0.3188629202604626,0.891062017356315,0.9203592885530069,0.9105084220583833,0.4464907833730372,0.5066782639592344
bbob_f008_i79_d05,8,79,5,2,inject,8,73.37135450910287,,338.53105893307696,73.37135450910287,14.760351078786769,14.760351078786769,14.760351078786769,0.3188629202604626,0.891062017356315,0.9108781305747609,0.8805239155347571,0.3172871399256883,0.4567585672824729
bbob_f008_i79_d05,8,79,5,3,pass,8,63.62850794887409,75.99438513748012,75.99438513748012,63.62850794887409,49.95977903606099,19.864807975112257,15.41267710505648,0.26739179547435815,0.8081181526429037,0.9158973696882319,1.0141358402506124,0.2857774079477475,0.49108289851473785
bbob_f008_i79_d05,8,79,5,3,direct,8,63.62850794887409,,52.09709512630602,52.09709512630602,52.09709512630602,14.774277819415321,14.774277819415321,0.33909292012277403,0.7844073596810597,0.9119255381524184,1.0169324780120674,0.18451802639306,0.46115804932939114
bbob_f008_i79_d05,8,79,5,3,inject,8,63.62850794887409,,52.09709512630602,52.09709512630602,52.09709512630602,16.77168121089949,15.14833773184247,0.3878092974223197,0.7888203840737184,0.9189631834661477,1.0779561558852901,0.30992324483247924,0.5531862696698324
bbob_f008_i80_d05,8,80,5,0,pass,8,25.42451729453237,235.4197973444028,235.4197973444028,25.42451729453237,25.42451729453237,25.198779753319478,1.128663951705799,0.7956894514297388,0.9867177716213378,0.9718558708364536,0.9656366121274448,0.6199826931966052,0.5874684656693417
bbob_f008_i80_d05,8,80,5,0,direct,8,25.42451729453237,,191.9411989973322,25.42451729453237,25.42451729453237,15.808298478168403,4.779408466685614,0.6120244142068163,0.9570929272609445,0.9562552365071183,0.9986676570465469,0.6186444328591798,0.6034488624642061
bbob_f008_i80_d05,8,80,5,0,inject,8,25.42451729453237,,191.9411989973322,25.42451729453237,25.42451729453237,25.42451729453237,2.683416329571517,0.8878250277225128,1.0197910671948325,0.9630447596910131,0.9422311003997031,0.7400596473260173,0.6738355715948882
bbob_f008_i80_d05,8,80,5,1,pass,8,104.92831581461051,1760.2976775304508,1760.2976775304508,104.92831581461051,104.92831581461051,79.9181914232433,45.712621449693735,0.9928939834832766,0.9947221352444513,0.9604680646304112,1.0360574373792855,0.470349262825159,0.6777060338735947
bbob_f008_i80_d05,8,80,5,1,direct,8,104.92831581461051,,462.8077222443442,104.92831581461051,104.92831581461051,101.41362042987956,-1.5737569247081868,0.7136374722603299,0.9478313300461014,0.9336990514713651,1.0101332444237918,0.5043257464735819,0.6611590567818335
bbob_f008_i80_d05,8,80,5,1,inject,8,104.92831581461051,,462.8077222443442,104.92831581461051,104.92831581461051,83.46516136929837,-1.0667192569208837,0.7136374722603299,0.9478313300461014,0.9257687641975819,0.9413829969517722,0.495216127571735,0.6526356260254373
bbob_f008_i80_d05,8,80,5,2,pass,8,128.0560601410462,437.4763411067172,437.4763411067172,128.0560601410462,128.0560601410462,2.268927983960533,-1.6938681648433471,0.37893796990187656,0.8347554723618418,0.9313654513956967,1.0287123178971118,0.2575390606898312,0.4861310529137941
bbob_f008_i80_d05,8,80,5,2,direct,8,128.0560601410462,,219.90689032645037,128.0560601410462,128.0560601410462,4.715769020354458,-3.353363327905198,0.4207143958501036,0.8645097408183532,0.9318003954927123,1.0352860906301256,0.28924755281662484,0.4980623529932262
bbob_f008_i80_d05,8,80,5,2,inject,8,128.0560601410462,,219.90689032645037,128.0560601410462,128.0560601410462,51.29648524298024,4.531997701678612,0.4207143958501036,0.8645097408183532,0.9350563808236051,1.044499077207297,0.39972173084726864,0.5330297831034823
bbob_f008_i80_d05,8,80,5,3,pass,8,13.98824985187111,63.92947200436473,63.92947200436473,13.98824985187111,13.98824985187111,7.600818310666141,1.035216166849314,0.6043380773589341,1.000500352881793,0.9994666252012391,1.1774091160949713,0.5146946334147234,0.5810636606097437
bbob_f008_i80_d05,8,80,5,3,direct,8,13.98824985187111,,36.05258501914431,13.98824985187111,13.98824985187111,2.934850370285079,-0.1170474480222925,0.6807699142575362,1.02202427226768,1.0069724723628013,1.199444148779993,0.3946394161413243,0.5487421478840032
bbob_f008_i80_d05,8,80,5,3,inject,8,13.98824985187111,,36.05258501914431,13.98824985187111,13.98824985187111,10.489273977418822,-1.637075415433129,0.6521476369763726,1.0126949278514499,1.0095679172724537,1.3100504504667008,0.5018757500946416,0.5695030401745431
bbob_f009_i79_d05,9,79,5,0,pass,8,194.62951584950105,1644.3045780047007,1644.3045780047007,194.62951584950105,116.17299926969048,-6.974678202503462,-32.970638756774164,1.1757881276944302,1.104749847397429,1.0000881441960257,1.0536990518071239,0.446669062779367,0.6142975184922563
bbob_f009_i79_d05,9,79,5,0,direct,8,194.62951584950105,,759.7515658594052,194.62951584950105,116.17299926969048,-11.920531590108446,-43.36223721396182,1.1924109680959833,1.118173655753641,1.0063399409297697,1.0859936228007885,0.4708257274374465,0.5802604449973959
bbob_f009_i79_d05,9,79,5,0,inject,8,194.62951584950105,,759.7515658594052,194.62951584950105,116.17299926969048,-5.920705497858812,-41.509669096606395,0.985759112810561,1.0536011735602906,0.9857275812980861,1.0579518043810552,0.4889644659837892,0.5712839436373096
bbob_f009_i79_d05,9,79,5,1,pass,8,-7.755409943501149,1317.4631319624634,1317.4631319624634,-7.755409943501149,-7.755409943501149,-21.777920101814143,-21.777920101814143,1.6221659165993252,1.1020392832317438,0.9905499572237375,0.838075174323729,0.37213492936001075,0.5559450685634711
bbob_f009_i79_d05,9,79,5,1,direct,8,-7.755409943501149,,467.65377682220816,-7.755409943501149,-7.755409943501149,-7.755409943501149,-25.83734185105298,1.440232987149171,1.076805438441452,0.9837758507726934,0.8522053736470442,0.5443855875139016,0.5819412157990271
bbob_f009_i79_d05,9,79,5,1,inject,8,-7.755409943501149,,467.65377682220816,-7.755409943501149,-7.755409943501149,-18.829303816202344,-40.05520234356609,1.440232987149171,1.076805438441452,0.9750156547746386,0.8033479317134715,0.3299441136564333,0.5005253065762764
bbob_f009_i79_d05,9,79,5,2,pass,8,99.76607011849325,2209.5792129691486,2209.5792129691486,99.76607011849325,99.76607011849325,-1.1124929768071325,-20.969922463664908,0.4998302007055293,0.8246734729404818,0.9331067418964649,0.9754956085944072,0.4105154853090873,0.5342157567082951
bbob_f009_i79_d05,9,79,5,2,direct,8,99.76607011849325,,987.9827210602468,99.76607011849325,99.76607011849325,-23.683342275112675,-37.19055130331389,0.3105702234716628,0.8568571291369219,0.9315134994502906,0.9778479207122421,0.27916539803550033,0.454997595626392
bbob_f009_i79_d05,9,79,5,2,inject,8,99.76607011849325,,987.9827210602468,99.76607011849325,99.76607011849325,17.04346614367452,-39.25361314272116,0.5377095785368917,0.88174347512975,0.938803824355743,0.9947015095000371,0.4982206358040909,0.5046036551323588
bbob_f009_i79_d05,9,79,5,3,pass,8,-15.080034771638335,-13.214918751184591,-13.214918751184591,-15.080034771638335,-22.873579295450455,-40.620256423775835,-44.431286179464074,0.5083656228638345,0.9417759289214852,0.9707225125565326,1.1677025203625013,0.27644227803212995,0.46974349946292343
bbob_f009_i79_d05,9,79,5,3,direct,8,-15.080034771638335,,-16.792536292626558,-16.792536292626558,-22.873579295450455,-40.66120023108472,-42.91798115413328,0.4645197301071875,0.9396354809082547,0.9630145182231821,1.134557319830811,0.27440940662777846,0.5077313906510644
bbob_f009_i79_d05,9,79,5,3,inject,8,-15.080034771638335,,-16.792536292626554,-16.792536292626554,-22.873579295450455,-37.43476626434843,-43.36176070722683,0.5230571380433183,0.9464744413390875,0.973464077258869,1.2308371518453114,0.26984141463120664,0.5207927215489804
bbob_f009_i80_d05,9,80,5,0,pass,8,103.89297348806443,269.71124452053505,269.71124452053505,103.89297348806443,103.89297348806443,85.8538189782085,67.6378708622374,0.9396594204592977,0.9199366145530322,0.9642027933114331,0.9412328792436782,0.35167025896472337,0.5369394183481031
bbob_f009_i80_d05,9,80,5,0,direct,8,103.89297348806443,,101.96247122564517,101.96247122564517,101.96247122564517,76.2493014091913,66.9749035751179,0.7591452845968745,0.8791522186743601,0.9451592325270621,0.9500632221907865,0.3095255800653224,0.5030136281097889
bbob_f009_i80_d05,9,80,5,0,inject,8,103.89297348806443,,101.96247122564517,101.96247122564517,101.96247122564517,74.0694687531157,74.0694687531157,0.9699802519872835,0.9408117636171186,0.9447262089898748,0.9207076733459515,0.5216796188506858,0.6246263962278196
bbob_f009_i80_d05,9,80,5,1,pass,8,222.84285874138746,367.82768417868294,367.82768417868294,222.84285874138746,90.2899811040467,69.03574433295934,65.38717990778957,0.5969844368932242,0.9287739332159625,0.9740296801559956,1.3036646708805184,0.4013950588175272,0.5510145001497859
bbob_f009_i80_d05,9,80,5,1,direct,8,222.84285874138746,,171.41570667077087,171.41570667077087,119.24089353082988,74.72538086050955,67.18946108400809,0.4533396850505608,0.8996432686434305,0.9546903634029344,1.2416452530627708,0.2252072945202235,0.4968170627459683
bbob_f009_i80_d05,9,80,5,1,inject,8,222.84285874138746,,171.41570667077087,171.41570667077087,119.24089353082988,76.44011228351667,66.34281062074817,0.4533396850505608,0.8996432686434305,0.9526641126473832,1.2239259133440492,0.2894172511076995,0.48487306632285
bbob_f009_i80_d05,9,80,5,2,pass,8,308.08088531952313,1405.230043078103,1405.230043078103,308.08088531952313,204.71865456098286,91.19138207070867,70.77081268396354,1.1345216076279347,1.0031802061945736,1.003712445449973,1.130259536810306,0.3037983722815886,0.48976988198497223
bbob_f009_i80_d05,9,80,5,2,direct,8,308.08088531952313,,371.16502101844026,308.08088531952313,204.71865456098286,184.07283328646648,92.54936928741205,0.8348410944593162,0.9629721560350103,0.9636331533025153,1.0489026766461635,0.4407906971188725,0.5605061031901278
bbob_f009_i80_d05,9,80,5,2,inject,8,308.08088531952313,,371.16502101844026,308.08088531952313,204.71865456098286,146.95685975007942,82.42739839207306,0.8014488551466252,0.8950561382182685,0.9341814562877806,0.9915553505157352,0.3907753174667556,0.5196306194642407
bbob_f009_i80_d05,9,80,5,3,pass,8,120.1971742362741,133.44851760100437,133.44851760100437,120.1971742362741,120.1971742362741,89.39881290400824,70.03021123730413,1.5144709065271658,0.9433182023156215,1.020354694811139,1.2839444089057517,0.45005076350984063,0.648485611389395
bbob_f009_i80_d05,9,80,5,3,direct,8,120.1971742362741,,149.53183829249437,120.1971742362741,120.1971742362741,70.64362003552851,65.18002420026932,1.3884766485261208,0.9221403636489225,1.0041970320094096,1.2294797930993178,0.2886315914530204,0.5656010804880827
bbob_f009_i80_d05,9,80,5,3,inject,8,120.1971742362741,,149.53183829249437,120.1971742362741,120.1971742362741,96.61392276948635,65.21992689473215,0.8686568190676627,0.8603187242514092,0.9500156148840747,1.1784760044337945,0.4252775929971257,0.5519993213730308
bbob_f010_i79_d05,10,79,5,0,pass,8,6215.136087581712,711253.2285341242,711253.2285341242,6215.136087581712,6215.136087581712,6215.136087581712,3261.8804725939563,1.6191975127415938,0.9877946953430342,1.0473023286705652,1.4139612963770725,0.40565656658068083,1.159193170747883
bbob_f010_i79_d05,10,79,5,0,direct,8,6215.136087581712,,281350.0299816279,6215.136087581712,6215.136087581712,3261.7027798318422,3261.7027798318422,1.6259121914664096,0.9823216980995055,1.050221648849485,1.3457688381585007,0.547856371420385,1.1918794905577832
bbob_f010_i79_d05,10,79,5,0,inject,8,6215.136087581712,,281350.0299816279,6215.136087581712,6215.136087581712,3855.8261633348566,-671.3172905501601,1.6259121914664096,0.9823216980995055,1.041084811306937,1.3976646119268081,0.4208139758676353,0.9335851998091824
bbob_f010_i79_d05,10,79,5,1,pass,8,25413.85669370381,262421.52107727056,262421.52107727056,25413.85669370381,25413.85669370381,11797.590616909107,3726.328327981013,1.1932502778409293,0.9447155856312068,0.9634264227576265,1.14440807772466,0.38567226547617556,0.6870556526241351
bbob_f010_i79_d05,10,79,5,1,direct,8,25413.85669370381,,121960.15102547107,25413.85669370381,25413.85669370381,25413.85669370381,11003.219528097408,0.8020114420413246,1.0266618975528203,0.9866251416236412,1.2233368287128739,0.5166904319414244,0.8023116229135802
bbob_f010_i79_d05,10,79,5,1,inject,8,25413.85669370381,,121960.15102547107,25413.85669370381,25413.85669370381,20038.655434302753,3322.1807267169697,0.8020114420413246,1.0266618975528203,0.9927439658912859,1.1996009266049328,0.4197335945543073,0.7051278613096124
bbob_f010_i79_d05,10,79,5,2,pass,8,10467.207082696379,21330.940616477325,21330.940616477325,10467.207082696379,10467.207082696379,222.56953850256718,222.56953850256718,1.4951826688183358,0.8676548075107003,0.9708090583567962,1.1151595619653756,0.8942964340180243,1.1458392244130315
bbob_f010_i79_d05,10,79,5,2,direct,8,10467.207082696379,,30102.55494541735,10467.207082696379,10467.207082696379,10467.207082696379,5217.665500977474,1.027960197903347,0.9027124536198258,0.9575714003218972,1.106348958154895,0.6355689136521612,1.0697279418894594
bbob_f010_i79_d05,10,79,5,2,inject,8,10467.207082696379,,30102.55494541735,10467.207082696379,10467.207082696379,7039.405727708889,95.27054259399165,1.520792516145637,0.8772871706971503,0.981869579645729,1.2238340832490902,0.7090054696419106,1.2620244668427874
bbob_f010_i79_d05,10,79,5,3,pass,8,2828.2072881747786,8631.686186947616,8631.686186947616,2828.2072881747786,2828.2072881747786,2530.5183612847454,728.1579903636273,0.9470729124814509,0.8893927781489105,0.9876014571171059,1.2287189993565741,0.34143975191915027,0.7472130436727409
bbob_f010_i79_d05,10,79,5,3,direct,8,2828.2072881747786,,7027.345704934869,2828.2072881747786,2828.2072881747786,522.7155525282001,522.7155525282001,0.8254097457723979,0.9088326384135879,0.9821689298556675,1.1936454321725436,0.4114132778659838,0.8573114424518425
bbob_f010_i79_d05,10,79,5,3,inject,8,2828.2072881747786,,7027.345704934869,2828.2072881747786,2828.2072881747786,1839.457615330488,552.8398284173597,1.0835557578803827,0.9032846291754866,0.9768663177344361,1.2313719927257425,0.33775972002855564,0.7255822140926471
bbob_f010_i80_d05,10,80,5,0,pass,8,24939.570786222164,105396.56427750003,105396.56427750003,24939.570786222164,24939.570786222164,13859.22039062782,8443.101939326616,0.8271750435738292,0.890383137307545,1.011054967731509,1.2584289809207954,0.7713731051715464,1.7451866203675916
bbob_f010_i80_d05,10,80,5,0,direct,8,24939.570786222164,,41671.562454054794,24939.570786222164,24939.570786222164,20587.203206524595,4389.25737450104,0.7599569707773562,0.8699485810548073,0.9918199960269184,1.1868305473029728,0.8658521250704234,1.469676134874442
bbob_f010_i80_d05,10,80,5,0,inject,8,24939.570786222164,,41671.562454054794,24939.570786222164,24939.570786222164,10797.97521833671,6224.773591801766,0.7599569707773562,0.8699485810548073,0.99217486938247,1.2208243581699432,0.9427493114624161,1.3882466514195833
bbob_f010_i80_d05,10,80,5,1,pass,8,37054.01003007859,73543.38403006407,73543.38403006407,37054.01003007859,37054.01003007859,24422.88135819477,3075.930725130871,0.8173527704306003,0.9662024749115147,0.9704659871623664,1.144507055028025,0.8386401187968506,1.0540970317595275
bbob_f010_i80_d05,10,80,5,1,direct,8,37054.01003007859,,55491.60162604308,37054.01003007859,37054.01003007859,23928.904586076133,4531.3825264669285,0.670527188152074,0.9625217719557829,0.9700542556455878,1.1495357744753996,0.886943014998081,1.1657813109639876
bbob_f010_i80_d05,10,80,5,1,inject,8,37054.01003007859,,55491.60162604308,37054.01003007859,37054.01003007859,21857.544699274706,1383.973863297263,0.6366810799226569,0.9625420474603044,0.9689381657736011,1.1569799612244094,0.9554337629113228,1.1378962553684238
bbob_f010_i80_d05,10,80,5,2,pass,8,19882.702092138385,24390.253452676934,24390.253452676934,19882.702092138385,19882.702092138385,12693.382600611245,5461.0644179630835,1.088765168159914,0.825398301694479,0.9813232152890967,1.1622548384623592,0.7187068656116151,1.0381659742453102
bbob_f010_i80_d05,10,80,5,2,direct,8,19882.702092138385,,16904.12139839421,16904.12139839421,16904.12139839421,11539.372948492859,8984.335936977146,0.36728031976476405,0.7903902240665645,0.9397374597188621,1.0566113982791219,0.5570885269396758,0.9893478551940291
bbob_f010_i80_d05,10,80,5,2,inject,8,19882.702092138385,,16904.12139839421,16904.12139839421,16904.12139839421,4730.420983202498,3714.180613321255,1.1091064613817558,0.8260996115445185,0.9509121514531594,1.100047792892593,0.9575376414670794,1.7410188236320812
bbob_f010_i80_d05,10,80,5,3,pass,8,29792.027547604193,66539.1684334,66539.1684334,29792.027547604193,13007.983550000341,2333.598413434356,2333.598413434356,0.32254046416041254,0.9015205845808691,0.9281434036220847,0.9913110109244895,0.3592084556675639,0.658733471868691
bbob_f010_i80_d05,10,80,5,3,direct,8,29792.027547604193,,12949.716790125298,12949.716790125298,12949.716790125298,1814.221271007705,754.2750941048723,0.36661374889858644,0.8955761999432026,0.9241212299222717,1.0089330732371666,0.2759555427464932,0.6262366230135881
bbob_f010_i80_d05,10,80,5,3,inject,8,29792.027547604193,,12949.716790125298,12949.716790125298,12949.716790125298,2248.7073149102343,1846.450498016456,0.415768482059435,0.9006552471679233,0.922982758911321,1.0119076995098304,0.2712761925473606,0.622288527173125
bbob_f011_i79_d05,11,79,5,0,pass,8,258.6801794948896,182170.3897943514,182170.3897943514,258.6801794948896,10.790413923335658,10.790413923335658,8.914086777421188,1.2353943580089712,1.0255974134710013,1.0473912239358023,1.341135469242178,0.5016241020702051,1.1457515314277698
bbob_f011_i79_d05,11,79,5,0,direct,8,258.6801794948896,,92822.71788176674,258.6801794948896,10.790413923335658,10.790413923335658,10.790413923335658,1.2353943580089712,1.0255974134710013,1.0518566089126855,1.3595049667540946,0.36925662135985926,1.0171951410825941
bbob_f011_i79_d05,11,79,5,0,inject,8,258.6801794948896,,92822.71788176674,258.6801794948896,10.790413923335658,10.790413923335658,10.790413923335658,1.2353943580089712,1.0255974134710013,1.0459427973601971,1.3308034280862109,0.5964066825166698,1.2219779304818936
bbob_f011_i79_d05,11,79,5,1,pass,8,1244.3779127343585,602429.3960194327,602429.3960194327,1244.3779127343585,93.23053722531495,93.23053722531495,31.13158496333915,2.82051815276733,0.9833297252376594,0.9835096321588244,1.1838351476716567,0.3860697549905167,0.828152494940996
bbob_f011_i79_d05,11,79,5,1,direct,8,1244.3779127343585,,231276.18049762413,1244.3779127343585,93.23053722531495,56.9322252045778,21.599343771760488,2.82051815276733,0.9833297252376594,0.9756890607882731,1.126066850629246,0.3421371704069962,0.7535465903818033
bbob_f011_i79_d05,11,79,5,1,inject,8,1244.3779127343585,,231276.18049762413,1244.3779127343585,93.23053722531495,93.23053722531495,38.52563596313939,2.82051815276733,0.9833297252376594,0.981987791567368,1.1520596151492295,0.3897967600246894,1.040222217388498
bbob_f011_i79_d05,11,79,5,2,pass,8,1613.6435768424833,85541.65227329863,85541.65227329863,1613.6435768424833,1613.6435768424833,110.64730047543,25.267374300436714,1.9846603823824234,0.9953194352131208,0.9982181225373074,1.1198665293582803,0.7528523558077573,1.0819510731460384
bbob_f011_i79_d05,11,79,5,2,direct,8,1613.6435768424833,,60039.26612451008,1613.6435768424833,1613.6435768424833,914.0997951003524,215.17883319665833,1.8891926128716694,0.9977487129815046,0.9872208384535333,1.0816817689317237,0.7411583975827916,1.0652657447119427
bbob_f011_i79_d05,11,79,5,2,inject,8,1613.6435768424833,,60039.26612451008,1613.6435768424833,1613.6435768424833,187.05383920346182,50.61462592477776,1.815199460256071,0.9818403788499777,0.9824471757692893,1.0869133133215563,0.8931306833290956,1.3349304006252043
bbob_f011_i79_d05,11,79,5,3,pass,8,28.49495649963424,1679.3026852463752,1679.3026852463752,28.49495649963424,28.49495649963424,12.374460025662296,12.374460025662296,0.8761477722654317,0.833819458707402,0.9541535577238608,1.1334134100567006,0.44504137253390974,0.8392009052810726
bbob_f011_i79_d05,11,79,5,3,direct,8,28.49495649963424,,395.5378502041179,28.49495649963424,28.49495649963424,28.49495649963424,14.57722775960074,0.5051776454332588,0.871901682450605,0.9485660381066758,1.1250302238191543,0.7171435755492048,1.082969479718416
bbob_f011_i79_d05,11,79,5,3,inject,8,28.49495649963424,,395.5378502041179,28.49495649963424,28.49495649963424,28.49495649963424,28.49495649963424,0.6833824284387644,0.8280156904057547,0.9472876977317715,1.1802193452781622,0.5636919317692003,1.0249128200384503
bbob_f011_i80_d05,11,80,5,0,pass,8,1201.044351611183,501859.4816601293,501859.4816601293,1201.044351611183,913.2798229471827,321.30447130756,321.30447130756,2.234956058013376,0.9811567820681486,1.0463586072903894,1.3275249755393368,0.35161802753852545,0.8803738285787288
bbob_f011_i80_d05,11,80,5,0,direct,8,1201.044351611183,,153518.63513294855,1201.044351611183,913.2798229471827,913.2798229471827,350.8675458609438,2.247785524764079,0.9847342062184836,1.0485225162714014,1.3170669790698217,0.4716142825251928,1.0634160296751738
bbob_f011_i80_d05,11,80,5,0,inject,8,1201.044351611183,,153518.63513294855,1201.044351611183,913.2798229471827,340.87080442707645,340.87080442707645,2.247785524764079,0.9847342062184836,1.0461796782002417,1.3158177498795165,0.3376812940945641,0.8662900367463844
bbob_f011_i80_d05,11,80,5,1,pass,8,423.834243360991,12911.898642441933,12911.898642441933,423.834243360991,423.834243360991,360.57587986443536,360.57587986443536,2.071301680640022,0.9629953034006579,1.0147336227475918,1.2833477478468058,0.44771295433722386,0.9197706294524964
bbob_f011_i80_d05,11,80,5,1,direct,8,423.834243360991,,3408.0063230639207,423.834243360991,423.834243360991,423.834243360991,423.834243360991,1.5049238290707425,0.9465768748515322,1.007150503252221,1.2659610921694524,0.35215474098383354,0.8421244900312805
bbob_f011_i80_d05,11,80,5,1,inject,8,423.834243360991,,3408.0063230639207,423.834243360991,423.834243360991,366.7850399128139,366.7850399128139,1.5049238290707425,0.9465768748515322,1.0025768325447317,1.2203429636797096,0.389054388926499,0.8825497315124842
bbob_f011_i80_d05,11,80,5,2,pass,8,349.02403253819494,5467.347303240378,5467.347303240378,349.02403253819494,349.02403253819494,349.02403253819494,349.02403253819494,0.7947797378693942,0.8797557269627168,0.9715647505602844,1.1177116980412962,0.5645861283691922,1.1229489217175441
bbob_f011_i80_d05,11,80,5,2,direct,8,349.02403253819494,,661.3086621554372,349.02403253819494,349.02403253819494,335.5320694270058,335.5320694270058,0.8049169992566262,0.9118761316127375,0.9690362607087136,1.0897322379262797,0.34879106378520014,0.869191580503219
bbob_f011_i80_d05,11,80,5,2,inject,8,349.02403253819494,,661.3086621554372,349.02403253819494,349.02403253819494,349.02403253819494,338.1733988650031,0.9553431762555281,0.9156592968721934,0.9720930279326334,1.1353186670497162,0.4677316609153318,0.9235268999106094
bbob_f011_i80_d05,11,80,5,3,pass,8,359.42501411451815,5323.551410406923,5323.551410406923,359.42501411451815,359.42501411451815,359.42501411451815,340.9187171031676,1.8369334325880575,0.8989572200882371,0.9689891980910089,1.232961185546315,0.4803816353831751,0.9159391577118605
bbob_f011_i80_d05,11,80,5,3,direct,8,359.42501411451815,,4464.137275660993,359.42501411451815,359.42501411451815,359.42501411451815,359.42501411451815,1.7909892973810657,0.9039134760711375,0.9692903873921019,1.2316816404248363,0.5663616962866339,1.0180589856897637
bbob_f011_i80_d05,11,80,5,3,inject,8,359.42501411451815,,4464.137275660993,359.42501411451815,359.42501411451815,359.42501411451815,311.55595000046236,2.0373913288377032,0.9033360339848333,0.969661815453773,1.2705910300106547,0.3344864797746742,0.8041237065954436
bbob_f012_i79_d05,12,79,5,0,pass,8,184972.72742097356,2003073.9997350161,2003073.9997350161,184972.72742097356,184972.72742097356,40694.05352552582,5016.757703839221,0.5699099947706778,0.9644514824427408,0.9479366948853086,0.8071282091446936,0.21128161254308161,0.6048149160974959
bbob_f012_i79_d05,12,79,5,0,direct,8,184972.72742097356,,601188.6396310428,184972.72742097356,184972.72742097356,6552.1454892494,1308.8284698109578,0.6689380462457701,0.9845664808148833,0.9581554754386324,0.9317446020255852,0.171146053065776,0.4943307888157588
bbob_f012_i79_d05,12,79,5,0,inject,8,184972.72742097356,,601188.6396310428,184972.72742097356,184972.72742097356,41357.554051383435,6941.673992410547,0.7414331520536614,0.9969883252580379,0.9694084406537988,0.9679134239789364,0.32430931673021846,0.5929753806098693
bbob_f012_i79_d05,12,79,5,1,pass,8,410060.4201738744,3891137.305022204,3891137.305022204,410060.4201738744,410060.4201738744,104764.28312027318,12411.977769845518,1.2059421359136593,1.043453575406489,1.0340682230220546,1.3664495265302592,0.3889589997278345,0.6008802139990026
bbob_f012_i79_d05,12,79,5,1,direct,8,410060.4201738744,,1447635.2004185035,410060.4201738744,410060.4201738744,293183.9473973617,10080.212809433968,0.6509804937643022,0.9618335705842223,0.9896276398327801,1.3120570441743606,0.35670753251688264,0.5321103679356827
bbob_f012_i79_d05,12,79,5,1,inject,8,410060.4201738744,,1447635.2004185035,410060.4201738744,410060.4201738744,153529.68419852422,18185.681273311628,0.6509804937643022,0.9618335705842223,0.9758019925807352,1.2116761401996452,0.2885543049395526,0.5797032720626563
bbob_f012_i79_d05,12,79,5,2,pass,8,214787.58895601064,2653481.2351432126,2653481.2351432126,214787.58895601064,214787.58895601064,187358.75010427926,125789.24958353047,0.4826796548401302,0.9432150570213081,0.953197512842344,1.1090498804825595,0.40981662995095325,0.643150836848496
bbob_f012_i79_d05,12,79,5,2,direct,8,214787.58895601064,,222137.9396372579,214787.58895601064,214787.58895601064,214787.58895601064,76193.3816523633,0.8261352619448659,1.0022515688322657,0.9706777143688099,1.1741014531267366,0.4515163098524113,0.8668943634863824
bbob_f012_i79_d05,12,79,5,2,inject,8,214787.58895601064,,222137.9396372579,214787.58895601064,214787.58895601064,200898.48882306952,85396.8759312443,0.8261352619448659,1.0022515688322657,0.9693840464624047,1.1652849957109521,0.4720675194639342,0.848347118182513
bbob_f012_i79_d05,12,79,5,3,pass,8,100022.36096748732,157222.6506598034,157222.6506598034,100022.36096748732,100022.36096748732,39215.97319035989,5995.648605521653,0.7614871344318409,0.8012655724498544,0.9532996056584351,1.084671161968618,0.3270821025882951,0.6098841643565186
bbob_f012_i79_d05,12,79,5,3,direct,8,100022.36096748732,,217310.37849198145,100022.36096748732,100022.36096748732,41854.35831131755,13411.949187895843,0.3703763807563863,0.8112763498298129,0.9306557119359103,1.037298546959371,0.2891241271109114,0.5798970466977104
bbob_f012_i79_d05,12,79,5,3,inject,8,100022.36096748732,,217310.37849198145,100022.36096748732,100022.36096748732,14045.304442816308,3251.7588393755177,0.7392226433743107,0.7913046187941309,0.9456235847449819,1.1011598157130997,0.2492313240486656,0.6100053680616975
bbob_f012_i80_d05,12,80,5,0,pass,8,146720.55012613646,3520257.485394185,3520257.485394185,146720.55012613646,146720.55012613646,43425.62195151521,6924.481954943353,1.6504661462464516,1.0568850771294116,1.0829275370204983,1.3254137327832003,0.23176316064694236,0.7131485735134034
bbob_f012_i80_d05,12,80,5,0,direct,8,146720.55012613646,,1144159.7116580524,146720.55012613646,146720.55012613646,146720.55012613646,12595.79462893634,1.5071193442720405,1.0346564755881016,1.0638856359562672,1.2938049424522389,0.42508072024258364,0.9799243503018237
bbob_f012_i80_d05,12,80,5,0,inject,8,146720.55012613646,,1144159.7116580524,146720.55012613646,146720.55012613646,146720.55012613646,6257.909616138144,1.5071193442720405,1.0346564755881016,1.0576311493773074,1.2864957304404936,0.31343983696833466,0.7492176920254779
bbob_f012_i80_d05,12,80,5,1,pass,8,405860.4923255064,2253399.665593771,2253399.665593771,405860.4923255064,405860.4923255064,77118.7600897196,70091.65353040534,1.4096461127541002,1.0793336925030028,1.0376435874609284,1.2131828874858313,0.4955852200686559,0.7244722146832497
bbob_f012_i80_d05,12,80,5,1,direct,8,405860.4923255064,,1544086.222983583,405860.4923255064,405860.4923255064,380770.97745901975,98657.96349563783,1.437434580235358,1.085114362868017,1.0380057227173005,1.2188245384552272,0.7324433167409277,0.6977885918982556
bbob_f012_i80_d05,12,80,5,1,inject,8,405860.4923255064,,1544086.222983583,405860.4923255064,405860.4923255064,119864.31705008805,13066.77940209338,1.437434580235358,1.085114362868017,1.0350135792561996,1.1966207167607101,0.46869323856401385,0.6725134112200932
bbob_f012_i80_d05,12,80,5,2,pass,8,823981.3912755894,2626726.429917403,2626726.429917403,823981.3912755894,823981.3912755894,137908.6907857977,16263.275570550122,0.38189970070556806,0.8654573826716603,0.9430243101344316,1.0232336435988758,0.39433316348709485,0.5098964643905374
bbob_f012_i80_d05,12,80,5,2,direct,8,823981.3912755894,,1989969.273233623,823981.3912755894,823981.3912755894,367923.7654292061,47818.073577378134,0.7046497588097261,0.9133360556501525,0.9478511908788386,1.0269550668240521,0.40373838981141275,0.6683018475230919
bbob_f012_i80_d05,12,80,5,2,inject,8,823981.3912755894,,1989969.273233623,823981.3912755894,823981.3912755894,363317.9588253994,135108.97904676117,0.8926574626349962,0.9366952311617843,0.9564738842853456,1.0470686391094182,0.4451095102639226,0.6085585162543194
bbob_f012_i80_d05,12,80,5,3,pass,8,236630.13223157177,359900.3708318403,359900.3708318403,236630.13223157177,236630.13223157177,14004.042229016995,14004.042229016995,0.614758432471694,0.8548169001429625,0.9306614574040769,1.0237746529334966,0.22242317954113724,0.5641532643342417
bbob_f012_i80_d05,12,80,5,3,direct,8,236630.13223157177,,285251.85835477384,236630.13223157177,236630.13223157177,31452.11077191034,9409.85653349057,0.4167502927696735,0.8852016784817657,0.9230410817180021,0.9875989609727321,0.2630670554022653,0.5064039229121919
bbob_f012_i80_d05,12,80,5,3,inject,8,236630.13223157177,,285251.85835477384,236630.13223157177,236630.13223157177,57698.26048354291,6154.062454116532,0.6042499352890001,0.8925640208461901,0.9344393945061127,1.057960165756746,0.2839510847491467,0.5174079880358188
bbob_f013_i79_d05,13,79,5,0,pass,8,-76.51794879446092,18.717692823449624,18.717692823449624,-76.51794879446092,-76.51794879446092,-146.27596643115945,-190.4363278491341,1.666689997980735,0.9680674119488198,1.0084020415147865,1.1635043318185787,0.4083362046800532,0.6460721116499182
bbob_f013_i79_d05,13,79,5,0,direct,8,-76.51794879446092,,-111.41502337782251,-111.41502337782251,-111.41502337782251,-111.41502337782251,-152.11140302355392,1.107922026099245,0.9158927201348388,0.9678922548774026,1.0897068387757376,0.40116584746009115,0.6987858877632179
bbob_f013_i79_d05,13,79,5,0,inject,8,-76.51794879446092,,-111.41502337782251,-111.41502337782251,-111.41502337782251,-111.41502337782251,-193.42405167960982,1.4369239613028977,0.9531611106991081,0.9822951387141848,1.094092762164178,0.44385748590517743,0.6729869863917701
bbob_f013_i79_d05,13,79,5,1,pass,8,-81.43211084381196,-16.565003695097346,-16.565003695097346,-81.43211084381196,-81.43211084381196,-137.18100198972252,-191.8276102369108,0.5104647085956383,0.9017564614061941,0.9576522807765064,1.183933566831716,0.4900040085091166,0.6183826214468384
bbob_f013_i79_d05,13,79,5,1,direct,8,-81.43211084381196,,-116.12035335366484,-116.12035335366484,-116.12035335366484,-148.37182246078143,-206.66337244524922,0.31396034698330666,0.8557283949825168,0.9358580661104486,1.148680194917416,0.4611663804296498,0.711217903647146
bbob_f013_i79_d05,13,79,5,1,inject,8,-81.43211084381196,,-116.12035335366484,-116.12035335366484,-116.12035335366484,-159.43113782972085,-164.29904076979994,0.31403340755751596,0.8587103499742997,0.9385566647415635,1.1160197954205495,0.3925265472859534,0.6113442822572446
bbob_f013_i79_d05,13,79,5,2,pass,8,-77.84021942713301,64.01609992793593,64.01609992793593,-77.84021942713301,-118.60513236658927,-151.65644015877376,-185.82254458103353,0.7630233189315975,0.8427472741826731,0.946264671635876,1.0724188439992224,0.34735428273467633,0.7191494729545913
bbob_f013_i79_d05,13,79,5,2,direct,8,-77.84021942713301,,-21.543099278721513,-77.84021942713301,-118.60513236658927,-133.91715419401316,-176.89161898265226,0.5785591156186012,0.824324381557902,0.9318183184300378,1.0438491523923585,0.31541203973469345,0.5911644580384928
bbob_f013_i79_d05,13,79,5,2,inject,8,-77.84021942713301,,-21.543099278721513,-77.84021942713301,-118.60513236658927,-163.70211898605857,-190.22379094275846,0.8985845661934772,0.8548104729669926,0.9507923203769788,1.0914589514162911,0.33803600042772797,0.8644338253495529
bbob_f013_i79_d05,13,79,5,3,pass,8,-86.97501816686061,-131.70587899741275,-131.70587899741275,-131.70587899741275,-155.8731770978275,-175.1767276237317,-198.03715167058613,0.7655187792212916,0.9139766527706544,0.9605449535396098,1.1056913258340884,0.28033374096724534,0.5331091923442463
bbob_f013_i79_d05,13,79,5,3,direct,8,-86.97501816686061,,-167.8941581448766,-167.8941581448766,-167.8941581448766,-190.0730689565848,-200.2811805234027,0.4817972652543704,0.8402120322601315,0.9331672023798291,1.0901475627932082,0.25041110067640854,0.5794514188708562
bbob_f013_i79_d05,13,79,5,3,inject,8,-86.97501816686061,,-167.8941581448766,-167.8941581448766,-167.8941581448766,-180.703637609311,-194.80802746678435,0.48826446764888787,0.8544851036413417,0.9314828935859327,1.087420126996867,0.2147814102563166,0.5158464978653582
bbob_f013_i80_d05,13,80,5,0,pass,8,60.21735335128978,248.5145224479484,248.5145224479484,60.21735335128978,60.21735335128978,15.385199957111745,-28.735771685175024,1.1313179948059457,1.007586569653741,1.0744736363441878,1.378275152985592,0.35361172093414917,0.8731414834654287
bbob_f013_i80_d05,13,80,5,0,direct,8,60.21735335128978,,133.52774743442828,60.21735335128978,60.21735335128978,-7.888864683800087,-18.51792624927606,1.2500214617423893,1.0209368432472905,1.0903984463850216,1.4382471172132103,0.2557720614736719,0.7849704873811582
bbob_f013_i80_d05,13,80,5,0,inject,8,60.21735335128978,,133.52774743442828,60.21735335128978,60.21735335128978,-20.291510524359193,-27.200675897535557,1.2500214617423893,1.0209368432472905,1.0851665426016612,1.4446888513118479,0.22241862555911285,0.6725886614244754
bbob_f013_i80_d05,13,80,5,1,pass,8,51.621413687252975,187.05898937962553,187.05898937962553,51.621413687252975,51.621413687252975,13.188373344359988,-32.324950265039895,0.8203854771384358,0.8334266212135756,0.9705645272824822,1.214966156803018,0.3553638037150969,0.6068472547676957
bbob_f013_i80_d05,13,80,5,1,direct,8,51.621413687252975,,99.03013650293846,51.621413687252975,51.621413687252975,32.06859946187074,-28.432007072381698,0.40667400613779997,0.8982343931868612,0.9868629064147306,1.2967479744877026,0.28560633094814625,0.6592427803255665
bbob_f013_i80_d05,13,80,5,1,inject,8,51.621413687252975,,99.03013650293846,51.621413687252975,51.621413687252975,38.053056157360224,-15.380833922198853,0.40667400613779997,0.8982343931868612,0.9846879099951138,1.2242050703175178,0.43540568130365825,0.5915716848719502
bbob_f013_i80_d05,13,80,5,2,pass,8,91.96625917494805,171.8680007988065,171.8680007988065,91.96625917494805,27.863525761016795,-7.3984414627675505,-21.663071478319054,0.5622447075106567,0.876122103841732,0.9368150323106547,1.0248883635132267,0.22075802610928325,0.5375954493346686
bbob_f013_i80_d05,13,80,5,2,direct,8,91.96625917494805,,84.14297815932798,84.14297815932798,27.863525761016795,-1.242420144920736,-10.701601401161113,0.555874076405315,0.8773232696228345,0.9359498971965042,1.0224855904742953,0.3815671490414187,0.6414225005496628
bbob_f013_i80_d05,13,80,5,2,inject,8,91.96625917494805,,84.14297815932798,84.14297815932798,27.863525761016795,14.540527194906574,-1.4678913871672776,0.555874076405315,0.8773232696228345,0.9459847001812003,1.072258432462864,0.28702155171390825,0.5723472669341244
bbob_f013_i80_d05,13,80,5,3,pass,8,2.625653930727971,30.80961509658936,30.80961509658936,2.625653930727971,2.625653930727971,-16.792640479316233,-30.604953710727443,0.2249082836884995,0.8531447524534608,0.92505498408932,1.0316862514902394,0.2811942738812216,0.5407939991401716
bbob_f013_i80_d05,13,80,5,3,direct,8,2.625653930727971,,6.617750256857008,2.625653930727971,2.625653930727971,-3.9365434088185722,-23.144189267471138,0.3233810840814132,0.8353254370020203,0.9226301825102138,1.0255827737020997,0.4607163578856998,0.6408556558271179
bbob_f013_i80_d05,13,80,5,3,inject,8,2.625653930727971,,6.617750256857008,2.625653930727971,2.625653930727971,-17.63843113885762,-36.08847871786088,0.35846500221238015,0.8232587626108497,0.929611814060767,1.1278728049199902,0.25482122054729534,0.561875576478525
bbob_f014_i79_d05,14,79,5,0,pass,8,28.55691292766818,29.646478537390287,29.646478537390287,28.55691292766818,28.55691292766818,28.307429400756384,28.215945771226142,0.579105562498976,0.9294472285664495,0.9402995362467178,0.8782531193250391,0.2848852478710742,0.4711339956634726
bbob_f014_i79_d05,14,79,5,0,direct,8,28.55691292766818,,29.036553058236063,28.55691292766818,28.55691292766818,28.339926292962037,28.218562668517624,0.6428355654622624,0.9449601188782359,0.9444465649345339,0.8955451483322382,0.31710791553635975,0.5334174691767511
bbob_f014_i79_d05,14,79,5,0,inject,8,28.55691292766818,,29.036553058236063,28.55691292766818,28.55691292766818,28.298054299952085,28.233701962482726,0.6397175942335489,0.9446851016154728,0.943618183741329,0.8834575926137853,0.3207991978676119,0.4876927525308476
bbob_f014_i79_d05,14,79,5,1,pass,8,29.44825390039409,34.08965593120076,34.08965593120076,29.44825390039409,29.44825390039409,28.377711003565402,28.2715956581133,1.885662242699201,0.9840589716419248,1.0015132153438442,1.2145394300853358,0.23283807213724464,0.4298854271596875
bbob_f014_i79_d05,14,79,5,1,direct,8,29.44825390039409,,31.194585423654555,29.44825390039409,29.44825390039409,28.506462790332534,28.309498570672133,1.109076005384474,0.8969619693532668,0.9627864968220389,1.1595572338999125,0.3181545432007686,0.4568565683490298
bbob_f014_i79_d05,14,79,5,1,inject,8,29.44825390039409,,31.194585423654555,29.44825390039409,29.44825390039409,28.935795912865707,28.287874306139123,1.109076005384474,0.8969619693532668,0.9513956513821944,1.1211041717656347,0.3296491181613714,0.44650814622039225
bbob_f014_i79_d05,14,79,5,2,pass,8,28.775193008854266,31.40634752645587,31.40634752645587,28.775193008854266,28.508227372438746,28.29198966465056,28.242231702650642,0.3081007701800515,0.816473447280114,0.9072312292459769,0.9366560471009948,0.2502631130472115,0.46243376115738766
bbob_f014_i79_d05,14,79,5,2,direct,8,28.775193008854266,,29.91888289547688,28.775193008854266,28.508227372438746,28.31897621073314,28.239659828872107,0.27332403673572764,0.8680353094368469,0.9238044796035474,0.9988295845629724,0.35949709741920627,0.47928615930545637
bbob_f014_i79_d05,14,79,5,2,inject,8,28.775193008854266,,29.91888289547688,28.775193008854266,28.508227372438746,28.249501754111012,28.233104668903426,0.27332403673572764,0.8680353094368469,0.911462303957883,0.9546503734389856,0.311603939484716,0.4551555564911302
bbob_f014_i79_d05,14,79,5,3,pass,8,28.697113004111735,29.890236152697184,29.890236152697184,28.697113004111735,28.697113004111735,28.443811374540736,28.250578882685552,0.516040361654781,0.9239392331512201,0.9326057765381184,1.0779928048485836,0.24546891854561106,0.4251085648575893
bbob_f014_i79_d05,14,79,5,3,direct,8,28.697113004111735,,28.933047504862135,28.697113004111735,28.697113004111735,28.414056291193642,28.229496133154917,0.5417612434119626,0.8886326316325679,0.921164203202296,1.0678339808618393,0.27373921059814205,0.43408794105632675
bbob_f014_i79_d05,14,79,5,3,inject,8,28.697113004111735,,28.933047504862135,28.697113004111735,28.697113004111735,28.30140292276859,28.233424405914256,0.5820218380978643,0.8869670358553217,0.9254745265499179,1.1359681937341797,0.3865357778144774,0.44023710634217766
bbob_f014_i80_d05,14,80,5,0,pass,8,-98.82253360339296,-96.67316543093622,-96.67316543093622,-98.82253360339296,-98.82253360339296,-99.12006095159883,-99.20171900307166,0.9897807343076475,0.946514213613246,0.9669682819378655,0.9896157189368544,0.25435830865588716,0.4539537866504746
bbob_f014_i80_d05,14,80,5,0,direct,8,-98.82253360339296,,-97.8981930913887,-98.82253360339296,-98.82253360339296,-99.0990127160921,-99.21326748721691,0.9129968521879046,0.9297497733525714,0.9605537786351385,0.9597782403481082,0.35054983692488445,0.4846769767719693
bbob_f014_i80_d05,14,80,5,0,inject,8,-98.82253360339296,,-97.8981930913887,-98.82253360339296,-98.82253360339296,-99.14743862744702,-99.23462446503862,0.6046913731156326,0.8671052786975707,0.9438466001451115,0.9792476080884304,0.18159207749293882,0.41563349161858587
bbob_f014_i80_d05,14,80,5,1,pass,8,-98.13821564358042,-97.21276242193747,-97.21276242193747,-98.13821564358042,-98.13821564358042,-98.88634759246443,-99.12296543120827,0.8304921293993272,0.9765121630294723,0.9866063432225299,1.168085333747036,0.41327449963548113,0.5017482403450132
bbob_f014_i80_d05,14,80,5,1,direct,8,-98.13821564358042,,-98.71762350959669,-98.71762350959669,-98.71762350959669,-99.05366663006896,-99.2242968856998,0.8174385458300961,0.9519766175328798,0.9665117965191453,1.134406831779229,0.20819888510903659,0.44038818632870363
bbob_f014_i80_d05,14,80,5,1,inject,8,-98.13821564358042,,-98.71762350959669,-98.71762350959669,-98.71762350959669,-98.94952428627279,-99.21590299380438,1.1558259951455496,0.9480980206466277,0.9792979929390655,1.2232448434305703,0.41578492016164986,0.47201253339934046
bbob_f014_i80_d05,14,80,5,2,pass,8,-98.03483908260618,-94.08821723580365,-94.08821723580365,-98.03483908260618,-98.0482536694319,-99.07167546756715,-99.09145489757468,1.2765225110313434,0.9049823432537394,0.9437566736584624,1.0199813158872522,0.24761981875092398,0.4389592535011744
bbob_f014_i80_d05,14,80,5,2,direct,8,-98.03483908260618,,-96.04120256646802,-98.03483908260618,-98.35528022588795,-99.00918719649393,-99.19976751616308,1.2765225110313434,0.9049823432537394,0.9499510399726522,1.03200715619988,0.29885176743397646,0.4690328302758961
bbob_f014_i80_d05,14,80,5,2,inject,8,-98.03483908260618,,-96.04120256646802,-98.03483908260618,-98.0482536694319,-98.74342685149752,-99.17381081997321,0.774148629957122,0.8600071228542836,0.9172027100749391,0.9603009651390628,0.31136419852583036,0.4758970728057783
bbob_f014_i80_d05,14,80,5,3,pass,8,-97.78731027956721,-95.8574525887208,-95.8574525887208,-97.78731027956721,-98.31822011917102,-98.67296224494797,-99.14631694116522,0.7789928655866734,0.907033200698322,0.9380169403281676,1.0007097935796112,0.27654085663133604,0.5010713800204422
bbob_f014_i80_d05,14,80,5,3,direct,8,-97.78731027956721,,-96.75473472924293,-97.78731027956721,-98.31822011917102,-98.87012528102207,-99.22585462746972,0.8033581533032743,0.9144108737366309,0.9379419234139315,0.9915230678111294,0.2846628914042466,0.4748029568793192
bbob_f014_i80_d05,14,80,5,3,inject,8,-97.78731027956721,,-96.75473472924293,-97.78731027956721,-98.31822011917102,-98.92287172161024,-99.19660154806208,0.8033581533032743,0.9144108737366309,0.9322699267307496,0.9734904662970764,0.28466748827498195,0.4457594176735299
bbob_f015_i79_d05,15,79,5,0,pass,8,-331.4924563846713,-277.73430697050736,-277.73430697050736,-331.4924563846713,-331.4924563846713,-338.5579902771003,-342.1295147408897,0.761196216925867,0.971061295613703,0.9617007410943115,0.9842320917564928,0.4302378592809623,0.7182735443710827
bbob_f015_i79_d05,15,79,5,0,direct,8,-331.4924563846713,,-289.0348739466065,-331.4924563846713,-331.4924563846713,-345.0923510357417,-345.0923510357417,0.761196216925867,0.971061295613703,0.9594365280192713,0.9539818405576782,0.665411390255809,0.8174054518183412
bbob_f015_i79_d05,15,79,5,0,inject,8,-331.4924563846713,,-289.0348739466065,-331.4924563846713,-331.4924563846713,-339.8105585987482,-344.6596956130114,0.761196216925867,0.971061295613703,0.9579092605390307,0.9543304725541116,0.40930962122828596,0.6145130998250944
bbob_f015_i79_d05,15,79,5,1,pass,8,-329.45945571310233,-262.1113227194276,-262.1113227194276,-329.45945571310233,-329.45945571310233,-341.64649528236697,-341.64649528236697,1.0862718205059236,0.8711154037577553,0.9665321696988054,1.094840548215089,0.5458089078040298,0.7198684671751261
bbob_f015_i79_d05,15,79,5,1,direct,8,-329.45945571310233,,-278.49807840259433,-329.45945571310233,-329.45945571310233,-339.0123079705711,-339.0123079705711,1.0862718205059236,0.8711154037577553,0.9707381589143697,1.13873672283673,0.5645379311325565,0.7402344329730192
bbob_f015_i79_d05,15,79,5,1,inject,8,-329.45945571310233,,-278.49807840259433,-329.45945571310233,-329.45945571310233,-334.86095802946886,-334.86095802946886,1.0862718205059236,0.8711154037577553,0.9665326354378988,1.0964452445074162,0.5425213432786131,0.7945416625095989
bbob_f015_i79_d05,15,79,5,2,pass,8,-319.3574768189029,-273.9880902588858,-273.9880902588858,-319.3574768189029,-319.3574768189029,-333.1967329923572,-334.77884959696246,1.4077842852520914,0.8694777414726491,0.9413926093146877,1.0407040571333062,0.5158847452985829,0.7282090055461602
bbob_f015_i79_d05,15,79,5,2,direct,8,-319.3574768189029,,-282.43112672189693,-319.3574768189029,-319.3574768189029,-342.3915304592013,-351.1554345819843,1.4704302922782484,0.8779138424292273,0.9482381490753483,1.0659165544679228,0.38997039811404854,0.6744982845913651
bbob_f015_i79_d05,15,79,5,2,inject,8,-319.3574768189029,,-282.43112672189693,-319.3574768189029,-319.3574768189029,-328.56918990355734,-353.5704777617586,1.4704302922782484,0.8779138424292273,0.942620035741653,1.0526361934878743,0.5300900908280414,0.6382861577090657
bbob_f015_i79_d05,15,79,5,3,pass,8,-324.0741607297804,-267.05678426033796,-267.05678426033796,-324.0741607297804,-324.0741607297804,-324.0741607297804,-330.20265961927464,0.5076538661695872,0.8598485182190428,0.9096813221618687,0.9259854522028336,0.6216007757263196,0.7822689530205034
bbob_f015_i79_d05,15,79,5,3,direct,8,-324.0741607297804,,-276.0353129512286,-324.0741607297804,-324.0741607297804,-324.0741607297804,-337.05565169447016,0.5076538661695872,0.8598485182190428,0.9285395721329184,1.0285660147596942,0.4385855247076855,0.7052500119465521
bbob_f015_i79_d05,15,79,5,3,inject,8,-324.0741607297804,,-276.0353129512286,-324.0741607297804,-324.0741607297804,-326.7981456582885,-326.7981456582885,0.5076538661695872,0.8598485182190428,0.9108446737140007,0.9394737803416395,0.40230846144711807,0.6259381070608645
bbob_f015_i80_d05,15,80,5,0,pass,8,184.965173479864,249.1537061829294,249.1537061829294,184.965173479864,184.965173479864,177.37576413829808,177.37576413829808,1.1403011661552591,0.8953696897875862,0.9837037482763386,1.2428228940062414,0.5155056736053195,0.709366115754608
bbob_f015_i80_d05,15,80,5,0,direct,8,184.965173479864,,251.66931311353812,184.965173479864,184.965173479864,177.90268950630525,173.7727481667971,1.1403011661552591,0.8953696897875862,0.986557460072074,1.253986255027015,0.35934295622439116,0.8228713205131291
bbob_f015_i80_d05,15,80,5,0,inject,8,184.965173479864,,251.66931311353812,184.965173479864,184.965173479864,184.965173479864,184.965173479864,1.2559135653409044,0.855743374542977,0.9759383292342305,1.189921298965984,0.5801735272368223,0.7946771480637118
bbob_f015_i80_d05,15,80,5,1,pass,8,195.4178426708318,213.03007253977557,213.03007253977557,195.4178426708318,195.4178426708318,176.86578953698796,176.86578953698796,0.8709844579626655,0.877352727846302,0.9626610041822892,1.1206319149060233,0.43896342044531816,0.6866411559068487
bbob_f015_i80_d05,15,80,5,1,direct,8,195.4178426708318,,210.0648655567687,195.4178426708318,195.4178426708318,188.01319156173048,176.78916842110283,0.8908140842954527,0.8792061332471299,0.9615216021547699,1.1197633462425556,0.4126546992505178,0.6495655243637838
bbob_f015_i80_d05,15,80,5,1,inject,8,195.4178426708318,,210.0648655567687,195.4178426708318,195.4178426708318,190.74481775087565,186.53724400930213,0.8908140842954527,0.8792061332471299,0.9624040467247466,1.124607955589775,0.43869394015622565,0.6425536511402344
bbob_f015_i80_d05,15,80,5,2,pass,8,188.95159493909165,232.84152763951462,232.84152763951462,188.95159493909165,188.95159493909165,188.95159493909165,188.95159493909165,1.330038030690658,1.0155022400867668,0.9876093571319774,0.8668721359316912,0.7993102815013803,0.8455374136672024
bbob_f015_i80_d05,15,80,5,2,direct,8,188.95159493909165,,250.2791678270878,188.95159493909165,188.95159493909165,188.95159493909165,187.2166951189196,1.330038030690658,1.0155022400867668,0.9837241486235805,0.8333238640472385,0.7939678723305225,0.8714642203438352
bbob_f015_i80_d05,15,80,5,2,inject,8,188.95159493909165,,250.2791678270878,188.95159493909165,188.95159493909165,188.95159493909165,181.7192045454519,1.330038030690658,1.0155022400867668,0.9972256404201079,0.9327555456338148,0.7559408879520574,0.9312680124965957
bbob_f015_i80_d05,15,80,5,3,pass,8,175.41790701681953,243.12639701601307,243.12639701601307,175.41790701681953,175.41790701681953,175.41790701681953,175.41790701681953,0.7510318317428514,0.9682967728694079,0.9633703112442731,0.9144046846966001,0.5275366671000479,0.7994389325600234
bbob_f015_i80_d05,15,80,5,3,direct,8,175.41790701681953,,217.23911190128547,175.41790701681953,175.41790701681953,175.41790701681953,175.41790701681953,0.7510318317428514,0.9682967728694079,0.9787602235601227,1.0096565399550088,0.7795129549806146,0.8394193585598951
bbob_f015_i80_d05,15,80,5,3,inject,8,175.41790701681953,,217.23911190128547,175.41790701681953,175.41790701681953,175.41790701681953,175.41790701681953,0.6950540679839402,1.0132026831251209,0.9584550878265169,0.9081239250933878,0.3756189262514923,0.7521919441722216
bbob_f016_i79_d05,16,79,5,0,pass,8,130.16266340374122,202.06414687138812,202.06414687138812,130.16266340374122,128.6109590030705,121.82978661070064,121.82978661070064,1.0093902143709146,1.0204974686104915,0.9966159831830894,1.1454536616750595,0.41398003803352534,0.7686661393724445
bbob_f016_i79_d05,16,79,5,0,direct,8,130.16266340374122,,171.03872624165868,130.16266340374122,128.6109590030705,119.31655698871761,119.15371335323117,0.9775463592750592,1.0104423970196241,0.9945524342293828,1.1376758544361458,0.4274536254028332,0.693027942657307
bbob_f016_i79_d05,16,79,5,0,inject,8,130.16266340374122,,171.03872624165868,130.16266340374122,130.16266340374122,123.40001400560715,117.61542972786783,0.6148571708562567,0.9180992912232563,0.9734928624267204,1.074325541087322,0.30196723677554166,0.689556932529308
bbob_f016_i79_d05,16,79,5,1,pass,8,121.8067002889787,172.0613211259317,172.0613211259317,121.8067002889787,121.8067002889787,121.8067002889787,121.8067002889787,2.240080045665641,1.0360063537253184,0.9626761895761321,0.9132204948736332,0.6472526038006045,0.6991820850735497
bbob_f016_i79_d05,16,79,5,1,direct,8,121.8067002889787,,149.59557895138022,121.8067002889787,121.8067002889787,121.8067002889787,121.8067002889787,2.0459620242127388,1.0290429256065126,0.9640190401809243,0.9265467915728747,0.7099509935735486,0.7311660939861898
bbob_f016_i79_d05,16,79,5,1,inject,8,121.8067002889787,,149.59557895138684,121.8067002889787,121.8067002889787,119.67405781246441,119.67405781246441,1.9854500024588548,1.0254995657426418,0.9743430172159869,0.9236722395954096,0.6093622202799543,0.832333449008091
bbob_f016_i79_d05,16,79,5,2,pass,8,128.2017145282244,320.04907140254636,320.04907140254636,128.2017145282244,128.2017145282244,124.20661490089677,124.20661490089677,1.152687211015353,0.8717997575333014,0.9207791079143005,0.9013246838425033,1.1051361904014796,0.82676594304245
bbob_f016_i79_d05,16,79,5,2,direct,8,128.2017145282244,,219.68300790979316,128.2017145282244,128.2017145282244,128.2017145282244,123.33554971740573,1.152687211015353,0.8717997575333014,0.9600383343255068,1.0042595481881569,0.7284301636855671,0.7222706948394102
bbob_f016_i79_d05,16,79,5,2,inject,8,128.2017145282244,,219.68300790979316,128.2017145282244,128.2017145282244,128.2017145282244,122.79336329581675,1.152687211015353,0.8717997575333014,0.9215189212676498,0.9204932946952313,0.5869295435515807,1.2103530532673548
bbob_f016_i79_d05,16,79,5,3,pass,8,129.9049569854393,157.64893907038442,157.64893907038442,129.9049569854393,129.9049569854393,116.2165636187712,116.2165636187712,0.47775686449449634,0.89062467014333,0.930421598701105,1.0059525246978258,0.3904599795386429,0.6942564390288549
bbob_f016_i79_d05,16,79,5,3,direct,8,129.9049569854393,,138.8365832563624,129.9049569854393,129.9049569854393,121.76346944422656,119.55949334013198,0.43510454094484324,0.8778876495283345,0.9211549828468909,1.0010031643226702,0.498993432788407,0.650820685366044
bbob_f016_i79_d05,16,79,5,3,inject,8,129.9049569854393,,138.83658325636299,129.9049569854393,129.9049569854393,117.77048293953371,115.71768251631083,0.37201767310522876,0.8450264814990606,0.9165256516210236,1.029565891581638,0.32131291959987174,0.5502105891487717
bbob_f016_i80_d05,16,80,5,0,pass,8,-532.0835495051577,-455.9927447622312,-455.9927447622312,-532.0835495051577,-532.0835495051577,-532.0835495051577,-532.0835495051577,1.2266475427630406,0.9596281575932023,0.9912781827944952,1.1111381069283488,0.6877590344779821,0.7084281147138518
bbob_f016_i80_d05,16,80,5,0,direct,8,-532.0835495051577,,-470.2448177583045,-532.0835495051577,-532.0835495051577,-532.0835495051577,-535.4416022830551,1.1966645434248149,0.9599483642130394,0.9945074790026753,1.1436833692731017,0.6628431964247353,0.6375121684805588
bbob_f016_i80_d05,16,80,5,0,inject,8,-532.0835495051577,,-470.2448177583025,-532.0835495051577,-532.0835495051577,-532.0835495051577,-535.6713727770035,1.1966645434248149,0.9599483642130394,0.990171683544489,1.1467536320285556,0.5117389435940717,0.7262717173043948
bbob_f016_i80_d05,16,80,5,1,pass,8,-527.3268395837429,-491.061796758823,-491.061796758823,-527.3268395837429,-527.3268395837429,-527.3268395837429,-530.5922415896636,2.0055170551172696,0.9811663766580925,0.9670130806650146,1.1538904625029893,0.4818754019508716,0.6976720343720207
bbob_f016_i80_d05,16,80,5,1,direct,8,-527.3268395837429,,-404.1981417931489,-527.3268395837429,-527.3268395837429,-533.0810492334989,-533.0810492334989,2.0220341109017013,1.0793576391788906,0.9733968326930033,1.0277064951696935,0.823953548114918,0.7331953422188209
bbob_f016_i80_d05,16,80,5,1,inject,8,-527.3268395837429,,-404.1981417931489,-527.3268395837429,-527.3268395837429,-531.0633566710898,-531.0633566710898,2.0055170551172696,0.9811663766580925,0.9649124871879887,1.048666723887608,0.8228900930150561,0.6928600133997376
bbob_f016_i80_d05,16,80,5,2,pass,8,-536.1712985568041,-459.787583830491,-459.787583830491,-536.1712985568041,-536.1712985568041,-536.1712985568041,-536.1712985568041,0.4711591439267708,0.8759612921008676,0.9628036890753807,1.1882928859226223,0.9292514913934475,0.6696071017008929
bbob_f016_i80_d05,16,80,5,2,direct,8,-536.1712985568041,,-488.8077912262561,-536.1712985568041,-536.1712985568041,-536.1712985568041,-538.3430783658837,0.45302695924355657,0.8748176905846599,0.9626063652266837,1.1890499643165724,0.603703252252583,0.7064421945050774
bbob_f016_i80_d05,16,80,5,2,inject,8,-536.1712985568041,,-488.8077912262561,-536.1712985568041,-536.1712985568041,-536.1712985568041,-536.1712985568041,0.45302695924355657,0.8748176905846599,0.9666893014290135,1.2016135250313174,0.4494926068833918,0.7168483439814449
bbob_f016_i80_d05,16,80,5,3,pass,8,-526.969197146655,-386.5309597402859,-386.5309597402859,-526.969197146655,-526.969197146655,-526.969197146655,-533.4566984782715,2.3064113436294726,1.1474963172714083,0.9783536951413836,0.8012554635775917,0.47295759928013875,0.7450193984845794
bbob_f016_i80_d05,16,80,5,3,direct,8,-526.969197146655,,-434.67763357479885,-526.969197146655,-526.969197146655,-526.969197146655,-526.969197146655,2.3064113436294726,1.1474963172714083,1.0013256928470244,0.8936236818068831,0.8887137782331114,0.7643977752188515
bbob_f016_i80_d05,16,80,5,3,inject,8,-526.969197146655,,-434.67763357479885,-526.969197146655,-526.969197146655,-527.7549846647541,-536.8533202599444,2.3064113436294726,1.1474963172714083,0.9773009571235579,0.8118828872193083,0.23588523440245987,0.6156570571739205
bbob_f017_i79_d05,17,79,5,0,pass,8,735.8142143796732,738.4739461755827,738.4739461755827,735.8142143796732,735.6916717018762,733.5891972387436,733.4695852895137,1.2620124744402412,1.143848169577686,1.06476216710228,1.2354035895427153,0.630731496374942,0.5996344996651513
bbob_f017_i79_d05,17,79,5,0,direct,8,735.8142143796732,,736.4965577165644,735.8142143796732,735.6916717018762,734.0715771480659,734.0715771480659,1.3887632454181675,1.155169292960484,1.069459527752006,1.2804937877089908,0.4839063519938084,0.5858082891622478
bbob_f017_i79_d05,17,79,5,0,inject,8,735.8142143796732,,736.4965577165644,735.8142143796732,735.6916717018762,734.9747406996861,734.4950856275309,1.3514707116353446,1.1465414529227977,1.0588864155897275,1.2171497716033965,0.49289484354155955,0.6961294572728762
bbob_f017_i79_d05,17,79,5,1,pass,8,734.1414888185908,738.7055361066344,738.7055361066344,734.1414888185908,734.1414888185908,733.3839621236502,733.1358902041726,1.3263138099672247,0.9896281344286649,0.9654028819953694,1.0458814126263272,0.28774314827972675,0.49301167028375115
bbob_f017_i79_d05,17,79,5,1,direct,8,734.1414888185908,,738.4577124319275,734.1414888185908,734.1414888185908,733.462067103655,732.7176270356271,1.3263138099672247,0.9896281344286649,0.9657787611655554,1.048982108947132,0.2995378874223219,0.5045098036330417
bbob_f017_i79_d05,17,79,5,1,inject,8,734.1414888185908,,738.4577124319275,734.1414888185908,734.1414888185908,734.1414888185908,733.4004968930759,1.3263138099672247,0.9896281344286649,0.9623901265803533,1.0150976944753514,0.4467423499832801,0.5428892731045626
bbob_f017_i79_d05,17,79,5,2,pass,8,733.1410819082668,739.0926481641657,739.0926481641657,733.1410819082668,733.1410819082668,733.1410819082668,732.9637074580108,0.2822417709163822,0.8266331393416082,0.9124507495103379,0.943655621233516,0.3412182576589144,0.5336376429867526
bbob_f017_i79_d05,17,79,5,2,direct,8,733.1410819082668,,736.0525920638647,733.1410819082668,733.1410819082668,733.1410819082668,733.049492082843,0.3312868545857408,0.8223534846887232,0.9185260987194358,0.968493880005083,0.4661059232971888,0.6186240621189546
bbob_f017_i79_d05,17,79,5,2,inject,8,733.1410819082668,,736.0525920638647,733.1410819082668,733.1410819082668,732.8940158619171,732.7736417620958,0.3312868545857408,0.8223534846887232,0.9092999017840209,0.9264295443249634,0.2103717975846316,0.567338693312392
bbob_f017_i79_d05,17,79,5,3,pass,8,734.7078541315942,737.2246469962646,737.2246469962646,734.7078541315942,734.7078541315942,733.9070806193172,733.0691641365253,0.40374399226707774,0.8721395651924079,0.9348987756400589,1.1131713340768323,0.5224773718165366,0.6797804281417464
bbob_f017_i79_d05,17,79,5,3,direct,8,734.7078541315942,,736.5148469012404,734.7078541315942,734.7078541315942,733.904869759007,733.2190984578323,0.3343836249155012,0.8819948456703199,0.9345976296739983,1.1160820353407712,0.4357136618754339,0.6689043919815323
bbob_f017_i79_d05,17,79,5,3,inject,8,734.7078541315942,,736.5148469012404,734.7078541315942,734.7078541315942,733.7372777047547,732.8154941905383,0.45105366441769895,0.8784098076954069,0.9374007101573891,1.2292892067911405,0.39117649213075534,0.5919911101896241
bbob_f017_i80_d05,17,80,5,0,pass,8,35.92010202371125,39.87418167013219,39.87418167013219,35.92010202371125,35.92010202371125,35.92010202371125,35.92010202371125,1.0175063214897684,0.928313841312255,0.9455603345377384,0.939624718199183,0.30295549682801015,0.6692407609738812
bbob_f017_i80_d05,17,80,5,0,direct,8,35.92010202371125,,36.99313983110784,35.92010202371125,35.92010202371125,35.92010202371125,35.92010202371125,0.9896142328041648,0.9384422345723649,0.9434241242361732,0.9518938367817348,0.3490477632669478,0.6003283604059292
bbob_f017_i80_d05,17,80,5,0,inject,8,35.92010202371125,,36.99313983110784,35.92010202371125,35.92010202371125,35.92010202371125,35.87171547146427,1.0855607861844019,0.950475052422477,0.9489280387843697,0.9560248846767838,0.4455072500846451,0.7761938035215179
bbob_f017_i80_d05,17,80,5,1,pass,8,38.271423920609806,38.39052852514966,38.39052852514966,38.271423920609806,38.02351573886253,36.99834138158092,36.99834138158092,0.8099870661563687,0.9739527826303401,1.0263892776440628,1.2733819767257741,0.4830312758894711,0.7525226175842725
bbob_f017_i80_d05,17,80,5,1,direct,8,38.271423920609806,,38.72786546940134,38.271423920609806,38.02351573886253,37.39738042480979,36.9519151477031,0.859353593139719,0.9876235876128766,1.0261420362033176,1.29046382902805,0.8683864702149565,0.7388406004941631
bbob_f017_i80_d05,17,80,5,1,inject,8,38.271423920609806,,38.72786546940134,38.271423920609806,36.913904646056245,36.2345753358419,36.2345753358419,0.6409780839937981,0.848345088372983,0.969784728505444,1.1868266626496022,0.5636088089881491,0.7372034582881651
bbob_f017_i80_d05,17,80,5,2,pass,8,38.02923667222604,40.51968135828255,40.51968135828255,38.02923667222604,38.02923667222604,36.07005729486377,36.07005729486377,1.2849405966884733,0.9213872929402921,0.9753816777442751,1.1720289805108537,0.44440541995212257,0.5403746171894321
bbob_f017_i80_d05,17,80,5,2,direct,8,38.02923667222604,,39.22956278348869,38.02923667222604,38.02923667222604,36.255977689223435,36.255977689223435,1.1675308950197265,0.8884586394256573,0.9703329166584707,1.2612142891501064,0.30043447650691096,0.5001040251498905
bbob_f017_i80_d05,17,80,5,2,inject,8,38.02923667222604,,39.22956278348869,38.02923667222604,38.02923667222604,38.02923667222604,36.25551156744017,1.230774584604502,0.8988053367642223,0.9784585968109435,1.2617115828655379,0.4517358435854371,0.5530542064051573
bbob_f017_i80_d05,17,80,5,3,pass,8,36.77262141874772,38.06910757604876,38.06910757604876,36.77262141874772,36.77262141874772,36.18990927860136,35.97074959559338,0.6746369121785541,0.8324779977946619,0.9397570310514668,1.1125304857201401,0.2901841426443157,0.5602113514645559
bbob_f017_i80_d05,17,80,5,3,direct,8,36.77262141874772,,37.580762779360214,36.77262141874772,36.77262141874772,36.04684088663022,35.951261087203896,0.5434143927713181,0.8205650976162155,0.9303077291153378,1.0942739905601342,0.32118290196994126,0.5406210982073832
bbob_f017_i80_d05,17,80,5,3,inject,8,36.77262141874772,,37.580762779360214,36.77262141874772,36.77262141874772,36.38745199597978,36.38745199597978,0.63277595970417,0.8091106468999428,0.9360134041852258,1.1696917880536295,0.40857524145531565,0.6000074709612183
bbob_f018_i79_d05,18,79,5,0,pass,8,739.3129485097276,751.465236660834,751.465236660834,739.3129485097276,739.3129485097276,736.0760237614753,736.011682491807,1.01003552369715,0.9875122317236595,0.973238574698418,0.8673848114929509,0.6439010995153577,0.7655490053078724
bbob_f018_i79_d05,18,79,5,0,direct,8,739.3129485097276,,749.9604291770045,739.3129485097276,739.3129485097276,733.7146242494542,732.9256031487782,1.01003552369715,0.9875122317236595,0.9757913574108381,0.8809227283111559,0.22134578765002688,0.5132085900814385
bbob_f018_i79_d05,18,79,5,0,inject,8,739.3129485097276,,749.9604291770045,739.3129485097276,739.3129485097276,735.0024547664918,735.0024547664918,0.9944254463790068,0.9781505519887178,0.9672197714242414,0.8473162581583848,0.40023291822258333,0.8467085611136574
bbob_f018_i79_d05,18,79,5,1,pass,8,739.0218741727952,739.7184739346495,739.7184739346495,739.0218741727952,739.0218741727952,734.3408377265355,733.7575815501748,1.2662555926030568,0.909966828508822,0.9785956445246159,0.9712463928358563,0.3892040014894432,0.554264278045445
bbob_f018_i79_d05,18,79,5,1,direct,8,739.0218741727952,,740.0822859675854,739.0218741727952,739.0218741727952,738.3014093797893,734.1381957743789,0.6447050139539474,0.9193792573431119,0.9397089186800006,0.9046514368929759,0.5726263029336885,0.6594540346210616
bbob_f018_i79_d05,18,79,5,1,inject,8,739.0218741727952,,740.0822859675854,739.0218741727952,739.0218741727952,736.5138660844163,736.5138660844163,1.5650664464604356,0.9040095505733039,0.9819034871269811,1.0229693882342443,0.5132906829855172,0.6517938698211624
bbob_f018_i79_d05,18,79,5,2,pass,8,738.1044132688265,761.0274574564036,761.0274574564036,738.1044132688265,738.1044132688265,737.0463320401147,735.9091745337042,1.0977652774138889,0.9470330419844325,1.0062660867143192,1.241136399593779,0.41257997391942686,0.6467570320873726
bbob_f018_i79_d05,18,79,5,2,direct,8,738.1044132688265,,747.4425128991865,738.1044132688265,738.1044132688265,735.4084328346663,733.9185076610523,1.127070616636031,0.9554642780679001,0.9993700319992778,1.1680110066602427,0.4029098336434483,0.5933254496073557
bbob_f018_i79_d05,18,79,5,2,inject,8,738.1044132688265,,747.4425128991865,738.1044132688265,738.1044132688265,736.1202100086034,733.5361342553423,0.4010432933798468,0.8068994055797953,0.9332865103825044,1.0893554098904117,0.7324064719914779,0.9485126027173133
bbob_f018_i79_d05,18,79,5,3,pass,8,741.7738680927029,744.1847393682625,744.1847393682625,741.7738680927029,741.7738680927029,739.5107207241406,737.3743306127086,0.6108028197947806,0.8904329567488721,0.9337501039551163,1.0886967551710582,0.4257961211217079,0.676448205340543
bbob_f018_i79_d05,18,79,5,3,direct,8,741.7738680927029,,747.2032365874239,741.7738680927029,741.7738680927029,741.7738680927029,741.7738680927029,0.52291029248278,0.9224374225232769,0.934853809884864,1.0810780526879329,0.33996516212803335,0.675452193607865
bbob_f018_i79_d05,18,79,5,3,inject,8,741.7738680927029,,747.2032365874239,741.7738680927029,741.7738680927029,737.7448956310154,735.5021491516812,0.6478173434010335,0.8851874194011834,0.9342291848579861,1.145011131018538,0.382336170772288,0.62316909419305
bbob_f018_i80_d05,18,80,5,0,pass,8,43.54851591248804,76.42695248739162,76.42695248739162,43.54851591248804,43.54851591248804,39.12082260585969,37.2532022324799,1.3252693789747496,1.0213998352918126,0.957992270497191,0.8517321258229388,0.2853540134343922,0.5656546410598149
bbob_f018_i80_d05,18,80,5,0,direct,8,43.54851591248804,,66.11021637867364,43.54851591248804,43.54851591248804,39.5439457375888,38.562610753250794,1.3437431638171051,1.0461595112560504,0.9646170940084188,0.8526996598464972,0.3855496448672935,0.6297366956076044
bbob_f018_i80_d05,18,80,5,0,inject,8,43.54851591248804,,66.11021637867364,43.54851591248804,43.54851591248804,38.346988871695764,38.346988871695764,1.3609006800801533,1.0409056902088785,0.9601557674425362,0.853788601444251,0.4407668567134781,0.8047767562868113
bbob_f018_i80_d05,18,80,5,1,pass,8,38.483132604251225,43.43954970639933,43.43954970639933,38.483132604251225,37.603398602667625,37.603398602667625,37.603398602667625,0.8667969488304341,0.9218440960846299,1.0190214102357493,1.192619738021944,0.23091546176819852,0.5806224751274196
bbob_f018_i80_d05,18,80,5,1,direct,8,38.483132604251225,,42.92915597737206,38.483132604251225,38.483132604251225,38.483132604251225,37.97204867181387,0.7053000616008956,0.963091345013081,1.0006887196470255,1.1618274069759218,0.43154460620343565,0.6399359705714524
bbob_f018_i80_d05,18,80,5,1,inject,8,38.483132604251225,,42.92915597737206,38.483132604251225,38.483132604251225,38.167680460640476,38.167680460640476,0.9716209236128267,0.8370621463019434,0.9678694769887903,1.1757226084950274,0.5179896217832323,0.7548995588973049
bbob_f018_i80_d05,18,80,5,2,pass,8,44.81857770958236,54.734021529604384,54.734021529604384,44.81857770958236,44.81857770958236,38.92564981519246,37.93694513675183,0.5319611924441784,0.8792077724029134,0.9437443522432791,1.0729593062087934,0.44266611526103644,0.6672362404134169
bbob_f018_i80_d05,18,80,5,2,direct,8,44.81857770958236,,58.54056257581908,44.81857770958236,44.81857770958236,38.75469352909627,36.62167488571001,0.5319611924441784,0.8792077724029134,0.947296859406181,1.0909084529583368,0.27794590889056303,0.5416581385299254
bbob_f018_i80_d05,18,80,5,2,inject,8,44.81857770958236,,58.54056257581908,44.81857770958236,44.81857770958236,40.92565567903657,39.0862456040984,0.5319611924441784,0.8792077724029134,0.9503985436293249,1.1192211190637238,0.29492188752505805,0.5829736720471357
bbob_f018_i80_d05,18,80,5,3,pass,8,44.193419579206896,43.226696037737014,43.226696037737014,43.226696037737014,43.226696037737014,40.71806076805459,37.791158760625166,1.3946486465847274,0.9570572839349961,1.0135644145713067,1.1638381711951142,0.31459725527219484,0.5941489232669642
bbob_f018_i80_d05,18,80,5,3,direct,8,44.193419579206896,,43.35355531330881,43.35355531330881,43.35355531330881,40.546579810138006,39.263018296220984,1.2411125005850496,0.9501771372013011,0.9931666940483584,1.1130475625973362,0.25474438796267945,0.639489511945882
bbob_f018_i80_d05,18,80,5,3,inject,8,44.193419579206896,,43.35355531330881,43.35355531330881,43.226696037737014,42.816073923569824,39.750765340608964,1.3131007804995627,0.9383773900818594,1.0075283751460113,1.2518558970178724,0.3524472250485873,0.6100081171549135
bbob_f019_i79_d05,19,79,5,0,pass,8,30.39600646808004,38.64281423434845,38.64281423434845,30.39600646808004,30.39600646808004,30.39600646808004,30.39600646808004,0.5739863516496482,0.9449407868379462,0.9728098690980661,0.9001634665002523,0.763276363848414,0.7481384221909277
bbob_f019_i79_d05,19,79,5,0,direct,8,30.39600646808004,,40.882105572706166,30.39600646808004,30.39600646808004,30.39600646808004,30.39600646808004,0.5739863516496482,0.9449407868379462,0.9788214866457922,0.9634182333969887,0.5668776278198081,0.763978831667733
bbob_f019_i79_d05,19,79,5,0,inject,8,30.39600646808004,,40.882105572706166,30.39600646808004,30.39600646808004,30.39600646808004,30.39600646808004,0.5739863516496482,0.9449407868379462,0.9714321139247469,0.8751520654130196,1.0204062332191974,1.2063640312056136
bbob_f019_i79_d05,19,79,5,1,pass,8,31.408240334254113,45.63784818359839,45.63784818359839,31.408240334254113,31.408240334254113,30.43362374738991,30.43362374738991,1.1564299788976622,0.8809972055131181,0.9633340945610109,0.9967871158455501,0.4302956116125105,0.6761911814139393
bbob_f019_i79_d05,19,79,5,1,direct,8,31.408240334254113,,46.51077142291315,31.408240334254113,31.408240334254113,31.408240334254113,31.408240334254113,1.1564299788976622,0.8809972055131181,0.9630457314164914,0.9951063723044663,0.2796978160049556,0.6221193454596932
bbob_f019_i79_d05,19,79,5,1,inject,8,31.408240334254113,,46.51077142291315,31.408240334254113,31.408240334254113,31.408240334254113,30.239550047837866,1.1564299788976622,0.8809972055131181,0.9641654073976532,0.973116517763763,0.6277595023420246,0.8035981202165824
bbob_f019_i79_d05,19,79,5,2,pass,8,31.882712987306412,38.85376697485949,38.85376697485949,31.882712987306412,29.871880703819627,29.871880703819627,29.871880703819627,1.5139139483717978,0.9994392330596515,1.019001864848247,1.1079289473164413,0.7029090018776238,0.8461602276690471
bbob_f019_i79_d05,19,79,5,2,direct,8,31.882712987306412,,41.72796833982464,31.882712987306412,29.871880703819627,29.871880703819627,29.871880703819627,1.6029237688029747,1.0010515046764517,1.017260406833614,1.0930259763441597,0.8175571027586019,0.7428856313062502
bbob_f019_i79_d05,19,79,5,2,inject,8,31.882712987306412,,41.72796833982464,31.882712987306412,31.772581159475692,31.772581159475692,30.61346683319553,1.6315860629178986,1.002517473608222,1.0178587540719077,1.142237470683127,0.6113426917096763,0.7782095395432236
bbob_f019_i79_d05,19,79,5,3,pass,8,32.726384747812034,42.482496310781414,42.482496310781414,32.726384747812034,32.726384747812034,32.07498637341809,32.07498637341809,1.2356813181500668,0.8409742413186906,0.9597026070842369,0.9677269457361474,0.6066295888168001,0.7487181953289584
bbob_f019_i79_d05,19,79,5,3,direct,8,32.726384747812034,,40.624799962009575,32.726384747812034,32.726384747812034,30.25667791548824,30.25667791548824,1.2356813181500668,0.8409742413186906,0.9779255195365573,1.083871735220193,0.3585751660119408,0.7916724623459626
bbob_f019_i79_d05,19,79,5,3,inject,8,32.726384747812034,,40.624799962009575,32.726384747812034,32.726384747812034,30.407507918625182,30.407507918625182,0.9346825477452111,0.9873012373887923,0.9398443120253736,0.8617079060804416,0.5747476618074547,0.8190928117888006
bbob_f019_i80_d05,19,80,5,0,pass,8,37.93136373611194,49.33489345696084,49.33489345696084,37.93136373611194,37.93136373611194,37.93136373611194,37.93136373611194,0.8403978414879336,0.872214276164523,0.9654778528187353,1.0269884916779393,0.40839404174832455,0.6312521261762107
bbob_f019_i80_d05,19,80,5,0,direct,8,37.93136373611194,,41.496203051902675,37.93136373611194,37.93136373611194,37.93136373611194,37.74207260528962,0.9340223662601956,0.9643245342248916,0.9650598901346821,0.9653468739400427,0.6528639179047834,0.7636135977578216
bbob_f019_i80_d05,19,80,5,0,inject,8,37.93136373611194,,41.496203051902675,37.93136373611194,37.93136373611194,37.61106151228621,37.61106151228621,0.9340223662601956,0.9643245342248916,0.9571913452128189,0.9085165477766429,0.4530536457221389,0.712983553106188
bbob_f019_i80_d05,19,80,5,1,pass,8,38.53049702694439,46.00327000224178,46.00327000224178,38.53049702694439,38.53049702694439,38.53049702694439,38.53049702694439,0.9178633811821068,1.0093884527533366,0.9818716894502516,1.0087370194831773,0.5850573076827054,0.793911804844107
bbob_f019_i80_d05,19,80,5,1,direct,8,38.53049702694439,,47.86121507340558,38.53049702694439,38.53049702694439,37.79708487504546,37.79708487504546,0.9401807193371167,1.0140077266228193,0.9820182629238803,1.012199119236395,0.8288415079006877,0.6638263571506968
bbob_f019_i80_d05,19,80,5,1,inject,8,38.53049702694439,,47.86121507340558,38.53049702694439,38.53049702694439,37.52878827597962,37.52878827597962,0.9178633811821068,1.0093884527533366,0.9806788426223502,0.9915526522103417,1.002123845213943,0.8915924081429731
bbob_f019_i80_d05,19,80,5,2,pass,8,38.5363756534821,42.32802636566677,42.32802636566677,38.5363756534821,38.5363756534821,38.5363756534821,38.5363756534821,0.7700861866162205,0.8551002117775212,0.9356705623077566,0.9493802027404922,1.0982355492072675,0.9071554833557472
bbob_f019_i80_d05,19,80,5,2,direct,8,38.5363756534821,,49.77294247404699,38.5363756534821,38.5363756534821,37.75122338093297,37.75122338093297,0.7005770537028235,0.8323101675798144,0.9294122794708093,0.9258234613836933,0.4343091231116584,0.6640241519588518
bbob_f019_i80_d05,19,80,5,2,inject,8,38.5363756534821,,49.77294247404699,38.5363756534821,38.5363756534821,38.36146015291818,38.36146015291818,0.7700861866162205,0.8551002117775212,0.9445026346067037,1.0083067035092366,1.075762271341269,0.9318980840473791
bbob_f019_i80_d05,19,80,5,3,pass,8,39.38746324686561,51.704787792388856,51.704787792388856,39.38746324686561,38.98176409469417,38.86191749227479,38.63602683289354,0.7082188684795593,0.9911287162928974,0.9567929038956663,0.953306234696853,0.5940859772327055,0.7523188685203033
bbob_f019_i80_d05,19,80,5,3,direct,8,39.38746324686561,,45.495533064303025,39.38746324686561,39.38746324686561,38.7580126618182,38.7580126618182,0.5621760986411777,0.9717194564629309,0.9608257436430632,1.0926364013750303,0.5969467679814086,0.8211514831129593
bbob_f019_i80_d05,19,80,5,3,inject,8,39.38746324686561,,45.495533064303025,39.38746324686561,39.38746324686561,38.01864294200591,38.01864294200591,0.5621760986411777,0.9717194564629309,0.9399896138917703,0.9775793006370315,0.6176887357594115,0.7694311884108647
bbob_f020_i79_d05,20,79,5,0,pass,8,-386.21255285122623,-276.31854476785986,-276.31854476785986,-386.21255285122623,-386.21255285122623,-386.28677574039585,-386.28677574039585,0.8154290033444825,0.9679596914847718,0.9805045198530506,1.1186917634167957,0.8580953760027128,1.0694181925331034
bbob_f020_i79_d05,20,79,5,0,direct,8,-386.21255285122623,,-385.28622788547494,-386.21255285122623,-386.21255285122623,-386.21255285122623,-387.09041989476873,0.8174656915146624,0.9738526653156264,0.9863696526155044,1.09450474266945,0.8151488905835045,0.8474177846250566
bbob_f020_i79_d05,20,79,5,0,inject,8,-386.21255285122623,,-385.28622788547494,-386.21255285122623,-386.21255285122623,-386.21255285122623,-386.3828275437072,0.7153038057597169,0.9644763956507425,0.974109391057101,1.1171444217019595,0.49823512423334937,0.6659289373258438
bbob_f020_i79_d05,20,79,5,1,pass,8,-386.24799304280447,-383.8826042105795,-383.8826042105795,-386.24799304280447,-386.95181331679913,-387.0200497074588,-387.0200497074588,1.1415805065001934,1.1138334468263347,1.001277648493648,0.8820462977870164,0.547992299910558,0.6924712703031364
bbob_f020_i79_d05,20,79,5,1,direct,8,-386.24799304280447,,-384.73984017014885,-386.24799304280447,-386.95181331679913,-386.95181331679913,-386.95181331679913,1.1508912124478599,1.1188279738758402,1.0014779525804554,0.8866425125834687,0.3230637589850595,0.5707081406571827
bbob_f020_i79_d05,20,79,5,1,inject,8,-386.24799304280447,,-384.73984017014885,-386.24799304280447,-386.95181331679913,-386.95181331679913,-386.95181331679913,1.1508912124478599,1.1188279738758402,0.9987928629992487,0.8448811611851292,0.578235860669066,0.681128621903097
bbob_f020_i79_d05,20,79,5,2,pass,8,-386.1565226354887,236.53579681726853,236.53579681726853,-386.1565226354887,-386.1565226354887,-386.1565226354887,-386.45316495472736,1.464648612889437,0.9822950965746995,0.9693517126994363,0.970617391561114,0.570549148384199,0.7718211242029873
bbob_f020_i79_d05,20,79,5,2,direct,8,-386.1565226354887,,-277.17843853279044,-386.1565226354887,-386.1565226354887,-386.1565226354887,-386.48779802516225,1.3769947786456418,0.966947323002287,0.9781572603244124,1.0346152886079019,0.5820969559192946,0.7007088441958772
bbob_f020_i79_d05,20,79,5,2,inject,8,-386.1565226354887,,-277.17843853279044,-386.1565226354887,-386.1565226354887,-386.1565226354887,-387.3356801265077,0.3077530952532481,0.9599384788041823,0.9343327752346153,0.9566090721685362,0.49455957896720787,0.6627907731494929
bbob_f020_i79_d05,20,79,5,3,pass,8,-387.1271330945835,-363.6520284785077,-363.6520284785077,-387.1271330945835,-387.1271330945835,-387.1271330945835,-387.1271330945835,1.047895416511804,0.9671260521485364,0.9865148771364728,1.119146704442082,0.2779578169212489,0.5820595028420831
bbob_f020_i79_d05,20,79,5,3,direct,8,-387.1271330945835,,-386.0607875592042,-387.1271330945835,-387.1271330945835,-387.1271330945835,-387.1271330945835,0.36766768280440776,0.8768952636810533,0.9537530380865854,1.0945978563228629,0.5027312149323506,0.6260999067068436
bbob_f020_i79_d05,20,79,5,3,inject,8,-387.1271330945835,,-386.0607875592042,-387.1271330945835,-387.1271330945835,-387.1271330945835,-387.1271330945835,0.36766768280440776,0.8768952636810533,0.9521354956302053,1.0949471766062229,0.2879831833887195,0.5586508045229219
bbob_f020_i80_d05,20,80,5,0,pass,8,-143.5307319297671,-141.12269822343126,-141.12269822343126,-143.5307319297671,-143.5307319297671,-143.5307319297671,-143.5307319297671,0.5269627226994112,0.863606035066249,0.9798932501300093,1.098282403202296,0.3752039074646286,0.7146300470150886
bbob_f020_i80_d05,20,80,5,0,direct,8,-143.5307319297671,,-141.34148987079067,-143.5307319297671,-143.5307319297671,-143.5307319297671,-143.5307319297671,0.521644259120456,0.8542165842612085,0.9745511746386348,1.114847798440265,0.48285515474093754,0.6915876133812764
bbob_f020_i80_d05,20,80,5,0,inject,8,-143.5307319297671,,-141.34148987079067,-143.5307319297671,-143.5307319297671,-143.5307319297671,-143.5307319297671,1.2899976675007332,1.0431858444736146,1.056883978019749,1.2622333212424848,0.5101882921150086,0.8108083621412966
bbob_f020_i80_d05,20,80,5,1,pass,8,-142.94034170806117,-142.42426612748415,-142.42426612748415,-142.94034170806117,-142.94034170806117,-143.07947142241593,-143.07947142241593,1.0649689505036435,0.9654804007531047,1.0073465612722896,1.2293341545096121,0.4899903372318798,0.7063839242519888
bbob_f020_i80_d05,20,80,5,1,direct,8,-142.94034170806117,,-140.3495097194027,-142.94034170806117,-142.94034170806117,-142.94034170806117,-143.13017837948792,0.6470031232013822,1.0117791709831119,0.9946311200317246,1.2182071123800815,0.5346395319470217,0.6960651154426281
bbob_f020_i80_d05,20,80,5,1,inject,8,-142.94034170806117,,-140.3495097194027,-142.94034170806117,-142.94034170806117,-143.4677474165609,-143.4677474165609,1.2012334463491814,0.9845669918788799,1.0076189131229105,1.224475163183856,0.6114617317913662,0.9025021985887499
bbob_f020_i80_d05,20,80,5,2,pass,8,-142.66881085245436,-114.14294819555599,-114.14294819555599,-142.66881085245436,-143.04257124926238,-143.11027360132,-143.11027360132,1.1777286249253136,0.958175983497031,0.9711122301941264,0.9749256707063416,0.37625815278983915,0.7362552472509305
bbob_f020_i80_d05,20,80,5,2,direct,8,-142.66881085245436,,-142.06160997835727,-142.66881085245436,-143.04257124926238,-143.04257124926238,-143.21795747585853,1.107884630597812,0.9741008497702192,0.9741192736930878,1.0031086218139582,0.6570311082393132,0.7591304773583823
bbob_f020_i80_d05,20,80,5,2,inject,8,-142.66881085245436,,-142.06160997835727,-142.66881085245436,-143.04257124926238,-143.04257124926238,-143.04257124926238,0.9774606279930583,0.9539209021674738,0.9626437691873585,0.990429486052537,0.7539793551371128,0.8812648116850065
bbob_f020_i80_d05,20,80,5,3,pass,8,-142.4711169166971,-141.07113070266138,-141.07113070266138,-142.4711169166971,-142.4711169166971,-143.97083942329925,-143.97083942329925,0.6120449565237105,0.9126229607024908,0.9367233430712456,0.9142278640843358,0.6725852260565988,0.6627034919507869
bbob_f020_i80_d05,20,80,5,3,direct,8,-142.4711169166971,,-141.64110067601214,-142.4711169166971,-142.4711169166971,-142.87532977398104,-143.77644315958403,0.3644941114857942,0.831352586683804,0.9267142164447675,1.0080878132849738,0.258337520497836,0.5931688395766715
bbob_f020_i80_d05,20,80,5,3,inject,8,-142.4711169166971,,-141.64110067601214,-142.4711169166971,-142.7665470998921,-142.7665470998921,-142.91034653912155,0.3644941114857942,0.831352586683804,0.9115314451202597,0.9662587954033738,0.32339106258312766,0.5222256873443263
bbob_f021_i79_d05,21,79,5,0,pass,8,38.301419573052094,67.90085500467995,67.90085500467995,38.301419573052094,38.301419573052094,37.56492382349264,36.78884542539724,1.0404626134441393,0.9509298058952097,0.9589455939871695,0.9727750501162649,0.3572082926350644,0.527125433868279
bbob_f021_i79_d05,21,79,5,0,direct,8,38.301419573052094,,51.0518469408262,38.301419573052094,38.301419573052094,37.28143883152983,37.20225875489428,0.9689971948832148,0.936295401720195,0.9630413777970419,1.0330708013221765,0.41370432402432866,0.5460631434104471
bbob_f021_i79_d05,21,79,5,0,inject,8,38.301419573052094,,51.0518469408262,38.301419573052094,38.301419573052094,36.9091662068666,36.9091662068666,0.9689971948832148,0.936295401720195,0.9543085510735229,0.9756127183231339,0.3428731004606147,0.5657301835090528
bbob_f021_i79_d05,21,79,5,1,pass,8,36.94908400329552,43.08707964857524,43.08707964857524,36.94908400329552,36.94908400329552,36.660700736002674,35.60080105256983,0.491438642340252,0.9509555673172065,0.955914719703873,1.0418936115535093,0.33060369709055853,0.5002499470380815
bbob_f021_i79_d05,21,79,5,1,direct,8,36.94908400329552,,37.44387082375433,36.94908400329552,36.94908400329552,36.337207482580524,35.89543339683282,0.6167317464753408,0.8921011618742132,0.9450082356067591,1.0461250313725965,0.3387704014869573,0.5650955353656638
bbob_f021_i79_d05,21,79,5,1,inject,8,36.94908400329552,,37.44387082375433,36.94908400329552,36.94908400329552,36.57953770011841,35.27872332703163,0.6794987483596735,0.8922544942565357,0.9461905494316635,1.069525611430284,0.46407436310748534,0.5066471301929671
bbob_f021_i79_d05,21,79,5,2,pass,8,36.50673476036553,48.33199905042541,48.33199905042541,36.50673476036553,36.50673476036553,36.50673476036553,33.7067444395331,1.0521593429100902,0.9652865831186157,0.9729643120504927,1.0649627779050932,0.4689887937790303,0.6852408429704275
bbob_f021_i79_d05,21,79,5,2,direct,8,36.50673476036553,,39.19860230531238,36.50673476036553,36.50673476036553,33.5962566612786,32.64577807677809,0.8705556152769227,0.9190357839736353,0.9580553112449848,1.061244197270182,0.3616533903196698,0.5649686568334206
bbob_f021_i79_d05,21,79,5,2,inject,8,36.50673476036553,,39.19860230531238,36.50673476036553,36.50673476036553,33.075415493365135,32.65442783736236,0.6826947518890745,0.9013704983437429,0.9396353730213971,1.0146841853692086,0.40762807736034257,0.6256672516221565
bbob_f021_i79_d05,21,79,5,3,pass,8,48.61860426407928,38.186261853844954,38.186261853844954,38.186261853844954,38.186261853844954,34.41936019199669,32.024891716691194,1.8439438267249726,0.9515470873604097,1.0025292393215695,1.275979212009009,0.4810702706855181,0.47774230938411755
bbob_f021_i79_d05,21,79,5,3,direct,8,48.61860426407928,,39.2493215563622,39.2493215563622,39.2493215563622,34.37130062434878,32.029436867985716,1.606226067263688,0.9786851495171704,0.9906841061054699,1.2098510560712339,0.39391088621493353,0.5307310260557064
bbob_f021_i79_d05,21,79,5,3,inject,8,48.61860426407928,,39.2493215563622,39.2493215563622,38.186261853844954,37.426890933137074,33.444154153958365,2.0770959257896755,0.9768227092765116,1.0181536262084483,1.3711561308605407,0.46193616766387424,0.5112073424360924
bbob_f021_i80_d05,21,80,5,0,pass,8,-18.392770613699224,-0.8821862363426796,-0.8821862363426796,-18.392770613699224,-18.392770613699224,-19.458862998453398,-19.82714798947659,0.8603325753756469,0.8838441731256972,0.9489936078448926,0.9830063044277814,0.4105678804228349,0.7290580385094043
bbob_f021_i80_d05,21,80,5,0,direct,8,-18.392770613699224,,-11.677370165646787,-18.392770613699224,-18.392770613699224,-19.520781428532867,-19.69562573247579,0.7504225114105172,0.9473824685889664,0.9441976103252824,0.8933573254224662,0.3957200113282915,0.7798191338425842
bbob_f021_i80_d05,21,80,5,0,inject,8,-18.392770613699224,,-11.677370165646787,-18.392770613699224,-18.392770613699224,-19.346487598910684,-19.8247162843936,0.7504225114105172,0.9473824685889664,0.9382156602064389,0.8643400649006758,0.4642525196060526,0.7384507732347595
bbob_f021_i80_d05,21,80,5,1,pass,8,-17.624372873861653,-5.678535679443735,-5.678535679443735,-17.624372873861653,-17.93702858761001,-19.701570981002398,-19.82906060384721,1.1770916112448329,0.9398666678549664,1.0064058181717506,1.2725275746817992,0.49841116437915994,0.6487432132487191
bbob_f021_i80_d05,21,80,5,1,direct,8,-17.624372873861653,,-11.472949459734478,-17.624372873861653,-17.93702858761001,-19.4381437464152,-19.82654436074256,1.0919770898076773,0.9185938784677115,1.0070912765545654,1.337566991437129,0.6305103775848264,0.6924069924217692
bbob_f021_i80_d05,21,80,5,1,inject,8,-17.624372873861653,,-11.472949459734478,-17.624372873861653,-17.93702858761001,-19.638739327757488,-19.826511873269567,1.0919770898076773,0.9185938784677115,0.9991819894988289,1.2594068540431869,0.46599065248786103,0.6638456559926752
bbob_f021_i80_d05,21,80,5,2,pass,8,-11.86917742868173,24.4609264851889,24.4609264851889,-11.86917742868173,-13.244403965060936,-13.244403965060936,-17.037648589535088,0.5249528699484415,0.8886801157259604,0.9615806905430917,1.1333913484634837,0.3408164136461503,0.46723921982026884
bbob_f021_i80_d05,21,80,5,2,direct,8,-11.86917742868173,,-0.9627745648448887,-11.86917742868173,-13.244403965060936,-13.493904757368146,-17.108632735002235,0.6875448292885876,0.8720800904562679,0.9505129793790463,1.108310699782509,0.3510327609928236,0.5324614707464884
bbob_f021_i80_d05,21,80,5,2,inject,8,-11.86917742868173,,-0.9627745648448887,-11.86917742868173,-13.244403965060936,-13.244403965060936,-17.221269163056533,0.6875448292885876,0.8720800904562679,0.9568849085615696,1.1528631648709795,0.5353521278847249,0.542045455014924
bbob_f021_i80_d05,21,80,5,3,pass,8,-14.283762894561237,-10.486716454933745,-10.486716454933745,-14.283762894561237,-14.283762894561237,-14.283762894561237,-14.887852410288108,1.0528144807915685,0.8575473975504975,0.9316987246808028,1.0525017987313479,0.2347326859182276,0.5212303425121066
bbob_f021_i80_d05,21,80,5,3,direct,8,-14.283762894561237,,-11.066388135463276,-14.283762894561237,-14.283762894561237,-14.311317511746644,-14.623630670870325,0.5560837818739862,0.8630681756786318,0.9180692754172319,1.0333510093598726,0.2692710472037371,0.5660146664421546
bbob_f021_i80_d05,21,80,5,3,inject,8,-14.283762894561237,,-11.066388135463276,-14.283762894561237,-14.283762894561237,-14.283762894561237,-14.30741058797335,0.9306244784645353,0.8418205288192093,0.9161854572861978,1.0504996089976442,0.23032130637961032,0.5169536304009618
bbob_f022_i79_d05,22,79,5,0,pass,8,-298.96146997249366,-296.50454277058515,-296.50454277058515,-298.96146997249366,-298.96146997249366,-302.05903015548535,-302.46598097633665,1.0515116343864706,0.9588408625774418,0.9984454770183073,1.07052048983535,0.5026418121142783,0.8375461894170522
bbob_f022_i79_d05,22,79,5,0,direct,8,-298.96146997249366,,-299.7659305372186,-299.7659305372186,-299.7659305372186,-302.51916384577794,-302.51916384577794,0.4864982420169711,0.8932305221603899,0.9573481472533254,1.0538370049899326,0.33219656037626955,0.7176711614335965
bbob_f022_i79_d05,22,79,5,0,inject,8,-298.96146997249366,,-299.7659305372186,-299.7659305372186,-299.7659305372186,-302.0756852314919,-302.4635801474839,0.9421685379304764,1.0000792939001115,0.9770118709249547,0.9702883406574366,0.3623407617331085,0.7140356270634102
bbob_f022_i79_d05,22,79,5,1,pass,8,-294.7268195942856,-226.7470481472703,-226.7470481472703,-294.7268195942856,-294.7268195942856,-299.7527870303349,-302.10105320812977,1.4604177252893447,0.9028128688048301,0.9788078546257007,1.220365696606222,0.5107184913562831,0.7347623025443394
bbob_f022_i79_d05,22,79,5,1,direct,8,-294.7268195942856,,-256.4664603096892,-294.7268195942856,-294.7268195942856,-294.7268195942856,-300.28577038902756,1.0469573414664255,0.8946753620725604,0.9553063629315491,1.1694009191273913,0.42032830192369547,0.7275981731553879
bbob_f022_i79_d05,22,79,5,1,inject,8,-294.7268195942856,,-256.4664603096892,-294.7268195942856,-294.7268195942856,-295.6996186736189,-302.4965320312086,1.0469573414664255,0.8946753620725604,0.9565053531137331,1.153301805577063,0.6193232403041211,0.8252275165868862
bbob_f022_i79_d05,22,79,5,2,pass,8,-283.23216406994084,-229.02288885420285,-229.02288885420285,-283.23216406994084,-283.23216406994084,-285.4885274878827,-287.81566541334536,0.3408810044262448,0.8477700768846849,0.9060490601130347,0.9484835109214513,0.4144666303432743,0.5879482413013251
bbob_f022_i79_d05,22,79,5,2,direct,8,-283.23216406994084,,-248.91982400149286,-283.23216406994084,-283.23216406994084,-287.4069909585552,-287.41440098478927,0.31571074940611266,0.8518465814974086,0.9270745819808541,1.0164740434572732,0.4061831543102192,0.7289826493218019
bbob_f022_i79_d05,22,79,5,2,inject,8,-283.23216406994084,,-248.91982400149286,-283.23216406994084,-285.9538005886785,-287.67620839543855,-287.8254729954928,0.31571074940611266,0.8518465814974086,0.9150791357718674,0.9784382324453708,0.27074220990215,0.5537819815154188
bbob_f022_i79_d05,22,79,5,3,pass,8,-282.1386687120489,-280.2726470818026,-280.2726470818026,-282.1386687120489,-282.1386687120489,-283.6361835759159,-284.18298989209376,0.6564340601973262,0.9679860786684794,0.9875574668666254,1.2159793170134368,0.23573629065128346,0.5329651609377795
bbob_f022_i79_d05,22,79,5,3,direct,8,-282.1386687120489,,-281.4352652656937,-282.1386687120489,-282.1386687120489,-283.2071459897603,-284.10848766810153,0.6659793504390448,0.979273564419032,0.9872201915171681,1.2395771175178516,0.41012708499478134,0.5953509164280567
bbob_f022_i79_d05,22,79,5,3,inject,8,-282.1386687120489,,-281.4352652656937,-282.1386687120489,-282.1386687120489,-282.76504596615035,-284.1863969116443,0.7158811341203597,0.9911761862340431,0.9984236777545499,1.3262747420341214,0.3483004981081629,0.6179284498973174
bbob_f022_i80_d05,22,80,5,0,pass,8,-296.0938415840544,-226.48173343877403,-226.48173343877403,-296.0938415840544,-297.47809192375416,-300.3509351611204,-303.39480509410123,1.7227203842469343,0.9786616885382007,1.001512788132307,1.205442507821676,0.24019263388273634,0.6074342964199468
bbob_f022_i80_d05,22,80,5,0,direct,8,-296.0938415840544,,-239.28064888451098,-296.0938415840544,-297.47809192375416,-303.59625808545843,-303.77120950188896,1.7227203842469343,0.9786616885382007,1.0090396733906999,1.2599615802289057,0.2585930570351263,0.5416902039325217
bbob_f022_i80_d05,22,80,5,0,inject,8,-296.0938415840544,,-239.28064888451098,-296.0938415840544,-297.47809192375416,-300.91007299441026,-303.7162145955879,1.7134998399084136,0.9873031398195874,0.9999174839923152,1.1583922495323533,0.30581713123171267,0.6083808349956744
bbob_f022_i80_d05,22,80,5,1,pass,8,-298.62314517311125,-238.66053614093818,-238.66053614093818,-298.62314517311125,-298.62314517311125,-298.62314517311125,-298.62314517311125,1.9218765043342012,1.0086464758001545,0.9823068755383857,1.1374356625907622,0.5712041146404612,0.71999733097694
bbob_f022_i80_d05,22,80,5,1,direct,8,-298.62314517311125,,-237.36845226573473,-298.62314517311125,-298.62314517311125,-298.62314517311125,-298.95158498671447,2.3321874119044,1.0530364483144254,0.9966950551503104,1.1921688980351175,0.3221178750867102,0.5828939443389357
bbob_f022_i80_d05,22,80,5,1,inject,8,-298.62314517311125,,-237.36845226573473,-298.62314517311125,-298.62314517311125,-298.62314517311125,-298.62314517311125,1.9218765043342012,1.0086464758001545,0.9839929702124447,1.0906819836811255,0.4898826535974777,0.7183085784319343
bbob_f022_i80_d05,22,80,5,2,pass,8,-282.58182843138815,-228.15145954296202,-228.15145954296202,-282.58182843138815,-282.58182843138815,-291.82911980143746,-294.8464264894599,1.1770076433985084,0.9230230237964686,0.9616767838090919,0.8581807686360517,0.45350885266271357,0.5357277067738304
bbob_f022_i80_d05,22,80,5,2,direct,8,-282.58182843138815,,-241.96744842711644,-282.58182843138815,-282.58182843138815,-290.64411857231744,-297.46893588559146,1.1770076433985084,0.9230230237964686,0.9868806171378003,0.9311162100735347,0.5305370850321296,0.6101245938384938
bbob_f022_i80_d05,22,80,5,2,inject,8,-282.58182843138815,,-241.96744842711644,-282.58182843138815,-282.58182843138815,-282.58182843138815,-298.2841638989563,1.697254035214397,0.9786221653835087,0.9831815936312985,1.0034846336353296,0.6881175294957429,1.0667421523949634
bbob_f022_i80_d05,22,80,5,3,pass,8,-300.32166473153467,-244.72830599496086,-244.72830599496086,-300.32166473153467,-300.32166473153467,-300.32166473153467,-300.32166473153467,0.9042021714439485,0.886166880237448,0.9372470820377159,1.0147252836162288,0.2937495867678558,0.5077266756697852
bbob_f022_i80_d05,22,80,5,3,direct,8,-300.32166473153467,,-267.08489782578005,-300.32166473153467,-300.32166473153467,-300.32166473153467,-300.32166473153467,0.7445932458593437,0.8958279414203776,0.9333855871723133,0.9978592601003601,0.28805082040117924,0.4828547932595054
bbob_f022_i80_d05,22,80,5,3,inject,8,-300.32166473153467,,-267.08489782578005,-300.32166473153467,-300.32166473153467,-300.32166473153467,-303.0776730965396,0.7274104395302776,0.892229590847635,0.9310499753674034,1.0447716148066974,0.45363287312212497,0.6314939124344887
bbob_f023_i79_d05,23,79,5,0,pass,8,-56.075937408393,-13.69305919689387,-13.69305919689387,-56.075937408393,-56.075937408393,-56.075937408393,-56.075937408393,1.7251460370197709,0.939407621659555,1.0029171299517141,1.2151088177588296,0.9169285739812644,0.7191188163066596
bbob_f023_i79_d05,23,79,5,0,direct,8,-56.075937408393,,-34.31439231164177,-56.075937408393,-56.075937408393,-56.075937408393,-56.075937408393,1.7251460370197709,0.939407621659555,0.9945959041935231,1.124179774068639,0.6956039527765209,0.8203549063390986
bbob_f023_i79_d05,23,79,5,0,inject,8,-56.075937408393,,-34.31439231164177,-56.075937408393,-56.075937408393,-56.075937408393,-56.075937408393,1.722497580796104,0.9342186323477681,1.0050026008530035,1.2244189402418009,0.6609436505424041,0.7695006747438518
bbob_f023_i79_d05,23,79,5,1,pass,8,-52.74098291425905,-53.531943416671005,-53.531943416671005,-53.531943416671005,-55.37790831305311,-55.37790831305311,-55.37790831305311,3.7069416780642457,1.1079843406349883,1.0153050062632436,0.9846433467238409,0.5677861148308894,0.6450433142797201
bbob_f023_i79_d05,23,79,5,1,direct,8,-52.74098291425905,,-44.235950760990484,-52.74098291425905,-55.37790831305311,-55.37790831305311,-55.37790831305311,3.767731703265792,1.213130404206823,1.0305052252612596,1.00963021702399,1.0495530239050341,0.6855235541793708
bbob_f023_i79_d05,23,79,5,1,inject,8,-52.74098291425905,,-44.235950760990484,-52.74098291425905,-55.37790831305311,-55.78190591566608,-55.78190591566608,3.745364955121382,1.1005126391013935,1.0125714551014433,1.0835535750880285,1.021391789583747,0.8413874444676042
bbob_f023_i79_d05,23,79,5,2,pass,8,-55.257030501662385,-21.06977926327673,-21.06977926327673,-55.257030501662385,-55.257030501662385,-55.257030501662385,-55.257030501662385,3.4723590471076626,1.058589324203898,0.983105073623751,0.8714434167799296,0.7888543740265692,0.7388993246898777
bbob_f023_i79_d05,23,79,5,2,direct,8,-55.257030501662385,,-21.28688330532495,-55.257030501662385,-55.257030501662385,-55.257030501662385,-57.374757679281416,3.4723590471076626,1.058589324203898,0.9833228773721452,0.8843623264888745,1.3753321312732147,0.9775367199779956
bbob_f023_i79_d05,23,79,5,2,inject,8,-55.257030501662385,,-21.28688330532495,-55.257030501662385,-55.257030501662385,-55.257030501662385,-55.257030501662385,3.4723590471076626,1.058589324203898,0.9901811640372781,0.905005998277041,0.9528779600147781,1.0095410861281904
bbob_f023_i79_d05,23,79,5,3,pass,8,-55.91557060446794,-33.73137745696262,-33.73137745696262,-55.91557060446794,-55.91557060446794,-55.91557060446794,-55.91557060446794,1.8247894668006226,0.9818480629335224,0.9955978986153629,1.1253907862029728,0.5988057988762229,0.8828329027680462
bbob_f023_i79_d05,23,79,5,3,direct,8,-55.91557060446794,,-43.13491126687227,-55.91557060446794,-55.91557060446794,-55.91557060446794,-55.91557060446794,1.6540480536366662,0.9413288864873741,0.9886470549446147,1.2334578444431628,0.30410205513308436,0.6676648278093661
bbob_f023_i79_d05,23,79,5,3,inject,8,-55.91557060446794,,-43.13491126687227,-55.91557060446794,-55.91557060446794,-55.91557060446794,-55.91557060446794,1.7215871977304302,0.9451914682373298,0.9724547891520756,1.1108420670463661,0.9434107242351956,0.8894758875024265
bbob_f023_i80_d05,23,80,5,0,pass,8,128.7249510510991,139.92259068056828,139.92259068056828,128.7249510510991,128.7249510510991,128.7249510510991,128.7249510510991,1.309865357797427,0.9553474594445325,1.0050595791220203,1.2010854044089403,1.094822006457005,1.1111533802495708
bbob_f023_i80_d05,23,80,5,0,direct,8,128.7249510510991,,147.95524724020538,128.7249510510991,128.7249510510991,128.7249510510991,128.7249510510991,1.586504371720464,0.983946327989452,1.0145223911410348,1.265167864533179,0.6514258264131498,0.9664736704180606
bbob_f023_i80_d05,23,80,5,0,inject,8,128.7249510510991,,147.95524724020524,128.7249510510991,128.7249510510991,128.7249510510991,128.7249510510991,1.190804863239285,0.9337723696586616,1.002403519039465,1.2119301482806721,0.4060988962263347,0.7561800730155254
bbob_f023_i80_d05,23,80,5,1,pass,8,129.7614304572929,139.07250836688183,139.07250836688183,129.7614304572929,129.7614304572929,129.44512497925945,129.44512497925945,2.6301401303716903,1.189107397476892,1.0403215888273998,0.9435284626207818,0.9516665857870844,0.7754309513654098
bbob_f023_i80_d05,23,80,5,1,direct,8,129.7614304572929,,133.96513414043974,129.7614304572929,129.7614304572929,129.7614304572929,129.7614304572929,1.625951259435948,1.0001521728449645,0.9678071616897527,0.9194373873222271,1.023051597703016,0.8688994986622225
bbob_f023_i80_d05,23,80,5,1,inject,8,129.7614304572929,,133.96513414043974,129.7614304572929,129.7614304572929,129.7614304572929,129.7614304572929,1.7191393470026393,0.9951843349484729,0.9630502970838054,0.8568097332341621,0.48831676944673447,0.6206798759761715
bbob_f023_i80_d05,23,80,5,2,pass,8,130.20690613730665,156.64537996972373,156.64537996972373,130.20690613730665,130.20690613730665,127.79187974830789,127.79187974830789,1.8973733911810449,1.1392628195060024,1.013792716820307,1.0392665798228697,1.5077809022998985,1.0344227876194598
bbob_f023_i80_d05,23,80,5,2,direct,8,130.20690613730665,,140.77334036859835,130.20690613730665,130.11942750600824,129.67757177360156,126.93782221814725,1.9475177245611435,1.1448725690515393,1.0267240826536377,1.0712368599270217,1.2781937252617457,0.8169579270233236
bbob_f023_i80_d05,23,80,5,2,inject,8,130.20690613730665,,140.77334036859835,130.20690613730665,130.20690613730665,128.65096991963958,128.65096991963958,1.9475177245611435,1.1448725690515393,1.0235373597537394,1.0912880314031381,0.9735997304607856,0.9503380738572169
bbob_f023_i80_d05,23,80,5,3,pass,8,127.1725966372556,145.67000668053421,145.67000668053421,127.1725966372556,127.1725966372556,127.1725966372556,127.1725966372556,2.0997643609231225,0.9121706806273383,1.0040814066726689,1.1481854738158181,0.9161170749019786,0.8808747059702635
bbob_f023_i80_d05,23,80,5,3,direct,8,127.1725966372556,,136.26611557324895,127.1725966372556,127.1725966372556,127.1725966372556,127.1725966372556,2.4179023113781364,0.9463100100275957,1.017501281469673,1.2646920790385348,1.6332143951275,1.0097122832320244
bbob_f023_i80_d05,23,80,5,3,inject,8,127.1725966372556,,136.26611557324895,127.1725966372556,127.1725966372556,127.1725966372556,127.1725966372556,1.0294194784256592,0.9595839645828768,0.9649126672883807,1.0799655845372607,0.6144921237299491,0.6622989164668742
bbob_f024_i79_d05,24,79,5,0,pass,8,-957.0764989472502,-934.0775005418861,-934.0775005418861,-957.0764989472502,-957.0764989472502,-978.4453944366846,-978.4453944366846,1.5067568029464735,1.0214758995628268,0.9842424108526211,1.0891735850072841,0.578771660368951,0.6633015509129444
bbob_f024_i79_d05,24,79,5,0,direct,8,-957.0764989472502,,-918.6600829177308,-957.0764989472502,-957.0764989472502,-964.1418463261624,-973.0546943475531,1.0883927632646622,0.9531799173087108,0.9637607014262147,1.0590939688032368,0.6027362604293137,0.6796470406890924
bbob_f024_i79_d05,24,79,5,0,inject,8,-957.0764989472502,,-918.6600829177308,-957.0764989472502,-957.0764989472502,-979.7188036842568,-979.7188036842568,1.5067568029464735,1.0214758995628268,0.9774230594555867,1.0424001092053572,0.3944071521643001,0.6369481882071596
bbob_f024_i79_d05,24,79,5,1,pass,8,-958.9568369622708,-937.1930693504239,-937.1930693504239,-958.9568369622708,-958.9568369622708,-964.4404163662382,-964.4404163662382,0.7955440510655526,0.9230479047441243,0.9604796809977418,1.1479935537394368,0.41486076280625794,0.750517964272928
bbob_f024_i79_d05,24,79,5,1,direct,8,-958.9568369622708,,-938.9344234888184,-958.9568369622708,-958.9568369622708,-974.7354062547893,-977.6530430691009,0.8052290704757581,0.9328532987521388,0.9580184025883485,1.1494005746652745,0.4283136933890611,0.5947556327867093
bbob_f024_i79_d05,24,79,5,1,inject,8,-958.9568369622708,,-938.9344234888184,-958.9568369622708,-958.9568369622708,-978.3011891491204,-978.3011891491204,0.7944220358360221,0.9229486716974031,0.9600527493835052,1.1607826320885357,0.4992892741452185,0.6112334695307883
bbob_f024_i79_d05,24,79,5,2,pass,8,-964.521319657629,-904.1216174988185,-904.1216174988185,-964.521319657629,-964.521319657629,-964.521319657629,-970.1603686545924,0.8709754829564125,0.9242234489470221,0.9444351016954707,0.9408745246757,0.7160107620089906,0.7904328224614091
bbob_f024_i79_d05,24,79,5,2,direct,8,-964.521319657629,,-946.3524504424105,-964.521319657629,-964.521319657629,-964.521319657629,-966.7904144183198,0.624222800859529,0.9280805699570244,0.9435091352840412,0.9852269069221653,0.9132518930383885,0.93275824221781
bbob_f024_i79_d05,24,79,5,2,inject,8,-964.521319657629,,-946.3524504424105,-964.521319657629,-964.521319657629,-970.900703190575,-970.900703190575,0.8895706333995992,0.9566272237915736,0.9293059258341136,0.8653007447679729,1.120328338085249,0.9830299014026295
bbob_f024_i79_d05,24,79,5,3,pass,8,-959.0794971798541,-964.7591933705311,-964.7591933705311,-964.7591933705311,-969.6619340881899,-969.6619340881899,-973.350054749606,1.4946682637103803,0.9350203883134839,0.9715561861530106,1.1098579208545196,0.3498607031270892,0.8075602228766875
bbob_f024_i79_d05,24,79,5,3,direct,8,-959.0794971798541,,-965.6213446635697,-965.6213446635697,-965.6213446635697,-968.5965868778248,-981.7325226073224,1.1289315425269768,0.8912673687251611,0.9436215490336581,0.9956463936602232,0.506654531440247,0.6731717417656873
bbob_f024_i79_d05,24,79,5,3,inject,8,-959.0794971798541,,-965.6213446635697,-965.6213446635697,-965.6213446635697,-970.9947759059908,-982.2828907578668,1.1208460505357494,0.863844410826772,0.9350928818435306,1.0529178965969535,0.8297626388152665,0.7652153806735106
bbob_f024_i80_d05,24,80,5,0,pass,8,76.2701322979734,122.30243358013688,122.30243358013688,76.2701322979734,76.2701322979734,68.41375278364093,67.79316705541109,1.5479408102149146,1.0106871077839257,1.011678608881794,1.1114708841221512,0.7369592621978647,0.7915617419030081
bbob_f024_i80_d05,24,80,5,0,direct,8,76.2701322979734,,118.185567831454,76.2701322979734,76.2701322979734,76.2701322979734,62.81171137374505,1.5664006863075592,1.015806247514244,1.0116563880260583,1.11984984514983,0.4039166139919823,0.7405860146086976
bbob_f024_i80_d05,24,80,5,0,inject,8,76.2701322979734,,118.185567831454,76.2701322979734,76.2701322979734,72.78676723831087,62.48427863100412,1.5664006863075592,1.015806247514244,1.0004374857417042,1.035018643627898,0.4118301785246698,0.7280204398781823
bbob_f024_i80_d05,24,80,5,1,pass,8,89.39913393786337,97.44833728689224,97.44833728689224,89.39913393786337,89.39913393786337,69.99149320766082,69.99149320766082,1.1610563150957955,1.0192251456826695,0.999618047491406,0.8338880920286761,0.8123309879180807,0.7505506519778155
bbob_f024_i80_d05,24,80,5,1,direct,8,89.39913393786337,,105.75541192327324,89.39913393786337,89.39913393786337,69.33214333673592,65.49368455190353,1.1532817613829855,1.0534149167868787,0.9980316940223252,0.8441385572097518,0.8737748406062873,0.7541378660249468
bbob_f024_i80_d05,24,80,5,1,inject,8,89.39913393786337,,105.75541192327324,89.39913393786337,89.39913393786337,76.32665993290564,72.27875519875367,1.192280791009676,1.0182888455335293,0.9962047806883052,0.8213170671794193,0.5016197893219699,0.7272928913866563
bbob_f024_i80_d05,24,80,5,2,pass,8,70.70658129624829,139.74256099211135,139.74256099211135,70.70658129624829,70.70658129624829,70.70658129624829,68.74895832633888,1.4027579897355174,1.0939886219311676,1.0581431960917007,1.329220327039321,0.9067367617070965,0.7733591349197823
bbob_f024_i80_d05,24,80,5,2,direct,8,70.70658129624829,,111.06563578753253,70.70658129624829,70.70658129624829,70.70658129624829,70.70658129624829,1.4044110008847215,1.0988421815588953,1.0723744209247172,1.4847763926734066,1.1353077679274752,0.7801262712565447
bbob_f024_i80_d05,24,80,5,2,inject,8,70.70658129624829,,111.06563578753186,70.70658129624829,70.70658129624829,66.30722842160337,66.30722842160337,1.4044110008847215,1.0988421815588953,1.0611053612066617,1.3505768929957145,0.8972552463499436,0.931102160082796
bbob_f024_i80_d05,24,80,5,3,pass,8,88.80652730723409,99.5116006769212,99.5116006769212,88.80652730723409,88.80652730723409,81.25182254134054,79.61204023566677,1.3510178347152197,0.893885154161679,0.9610785947797347,1.1602705148732237,0.62250830871722,0.7228958048894302
bbob_f024_i80_d05,24,80,5,3,direct,8,88.80652730723409,,86.96022675769005,86.96022675769005,86.96022675769005,70.70923237350314,69.89565339337322,0.6651870802336166,0.8338081654761831,0.9314774685056305,1.0743355029662713,0.4763014858214251,0.5983165827591457
bbob_f024_i80_d05,24,80,5,3,inject,8,88.80652730723409,,86.96022675769005,86.96022675769005,86.96022675769005,61.86853108081032,61.86853108081032,0.8755635519508967,0.8349892850616777,0.9363817537857162,1.159867240683365,0.5991998970390588,0.7565795881209123
