problem,function,instance,dimension,seed,mode,popsize,baseline_best,pass_proposal_f,first_f,best_h1,best_h10,best_h50,best_h200,mean_shift_generation,sigma_ratio_generation,trace_ratio_generation,condition_ratio_generation,sigma_ratio_final,trace_ratio_final
bbob_f001_i79_d10,1,79,10,0,pass,10,-999.5292695642837,-996.0071402520621,-996.0071402520621,-999.5292695642837,-999.5292695642837,-999.7192297522834,-999.9391392143727,1.0002414425814605,0.961594619841053,0.989199976254854,1.0522358381431522,0.2624388711912558,0.7084055952088016
bbob_f001_i79_d10,1,79,10,0,direct,10,-999.5292695642837,,-998.2083946805403,-999.5292695642837,-999.5292695642837,-999.5292695642837,-999.8668441067911,1.0472356520731685,0.9772410612560748,0.9896580941465146,1.0765201415340007,0.30003171598011735,0.7250363000065959
bbob_f001_i79_d10,1,79,10,0,inject,10,-999.5292695642837,,-998.2083946805403,-999.5292695642837,-999.5292695642837,-999.5292695642837,-999.9234437600654,0.722654165239729,0.9294905258788848,0.9840422742191435,1.0515375693731615,0.28618354466164087,0.7182497222434311
bbob_f001_i79_d10,1,79,10,1,pass,10,-998.7033027793907,-997.5401346173732,-997.5401346173732,-998.7033027793907,-998.7033027793907,-998.7033027793907,-999.9091146212493,0.7155767981148046,0.8991264573756785,0.9758589938763028,1.0274700749464794,0.2606487879711522,0.7165625832342588
bbob_f001_i79_d10,1,79,10,1,direct,10,-998.7033027793907,,-997.9882506447888,-998.7033027793907,-998.7033027793907,-999.3314640056269,-999.9220740962269,0.5556707436746656,0.876413330871764,0.9727032640519085,1.0402665986785822,0.21542273840360257,0.7039207935596455
bbob_f001_i79_d10,1,79,10,1,inject,10,-998.7033027793907,,-997.9882506447888,-998.7033027793907,-998.7033027793907,-999.2824229577735,-999.9208766531915,0.6638513754231533,0.8915874514579951,0.9719872118381581,1.0473209221241437,0.24040796213402663,0.7213721727124437
bbob_f001_i79_d10,1,79,10,2,pass,10,-998.3219683189322,-997.4423862260596,-997.4423862260596,-998.3219683189322,-998.5358915890962,-998.912833762878,-999.8873026695657,0.8200068491459044,0.894511440905547,0.9785041872120257,1.0089543772681266,0.2529371971003836,0.7067262241544632
bbob_f001_i79_d10,1,79,10,2,direct,10,-998.3219683189322,,-998.6010107345612,-998.6010107345612,-998.6010107345612,-999.415047019693,-999.9038075920791,0.5903287407970346,0.8768492610859355,0.9733668527950143,1.0066378156244529,0.19521605092308245,0.6895803468109609
bbob_f001_i79_d10,1,79,10,2,inject,10,-998.3219683189322,,-998.6010107345612,-998.6010107345612,-998.6010107345612,-999.7290600649518,-999.878604332582,0.5698456433059107,0.874136878765802,0.9725631566240028,1.006967818260856,0.25831657952580395,0.7160899491365995
bbob_f001_i79_d10,1,79,10,3,pass,10,-996.2881598755315,-989.3783573916788,-989.3783573916788,-996.2881598755315,-998.7859059347248,-999.200961581021,-999.8073913304914,1.0104769250247407,0.8821439128775157,0.9780880263360058,0.9998219393436748,0.2995952319755023,0.7196931079463258
bbob_f001_i79_d10,1,79,10,3,direct,10,-996.2881598755315,,-992.6325358382168,-996.2881598755315,-998.7859059347248,-998.7859059347248,-999.870615777322,1.0104769250247407,0.8821439128775157,0.9782335597210998,0.9947121522793169,0.24569303798040257,0.7061996842561002
bbob_f001_i79_d10,1,79,10,3,inject,10,-996.2881598755315,,-992.6325358382168,-996.2881598755315,-998.7859059347248,-998.7859059347248,-999.7582222844947,1.0454904251965673,0.9043834529276575,0.980338780688901,0.9884880670953707,0.29202656395273174,0.7563047577376302
bbob_f001_i80_d10,1,80,10,0,pass,10,-39.474934344953844,-39.0200591579705,-39.0200591579705,-39.474934344953844,-39.474934344953844,-40.66298362112017,-41.512034620936234,0.8450803338123413,0.9116051284418991,0.9836564702107975,1.0819936364709324,0.2117183878699742,0.703099850085093
bbob_f001_i80_d10,1,80,10,0,direct,10,-39.474934344953844,,-40.13510110913496,-40.13510110913496,-40.13510110913496,-41.09980782480874,-41.523935851718086,0.5300033571119691,0.8771547038113161,0.976221025977604,1.0717251908940395,0.19038114281722113,0.6853265827868986
bbob_f001_i80_d10,1,80,10,0,inject,10,-39.474934344953844,,-40.13510110913496,-40.13510110913496,-40.13510110913496,-40.6994660254159,-41.49637814083416,0.6969760951704956,0.8809522760473153,0.9758226805737503,1.082205781563721,0.24489372085660782,0.700491978053116
bbob_f001_i80_d10,1,80,10,1,pass,10,-40.77034100538862,-40.61568291294549,-40.61568291294549,-40.77034100538862,-40.77034100538862,-41.11742600264968,-41.46991889167215,0.5272205882248072,0.9462811719012402,0.979048378239713,1.0320836865978416,0.29108505945446844,0.7314212140689365
bbob_f001_i80_d10,1,80,10,1,direct,10,-40.77034100538862,,-40.969856810589356,-40.969856810589356,-40.969856810589356,-40.969856810589356,-41.52982871639429,0.3840044554452994,0.910789371211955,0.9736017644933392,1.031071943361171,0.2945029543903397,0.7359549478876611
bbob_f001_i80_d10,1,80,10,1,inject,10,-40.77034100538862,,-40.969856810589356,-40.969856810589356,-40.969856810589356,-40.969856810589356,-41.438715897835,0.5091755977418829,0.9492294680077227,0.9758823979510561,1.0364004425134636,0.31157778739673697,0.7413659169060367
bbob_f001_i80_d10,1,80,10,2,pass,10,-39.94557793567683,-30.553033522087638,-30.553033522087638,-39.94557793567683,-39.94557793567683,-40.58652879949622,-41.504263636016184,0.8991650952096142,0.8895242246419,0.9765865546613224,0.955449360789604,0.22599223255028683,0.7037143391866186
bbob_f001_i80_d10,1,80,10,2,direct,10,-39.94557793567683,,-34.11582925678678,-39.94557793567683,-39.94557793567683,-40.89792427990034,-41.51118517349927,0.8991650952096142,0.8895242246419,0.9770340948827553,0.9619441164460895,0.206348568123893,0.7082752364204297
bbob_f001_i80_d10,1,80,10,2,inject,10,-39.94557793567683,,-34.11582925678678,-39.94557793567683,-39.94557793567683,-41.14034670134878,-41.50943899117167,0.8991650952096142,0.8895242246419,0.9767497728741783,0.9592110117696111,0.19115178938397484,0.6785610489898913
bbob_f001_i80_d10,1,80,10,3,pass,10,-39.776481474086346,-37.447944044342215,-37.447944044342215,-39.776481474086346,-39.84638475401315,-40.24923374206276,-41.46819636444882,0.7275012246278098,0.9054491494822384,0.9767292351607211,1.005694960717803,0.23083203059025031,0.7159446314684744
bbob_f001_i80_d10,1,80,10,3,direct,10,-39.776481474086346,,-40.05054726773268,-40.05054726773268,-40.05054726773268,-40.62817804598609,-41.52853347027269,0.47340954726537926,0.9066167068483586,0.9746075914881482,1.0288910950749666,0.1871386112222371,0.6840445276775832
bbob_f001_i80_d10,1,80,10,3,inject,10,-39.776481474086346,,-40.05054726773268,-40.05054726773268,-40.05054726773268,-40.850490556288094,-41.490084904372615,0.5169356772674035,0.8860781431364102,0.9727294208873903,1.0041396213152534,0.21145221832360644,0.7133468813235849
bbob_f002_i79_d10,2,79,10,0,pass,10,64702.78884617017,106137.64813495809,106137.64813495809,64702.78884617017,52535.64770467272,52535.64770467272,24703.15265712875,1.5187395519688052,0.8995022350850632,0.9865506455897808,1.0461604644954414,0.4314309291103551,0.9171049865971518
bbob_f002_i79_d10,2,79,10,0,direct,10,64702.78884617017,,46596.93648452364,46596.93648452364,46596.93648452364,31954.267374296865,13974.00079083152,0.9219431890836526,0.8667727741930477,0.9779968098257793,1.0475491157397516,0.6152104956541566,0.9890079413998251
bbob_f002_i79_d10,2,79,10,0,inject,10,64702.78884617017,,46596.93648452364,46596.93648452364,46596.93648452364,46596.93648452364,18863.560970804436,0.8152363078454234,0.8560639474880166,0.9773716470219765,1.0483639496976898,0.5099205942162385,0.926316987208729
bbob_f002_i79_d10,2,79,10,1,pass,10,40497.992572023526,951030.2296877392,951030.2296877392,40497.992572023526,40497.992572023526,40497.992572023526,9771.351003269587,0.9123723057495908,0.9057858653181676,0.9860390485819721,1.102708630493344,0.4037150822348308,0.985497050515571
bbob_f002_i79_d10,2,79,10,1,direct,10,40497.992572023526,,580270.136076378,40497.992572023526,40497.992572023526,32441.09218454456,4880.295879628028,0.9123723057495908,0.9057858653181676,0.9836230218208877,1.0861528206049267,0.45708872217523555,1.013994354283466
bbob_f002_i79_d10,2,79,10,1,inject,10,40497.992572023526,,580270.136076378,40497.992572023526,40497.992572023526,18502.47510499372,6713.606266384623,1.1504924728307844,0.916876732845263,0.9901208818215549,1.098949931103982,0.4701521334524646,0.939674774727643
bbob_f002_i79_d10,2,79,10,2,pass,10,103237.03638403457,193229.80950141387,193229.80950141387,103237.03638403457,103237.03638403457,52341.15525924905,18052.89306600051,1.111490386731182,0.9216696641644633,0.9912741286838093,1.0235910744140369,0.47704822593437274,0.9683974057577525
bbob_f002_i79_d10,2,79,10,2,direct,10,103237.03638403457,,125546.5603787547,103237.03638403457,103237.03638403457,49433.494837496204,21979.678927130848,0.7265006492777402,0.9008216105341467,0.9850798451126105,1.034596541777382,0.445041677496995,0.933925895609594
bbob_f002_i79_d10,2,79,10,2,inject,10,103237.03638403457,,125546.5603787547,103237.03638403457,103237.03638403457,45549.16608491222,17437.87794397884,1.035512764997313,0.8908737354139986,0.9861082837363438,1.0376230821268682,0.29810607281655105,0.8690180176649213
bbob_f002_i79_d10,2,79,10,3,pass,10,58674.04248745046,53135.47166286415,53135.47166286415,53135.47166286415,53135.47166286415,53135.47166286415,22727.533856463477,1.3731914442978226,0.9824577977400724,0.9995385745025935,1.0628462577734328,0.34742003668291693,0.8874878817006301
bbob_f002_i79_d10,2,79,10,3,direct,10,58674.04248745046,,51200.08127954974,51200.08127954974,51200.08127954974,34939.72426757035,22360.90651626899,1.0581743708817735,0.9595842311710592,0.9899234342841706,1.064319928022451,0.47468671290311276,0.9555927543407251
bbob_f002_i79_d10,2,79,10,3,inject,10,58674.04248745046,,51200.08127954974,51200.08127954974,51200.08127954974,29020.352891771516,14136.520958897601,1.5572105866464254,0.9954212500236721,0.9972943411701971,1.0624211775961534,0.4431063584320919,0.9390276017804853
bbob_f002_i80_d10,2,80,10,0,pass,10,36240.28602471514,29060.221504579324,29060.221504579324,29060.221504579324,29060.221504579324,11901.984174162844,8929.085914408639,1.219607133938612,0.9598035901216297,0.9912391599485934,1.0631380592685744,0.34486968510585136,0.8870301390494038
bbob_f002_i80_d10,2,80,10,0,direct,10,36240.28602471514,,25209.421621309037,25209.421621309037,25209.421621309037,25209.421621309037,6209.197382386164,0.9644755247273349,0.9597676864226743,0.9887195501722873,1.073472247861288,0.4666826175931289,0.8911618812704623
bbob_f002_i80_d10,2,80,10,0,inject,10,36240.28602471514,,25209.421621309037,25209.421621309037,25209.421621309037,11448.240268250047,4821.615572391027,0.9296571060669083,0.9260714874689293,0.9836375595480569,1.0676500298496057,0.675692047644002,0.9817084345110049
bbob_f002_i80_d10,2,80,10,1,pass,10,36381.40342608469,470501.79204382835,470501.79204382835,36381.40342608469,36381.40342608469,19967.30515998857,7893.71383309989,1.7754316407033157,0.9487711443045501,0.989940915408944,1.0330054193439677,0.3993248065930752,0.9321234033601714
bbob_f002_i80_d10,2,80,10,1,direct,10,36381.40342608469,,253057.351537087,36381.40342608469,36381.40342608469,36381.40342608469,12602.532618415806,1.7232868152688656,0.9466227526876527,0.9895813127166418,1.0358107635596028,0.485115778586594,0.993035858937769
bbob_f002_i80_d10,2,80,10,1,inject,10,36381.40342608469,,253057.351537087,36381.40342608469,36381.40342608469,36381.40342608469,5271.322278225169,1.734605574610995,0.9486607149223575,0.9916012626418086,1.0722853088109001,0.3945208471969876,0.8651588491388751
bbob_f002_i80_d10,2,80,10,2,pass,10,32252.336311318424,195582.6778897704,195582.6778897704,32252.336311318424,32252.336311318424,10497.59497814322,4277.7442048778075,0.9760341550096608,0.9114752430618643,0.9843593097357952,1.003877716395142,0.3700770991178643,0.9534659564437435
bbob_f002_i80_d10,2,80,10,2,direct,10,32252.336311318424,,75422.5263896547,32252.336311318424,32252.336311318424,25002.509705437762,8172.740839509553,0.7984358476449841,0.9114024298610399,0.9794527801242416,0.9996917814373627,0.2965564532976717,0.9012331323906513
bbob_f002_i80_d10,2,80,10,2,inject,10,32252.336311318424,,75422.5263896547,32252.336311318424,32252.336311318424,32252.336311318424,9565.246790814792,0.8542283369573114,0.9218594706369889,0.9806497777254249,1.005162396976961,0.336267593832251,0.8951154674079105
bbob_f002_i80_d10,2,80,10,3,pass,10,23725.26839593563,115830.48055202652,115830.48055202652,23725.26839593563,23725.26839593563,9930.929384110492,4416.4355009945375,1.2464724485978007,0.9279817789757187,0.9892881796326801,1.0840801189271427,0.5873939717850413,0.9952479225641085
bbob_f002_i80_d10,2,80,10,3,direct,10,23725.26839593563,,78757.24668150587,23725.26839593563,23725.26839593563,10987.213542877698,7312.127099792785,1.1024459064969876,0.9250736511002128,0.9859549906657341,1.079918061013893,0.45726303678980484,0.9265785502326581
bbob_f002_i80_d10,2,80,10,3,inject,10,23725.26839593563,,78757.24668150587,23725.26839593563,23725.26839593563,9427.664496882686,5388.535047958634,1.1024459064969876,0.9250736511002128,0.9857404953526977,1.0801439655960776,0.6903793999274704,0.9981609087463486
bbob_f003_i79_d10,3,79,10,0,pass,10,223.3522264808164,300.35897486520355,300.35897486520355,223.3522264808164,223.3522264808164,223.3522264808164,178.2840112725719,1.5845311978643832,0.9170895595226812,0.9824438092679488,1.029818026237974,0.7363243162284485,0.885491806794966
bbob_f003_i79_d10,3,79,10,0,direct,10,223.3522264808164,,333.83154293162477,223.3522264808164,223.3522264808164,223.3522264808164,211.35871802944177,1.5304930424167564,0.90501591725007,0.982023172020485,1.0218478178540684,0.6266518295631813,0.8924586872995127
bbob_f003_i79_d10,3,79,10,0,inject,10,223.3522264808164,,333.83154293162477,223.3522264808164,223.3522264808164,220.54841224834794,214.09968252578824,1.5845311978643832,0.9170895595226812,0.9833842916650812,1.029935605789255,0.47998849522284276,0.8830780718913522
bbob_f003_i79_d10,3,79,10,1,pass,10,227.18145113575991,252.2063660562912,252.2063660562912,227.18145113575991,227.18145113575991,227.18145113575991,202.03562134199285,0.6583605276516992,0.9242528236221417,0.9823111824754023,1.0969245619502475,0.5693559733169347,0.9218830422167835
bbob_f003_i79_d10,3,79,10,1,direct,10,227.18145113575991,,266.80953448200114,227.18145113575991,227.18145113575991,220.89240781903447,203.9491452160774,0.6716907365890765,0.9261031288480156,0.9841593229823868,1.1127077011734605,0.8737993355739749,0.9142216813007409
bbob_f003_i79_d10,3,79,10,1,inject,10,227.18145113575991,,266.80953448200114,227.18145113575991,227.18145113575991,224.95621343550422,197.1270761162533,0.8534680043739908,0.9207529832733415,0.9824034861061935,1.0780453646246966,0.6906950810067484,0.9892155538695971
bbob_f003_i79_d10,3,79,10,2,pass,10,234.92632346239333,258.2731392226678,258.2731392226678,234.92632346239333,234.07681077666862,213.58939162868245,204.89226037270876,1.8276097194540724,1.05329402472961,1.0233586970897952,1.1828674393429262,0.6365901108381854,0.9769591822108153
bbob_f003_i79_d10,3,79,10,2,direct,10,234.92632346239333,,247.27121480489652,234.92632346239333,234.07681077666862,218.60573668472625,216.2098725067091,1.853267755092992,1.058789636388555,1.0202189014960588,1.1724817035543436,0.6900924714335427,0.9529215825159457
bbob_f003_i79_d10,3,79,10,2,inject,10,234.92632346239333,,247.27121480489652,234.92632346239333,234.07681077666862,211.87535163774652,211.87535163774652,1.853267755092992,1.058789636388555,1.020942424644693,1.2050065546960997,0.5986529069153651,0.9266414869288553
bbob_f003_i79_d10,3,79,10,3,pass,10,220.96739656643928,302.6457850181618,302.6457850181618,220.96739656643928,220.96739656643928,209.54526914512823,193.60539357650333,1.7432813716108755,0.9115912844806259,0.9949200189304791,1.1149935820752044,0.3102936236561118,0.850225380514327
bbob_f003_i79_d10,3,79,10,3,direct,10,220.96739656643928,,250.76606275392416,220.96739656643928,220.96739656643928,215.52262527759902,187.11212258232675,1.7320229647395036,0.9089817859878475,0.9955570651628187,1.1242996754508205,0.4079159240476129,0.8689008712358426
bbob_f003_i79_d10,3,79,10,3,inject,10,220.96739656643928,,250.76606275392416,220.96739656643928,220.96739656643928,164.35258618924104,164.35258618924104,1.7794278303845765,0.9191903813137928,0.9949790305461255,1.1169238036535523,0.5560399460875008,0.9240504862323586
bbob_f003_i80_d10,3,80,10,0,pass,10,103.31117466061414,147.49491242510817,147.49491242510817,103.31117466061414,103.31117466061414,103.31117466061414,103.31117466061414,0.9659786160972474,0.8881820959233722,0.9843219591859104,1.0484417113702007,0.6823692841984055,0.9053336223009689
bbob_f003_i80_d10,3,80,10,0,direct,10,103.31117466061414,,160.5924510893437,103.31117466061414,103.31117466061414,103.31117466061414,103.31117466061414,0.8922427195720313,0.89619603361883,0.9843199088714334,1.041218788497377,0.4481288924318209,0.8185174699197668
bbob_f003_i80_d10,3,80,10,0,inject,10,103.31117466061414,,160.5924510893437,103.31117466061414,103.31117466061414,103.31117466061414,92.83764337614016,0.9158955261078214,0.8920175400864346,0.984126058780084,1.051364978210901,0.5288870418951115,0.8311872046311205
bbob_f003_i80_d10,3,80,10,1,pass,10,130.3251813254394,191.85787119884063,191.85787119884063,130.3251813254394,130.3251813254394,130.3251813254394,114.75055331405862,1.080749675046205,0.9405740329711797,0.9842514073855635,1.0444757323288443,0.6107371631396983,0.9055305387819205
bbob_f003_i80_d10,3,80,10,1,direct,10,130.3251813254394,,171.7665450374559,130.3251813254394,130.3251813254394,125.36719172259518,106.86101405264877,1.0396546593314522,0.9466899894748976,0.9836741402461041,1.0438318841961824,0.9660401419810789,0.962003659224843
bbob_f003_i80_d10,3,80,10,1,inject,10,130.3251813254394,,171.7665450374559,130.3251813254394,130.3251813254394,118.53442403643885,118.53442403643885,1.064443242264082,0.9549304777201647,0.9838668811951997,1.0353901241989152,0.850108612743284,0.9515179390510666
bbob_f003_i80_d10,3,80,10,2,pass,10,108.49699654240109,106.31532364294421,106.31532364294421,106.31532364294421,106.31532364294421,106.31532364294421,106.31532364294421,0.8511502853308248,0.9046910802895958,0.9909021760039133,1.0946041204861416,0.752281739850071,0.9857139634498763
bbob_f003_i80_d10,3,80,10,2,direct,10,108.49699654240109,,146.60156565659423,108.49699654240109,108.49699654240109,108.49699654240109,108.39077513600556,0.8035787169720044,0.9934347603987789,0.9926366245104734,1.0834222458954388,0.6527929395565358,0.895728011687763
bbob_f003_i80_d10,3,80,10,2,inject,10,108.49699654240109,,146.60156565659423,108.49699654240109,106.31532364294421,106.31532364294421,106.31532364294421,0.905050985097928,0.912335515409435,0.9893192649743588,1.09856149738442,0.5523568199546778,0.8885827722278631
bbob_f003_i80_d10,3,80,10,3,pass,10,117.55169719234945,149.02604682449135,149.02604682449135,117.55169719234945,117.55169719234945,113.21568919575611,89.17435768234523,1.0404481371152197,1.0057262937051927,0.995998775479804,1.043098676719269,0.4813004743759571,0.8741276971676801
bbob_f003_i80_d10,3,80,10,3,direct,10,117.55169719234945,,153.77965832948962,117.55169719234945,117.55169719234945,117.55169719234945,109.15305816020549,1.0203706148058813,1.0083031134455274,0.994626801840031,1.0439196511183402,0.5982607276945271,0.8748795509234206
bbob_f003_i80_d10,3,80,10,3,inject,10,117.55169719234945,,153.77965832948962,117.55169719234945,117.55169719234945,113.39470848783768,104.21607976552427,1.0603673565449934,1.008008242066608,0.9960752321826973,1.0546628042925086,0.5298495596682742,0.8723298331706814
bbob_f004_i79_d10,4,79,10,0,pass,10,244.01759279386778,293.49763968699915,293.49763968699915,244.01759279386778,224.2519370145945,214.13920116224722,200.12624822207647,0.9214760595183725,0.9579793386333517,0.9881655345912886,0.9528862779037116,0.5551783345224998,0.8610279180665299
bbob_f004_i79_d10,4,79,10,0,direct,10,244.01759279386778,,239.59474057978764,239.59474057978764,224.2519370145945,224.2519370145945,195.18235680690273,0.9459485989749885,0.959234204265334,0.9858918853766311,0.9609660516460709,0.31668268624800566,0.7974402078972765
bbob_f004_i79_d10,4,79,10,0,inject,10,244.01759279386778,,239.59474057978764,239.59474057978764,224.2519370145945,216.14274025846743,213.22872373628104,0.9459485989749885,0.959234204265334,0.9875173117813807,0.958434649934679,0.5354452758338246,0.8592731867125482
bbob_f004_i79_d10,4,79,10,1,pass,10,240.41053306210932,310.24161741431067,310.24161741431067,240.41053306210932,202.46932021697125,202.46932021697125,202.46932021697125,0.8549494147169363,0.9039754524120459,0.9846870220899725,1.0848314484741097,0.6535279191038783,0.8977275479312432
bbob_f004_i79_d10,4,79,10,1,direct,10,240.41053306210932,,297.08060696285054,240.41053306210932,202.46932021697125,202.46932021697125,201.73878785407447,0.8549494147169363,0.9039754524120459,0.985010700975313,1.0713338969583164,0.45389674249075657,0.886038428893876
bbob_f004_i79_d10,4,79,10,1,inject,10,240.41053306210932,,297.08060696285054,240.41053306210932,202.46932021697125,202.46932021697125,190.79882076944534,0.8549494147169363,0.9039754524120459,0.9846348490011102,1.0917027234867622,0.49171406800023837,0.8737568304939233
bbob_f004_i79_d10,4,79,10,2,pass,10,231.25903106379735,330.03168131634243,330.03168131634243,231.25903106379735,231.25903106379735,231.25903106379735,213.68238255113738,1.1221045453328173,0.9179338156329485,0.9855698939034313,1.0041451692993684,0.5653427320448502,0.8797661581993651
bbob_f004_i79_d10,4,79,10,2,direct,10,231.25903106379735,,273.6400283054651,231.25903106379735,231.25903106379735,231.25903106379735,229.23972440223656,0.8425948197459306,0.9299612461668416,0.9817174960717586,1.0123273112219981,0.606412437702993,0.8777726384682916
bbob_f004_i79_d10,4,79,10,2,inject,10,231.25903106379735,,273.6400283054651,231.25903106379735,231.25903106379735,219.029782125748,219.029782125748,0.8425948197459306,0.9299612461668416,0.9815892351645851,1.0088326641210947,0.6004233298031586,0.8808406395696038
bbob_f004_i79_d10,4,79,10,3,pass,10,263.31564514332484,284.3387071062601,284.3387071062601,263.31564514332484,263.31564514332484,257.7123960030083,210.32121011446185,0.8874997696894977,0.9324377557482597,0.9836312404202648,0.9564465050798642,0.44509376139211204,0.8283971262958106
bbob_f004_i79_d10,4,79,10,3,direct,10,263.31564514332484,,291.11752053224745,263.31564514332484,263.31564514332484,259.24224246505065,224.5586438736227,0.9042030463533,0.9383551773064402,0.9830633780123863,0.9560789649173669,0.6322693346272199,0.8657953066332144
bbob_f004_i79_d10,4,79,10,3,inject,10,263.31564514332484,,291.11752053224745,263.31564514332484,263.31564514332484,254.00453828107442,231.5531966906128,0.8686097019982488,0.9323328982402894,0.9839163468224859,0.9650422053304636,0.6851368590794343,0.9499746339958016
bbob_f004_i80_d10,4,80,10,0,pass,10,157.84446846349016,146.60354744446374,146.60354744446374,146.60354744446374,146.60354744446374,129.31023841498563,121.564511629855,0.7892088523794177,0.9495150046814528,0.9866231119581066,1.0095506153347253,0.604219829705048,0.8474614098656014
bbob_f004_i80_d10,4,80,10,0,direct,10,157.84446846349016,,199.62728943401683,157.84446846349016,157.84446846349016,135.6397315079409,114.01582583944463,0.8827209637821373,0.9337272362711271,0.9851817388638361,1.0024188827350793,0.6117608459375543,0.9275005781403808
bbob_f004_i80_d10,4,80,10,0,inject,10,157.84446846349016,,199.62728943401683,157.84446846349016,146.60354744446374,138.96288344864246,104.43811473829133,0.83454363214549,0.9509290064866951,0.9857170207994332,1.009619582597677,0.4295725002023924,0.8095531759088905
bbob_f004_i80_d10,4,80,10,1,pass,10,166.0829199848382,240.7700828796048,240.7700828796048,166.0829199848382,160.55116638355616,145.7557028788795,114.76782412016527,1.2563871718084185,0.9230440498262321,0.9883498175308021,1.0846594897672774,0.5319728253516242,0.8851848563359945
bbob_f004_i80_d10,4,80,10,1,direct,10,166.0829199848382,,188.9896116051071,166.0829199848382,160.55116638355616,150.09278816984843,104.21434249147048,1.2542338615187143,0.9210037951188926,0.9851691995476992,1.0473038152688003,0.582685562852818,0.9477332962288795
bbob_f004_i80_d10,4,80,10,1,inject,10,166.0829199848382,,188.9896116051071,166.0829199848382,160.55116638355616,127.9129202262114,107.19494071442048,1.2542338615187143,0.9210037951188926,0.988231681184591,1.1238126149926957,0.4585376595696599,0.8814356772076737
bbob_f004_i80_d10,4,80,10,2,pass,10,192.91786299512566,321.1878842842316,321.1878842842316,192.91786299512566,192.91786299512566,192.91786299512566,121.48612218150457,0.7434740898160611,0.9537555290906545,0.9822650362006808,0.964237922644232,0.8430021756224149,0.9130580567788386
bbob_f004_i80_d10,4,80,10,2,direct,10,192.91786299512566,,249.83711995513445,192.91786299512566,192.91786299512566,174.60287697337432,135.48457892542908,0.7434740898160611,0.9537555290906545,0.9820974002587641,0.9434273482997685,1.690376892884642,0.9786205827059015
bbob_f004_i80_d10,4,80,10,2,inject,10,192.91786299512566,,249.83711995513445,192.91786299512566,192.91786299512566,159.1273057792411,134.16099760613267,0.7434740898160611,0.9537555290906545,0.9824474575708635,0.9631065666074491,0.8397425270259273,0.9277767339637325
bbob_f004_i80_d10,4,80,10,3,pass,10,170.1848494905117,243.3580810894254,243.3580810894254,170.1848494905117,170.1848494905117,143.8546057979534,115.0948798601766,1.0406575937137235,0.941252973811449,0.9893752403197147,1.0253570049982288,0.6479987625402034,0.8743083720675079
bbob_f004_i80_d10,4,80,10,3,direct,10,170.1848494905117,,207.61104471077104,170.1848494905117,170.1848494905117,155.8783902679243,134.11213055890005,1.0504495321940084,0.9489367408741588,0.9876913308743194,1.0327404210868019,0.37987742668775687,0.8354557165239218
bbob_f004_i80_d10,4,80,10,3,inject,10,170.1848494905117,,207.61104471077104,170.1848494905117,170.1848494905117,158.20145947561295,122.25836193400148,1.2999165526111551,1.0201856979495922,0.9985866082497291,1.0343646827555713,0.4443461149246615,0.8407736755655704
bbob_f005_i79_d10,5,79,10,0,pass,10,4.285421175061472,25.734106471391556,25.734106471391556,4.285421175061472,4.285421175061472,4.285421175061472,-2.962708543269091,2.2899065923205963,0.9523049892631309,0.9924012755937088,1.128480340492424,0.4359172045305921,0.949449574861446
bbob_f005_i79_d10,5,79,10,0,direct,10,4.285421175061472,,22.510178031021866,4.285421175061472,4.285421175061472,4.285421175061472,-2.748667948430789,2.2424429138344535,0.9443061602507711,0.9883228710076176,1.124225972920546,0.34800110272847856,0.9923334049646995
bbob_f005_i79_d10,5,79,10,0,inject,10,4.285421175061472,,22.510178031021866,4.285421175061472,4.285421175061472,4.285421175061472,-1.4152682441341788,2.2424429138344535,0.9443061602507711,0.9887717582869215,1.122811238702747,0.48566172707175514,0.9696947456419603
bbob_f005_i79_d10,5,79,10,1,pass,10,-13.816736502507469,-11.839383566746967,-11.839383566746967,-13.816736502507469,-16.81928218441406,-18.59968593977096,-21.36331351161037,0.6129627660055157,0.9584862277110534,0.9799835308782593,1.0100918220671338,0.3045613781314964,0.8476242976305907
bbob_f005_i79_d10,5,79,10,1,direct,10,-13.816736502507469,,-12.729192387839205,-13.816736502507469,-16.81928218441406,-17.2169846724655,-23.284459389001825,0.5941375527374282,0.9569832625032891,0.979592388885138,1.0118816883887725,0.44075788722506737,0.9639121862324008
bbob_f005_i79_d10,5,79,10,1,inject,10,-13.816736502507469,,-12.729192387839205,-13.816736502507469,-16.81928218441406,-22.953615211124287,-23.66527498086232,0.5625704204891829,0.9549196454558116,0.9785726254715825,1.003768039495339,0.28609273854735884,0.8357920448339202
bbob_f005_i79_d10,5,79,10,2,pass,10,-5.453233100933094,-2.8072099942943396,-2.8072099942943396,-5.453233100933094,-5.453233100933094,-7.302497000152439,-12.700126967677033,1.4530511566611688,1.0772170311675442,1.007563714444745,1.244908723208268,0.3800409019663735,0.9355240987068134
bbob_f005_i79_d10,5,79,10,2,direct,10,-5.453233100933094,,-2.9063052080504157,-5.453233100933094,-5.453233100933094,-11.625009025385985,-14.956569867085683,1.0927290990390985,1.0544167042701902,0.9984396327081596,1.2242494332028733,0.47380442471952805,0.9414015105311437
bbob_f005_i79_d10,5,79,10,2,inject,10,-5.453233100933094,,-2.9063052080504157,-5.453233100933094,-5.453233100933094,-9.42897864591065,-10.984551490353045,1.5993138663081023,1.08490685904485,1.0067614997693282,1.2683588099806131,0.4842337247662167,1.0525417792815135
bbob_f005_i79_d10,5,79,10,3,pass,10,5.452460300556545,19.234663874654558,19.234663874654558,5.452460300556545,5.452460300556545,5.452460300556545,5.452460300556545,1.0682615846923837,0.9788755584407993,1.0013313109837132,1.1913392475775981,0.44245089080345684,1.0770078705594348
bbob_f005_i79_d10,5,79,10,3,direct,10,5.452460300556545,,15.1604961655866,5.452460300556545,5.452460300556545,5.452460300556545,4.16649013512577,1.0587544286977875,0.9668963321940128,1.0005969800257482,1.2200867678510878,0.5173975659200337,0.9998721438612682
bbob_f005_i79_d10,5,79,10,3,inject,10,5.452460300556545,,15.1604961655866,5.452460300556545,5.452460300556545,5.452460300556545,0.6819329089348969,1.0587544286977875,0.9668963321940128,0.9994594712602114,1.2134224490098233,0.5541247456754,1.1147704145451929
bbob_f005_i80_d10,5,80,10,0,pass,10,-19.571706102470067,-13.602759185436994,-13.602759185436994,-19.571706102470067,-19.571706102470067,-26.64882232882103,-34.86798999918929,1.162584913168323,0.9350629807375341,0.9849132247848016,1.0660151209478657,0.42645569261659994,0.9006988217039918
bbob_f005_i80_d10,5,80,10,0,direct,10,-19.571706102470067,,-13.292620678888827,-19.571706102470067,-19.571706102470067,-22.013549485215208,-31.811765870034613,1.0880164032275068,0.9295280280335492,0.983000652217625,1.0644214455621286,0.7607425385346283,1.0127630004801265
bbob_f005_i80_d10,5,80,10,0,inject,10,-19.571706102470067,,-13.292620678888827,-19.571706102470067,-19.571706102470067,-22.90911028911576,-32.9489006794969,0.9877377783690177,0.9662297030824697,0.9855090415187794,1.0698918953222982,0.4616945486109601,0.9333205309639986
bbob_f005_i80_d10,5,80,10,1,pass,10,5.092288329566777,22.642706610909755,22.642706610909755,5.092288329566777,5.092288329566777,1.961574397821444,-1.7192647959819638,1.2965562430078414,0.9514879949061801,0.9933311353225748,1.2129607514181235,0.3826724860490916,1.1477434167787195
bbob_f005_i80_d10,5,80,10,1,direct,10,5.092288329566777,,15.258282603922815,5.092288329566777,5.092288329566777,2.911297138485672,-2.3739007864358186,1.2913253246260323,0.9537261238308312,0.9911285117933281,1.1961324622395044,0.7906818644598312,1.1344908368736715
bbob_f005_i80_d10,5,80,10,1,inject,10,5.092288329566777,,15.258282603922815,5.092288329566777,5.092288329566777,0.8202357878020337,-5.127858128194283,0.9632239230842489,0.9042272809818065,0.989301837980531,1.2097189284264078,0.4954676341092104,1.0981000573353545
bbob_f005_i80_d10,5,80,10,2,pass,10,-1.0785570747281312,2.7823461583115403,2.7823461583115403,-1.0785570747281312,-1.0785570747281312,-4.009217329888024,-4.009217329888024,1.2294019578335484,0.9747036060282214,0.9988123387561286,1.1886045184886,0.4289735895034001,0.9755367727629711
bbob_f005_i80_d10,5,80,10,2,direct,10,-1.0785570747281312,,1.0449397034436956,-1.0785570747281312,-1.0785570747281312,-2.494741737017222,-3.7445084373626187,0.917627666964173,0.9692771476831389,0.9935568470579208,1.1812517054871314,0.3422064407369251,0.9890744415314406
bbob_f005_i80_d10,5,80,10,2,inject,10,-1.0785570747281312,,1.0449397034436956,-1.0785570747281312,-1.0785570747281312,-9.513142115705524,-9.513142115705524,1.7763926767477054,1.0200492002850279,1.0037345502934976,1.2315473053729422,0.6443592468942833,1.083852357316617
bbob_f005_i80_d10,5,80,10,3,pass,10,-0.1627035876243852,6.902614341902748,6.902614341902748,-0.1627035876243852,-0.1627035876243852,-0.1627035876243852,-11.221628586417541,1.5551788875371102,0.9196979712967382,0.9774268582280786,1.0083199636947602,0.9218381477391316,1.1030215993064045
bbob_f005_i80_d10,5,80,10,3,direct,10,-0.1627035876243852,,8.083483062678653,-0.1627035876243852,-0.1627035876243852,-5.2033601714087325,-11.468054217704282,1.4620725567441122,0.9249321666550465,0.9766318689827649,1.0091220495617328,0.2561208076157189,0.8182373963059711
bbob_f005_i80_d10,5,80,10,3,inject,10,-0.1627035876243852,,8.083483062678653,-0.1627035876243852,-0.1627035876243852,-2.424503790771112,-11.684104528341333,1.5426052977641689,0.9300911596222746,0.9770057770574583,1.0070416963312045,0.5245500990731315,1.0835804602048007
bbob_f006_i79_d10,6,79,10,0,pass,10,642.3365989612787,2561.2227627032685,2561.2227627032685,642.3365989612787,638.2608081027503,619.7695579837349,606.8608115834008,0.9876557172722267,0.9299769236555108,0.9829326307715666,1.0058303875720258,0.38305447251673674,0.7754208740972564
bbob_f006_i79_d10,6,79,10,0,direct,10,642.3365989612787,,1348.3153539148095,642.3365989612787,638.2608081027503,630.2151916665633,608.1899436357775,0.9876557172722267,0.9299769236555108,0.98267713348003,1.0067294018640995,0.5259998397079632,0.7934053162880066
bbob_f006_i79_d10,6,79,10,0,inject,10,642.3365989612787,,1348.3153539148095,642.3365989612787,638.2608081027503,623.7965482724206,609.2327173110424,0.9876557172722267,0.9299769236555108,0.9845923150270538,1.0044474980576374,0.41602227481458154,0.801851430058815
bbob_f006_i79_d10,6,79,10,1,pass,10,697.4082177718864,707.4792635095171,707.4792635095171,697.4082177718864,691.0156096433884,667.7399246592772,619.2463032724215,1.0878490607967886,0.9940542570132642,0.9888683748174804,1.0513776923852456,0.727873691145155,0.8763334329594561
bbob_f006_i79_d10,6,79,10,1,direct,10,697.4082177718864,,702.574547388243,697.4082177718864,691.0156096433884,659.1356765806186,620.8349525872105,1.089104640901359,0.9905530059408648,0.9869715705690567,1.046121441742756,0.5139830340052275,0.8968224656915132
bbob_f006_i79_d10,6,79,10,1,inject,10,697.4082177718864,,702.574547388243,697.4082177718864,691.0156096433884,653.0563447536914,629.2402109808041,1.089104640901359,0.9905530059408648,0.9872874950499484,1.0511651550423537,0.6925654622658531,0.8719519359282503
bbob_f006_i79_d10,6,79,10,2,pass,10,647.3039423210615,657.725395996379,657.725395996379,647.3039423210615,639.7380059583159,624.4376741918325,604.5327187411243,1.0027667087954077,0.9267409626122546,0.9818602251892811,1.0336214616388417,0.483459269624787,0.8075226364740942
bbob_f006_i79_d10,6,79,10,2,direct,10,647.3039423210615,,654.6035063068831,647.3039423210615,639.7380059583159,620.2309193125265,609.361920369651,1.0445474800682195,0.9300825699318283,0.9811493385040148,1.034469254232478,0.42352399122271644,0.8016699215305683
bbob_f006_i79_d10,6,79,10,2,inject,10,647.3039423210615,,654.6035063068831,647.3039423210615,639.7380059583159,624.0381583888482,606.655538723249,1.0345835620755586,0.9299540914686161,0.9814266859680428,1.0186573612193701,0.6963518649126361,0.838879991894454
bbob_f006_i79_d10,6,79,10,3,pass,10,662.9752935535919,22246.8607716743,22246.8607716743,662.9752935535919,662.9752935535919,637.0750745788854,622.5777850563422,1.8561939908496317,0.8325572718321069,0.9761246391944822,1.057667125242124,0.4458081056110818,0.8627336304858011
bbob_f006_i79_d10,6,79,10,3,direct,10,662.9752935535919,,1464.7083700644453,662.9752935535919,662.9752935535919,662.9752935535919,625.4264390790423,1.8561939908496317,0.8325572718321069,0.9764582877750186,1.0532727131550499,0.4497926893333062,0.8119245267648422
bbob_f006_i79_d10,6,79,10,3,inject,10,662.9752935535919,,1464.7083700644453,662.9752935535919,662.9752935535919,662.9752935535919,616.522649548019,1.8779468864912983,0.8233146680370891,0.9760405820363699,1.0550246352819612,0.5039579805390337,0.8255291894733892
bbob_f006_i80_d10,6,80,10,0,pass,10,-61.80435108642327,1039.4539389179042,1039.4539389179042,-61.80435108642327,-61.80435108642327,-61.80435108642327,-94.33788764723734,1.7283844111862157,0.9171272140104184,0.9836484348967018,1.0173635203705433,0.43315810682724365,0.8036176729176594
bbob_f006_i80_d10,6,80,10,0,direct,10,-61.80435108642327,,-43.63137005791164,-61.80435108642327,-61.80435108642327,-61.80435108642327,-87.63966731218068,1.5842120467799155,0.9232658779125064,0.9808719694863427,1.0254873019033177,0.4531525467079055,0.828063143842717
bbob_f006_i80_d10,6,80,10,0,inject,10,-61.80435108642327,,-43.63137005791164,-61.80435108642327,-61.80435108642327,-72.09345163355732,-94.44520228373386,1.0219107818948934,0.9012137187381326,0.9776298794072132,1.0203905800829127,0.6177694735712774,0.864714521380334
bbob_f006_i80_d10,6,80,10,1,pass,10,-72.39943392121603,-59.12494120768571,-59.12494120768571,-72.39943392121603,-72.39943392121603,-72.39943392121603,-95.46010444015272,1.4338221252649768,0.9756019692848811,0.9879720902298857,0.9725315467302194,0.6004482598993222,0.8487488499734457
bbob_f006_i80_d10,6,80,10,1,direct,10,-72.39943392121603,,-66.26907431189159,-72.39943392121603,-72.39943392121603,-77.17585316322597,-96.7552036374135,1.2640355975353466,0.9508570404353701,0.982184608441906,0.9940288486763539,0.564501223413106,0.8143732035719307
bbob_f006_i80_d10,6,80,10,1,inject,10,-72.39943392121603,,-66.26907431189159,-72.39943392121603,-72.39943392121603,-80.53057086009468,-95.6613559642359,1.2095462944375432,0.9463265674905781,0.9790135513309798,0.9794975586696033,0.5363308999191069,0.8331535892427776
bbob_f006_i80_d10,6,80,10,2,pass,10,-39.474064944440926,-20.671876308394246,-20.671876308394246,-39.474064944440926,-56.35224385569674,-63.21447868992625,-95.54558238240074,1.1591702329599511,0.974173701352882,0.9956774581681566,0.9740337277976974,0.8822578635287984,0.8649103507023721
bbob_f006_i80_d10,6,80,10,2,direct,10,-39.474064944440926,,-31.057695906846448,-39.474064944440926,-56.35224385569674,-66.97778723255456,-95.91666995106397,1.0366091565102258,0.9581895446327025,0.9920420809729517,0.974306702784175,0.6767028872227732,0.8543587439165655
bbob_f006_i80_d10,6,80,10,2,inject,10,-39.474064944440926,,-31.057695906846448,-39.474064944440926,-56.35224385569674,-69.05353543505754,-95.992667034188,0.9691984695780371,0.9474115152892051,0.990752585253096,0.9696723706020459,0.9705165727885856,0.8832744267911905
bbob_f006_i80_d10,6,80,10,3,pass,10,-51.70572152277626,952.5275633584001,952.5275633584001,-51.70572152277626,-51.70572152277626,-53.60265519577045,-95.07534113781935,1.6597212811118847,0.9261911614683186,0.981195918551905,1.0096720720577497,0.5118967497047762,0.8137522022455382
bbob_f006_i80_d10,6,80,10,3,direct,10,-51.70572152277626,,-57.53313696114193,-57.53313696114193,-57.53313696114193,-57.889627611416785,-96.70497298945656,1.5035583449407925,0.9540614390494808,0.9807620931726817,1.0169664662170323,0.5417528986653712,0.8230493112541591
bbob_f006_i80_d10,6,80,10,3,inject,10,-51.70572152277626,,-57.53313696114193,-57.53313696114193,-57.53313696114193,-65.48933163378044,-96.09424372706282,1.5035583449407925,0.9540614390494808,0.9797155243637777,1.0179263481876903,0.5258390131840378,0.8152408290477383
bbob_f007_i79_d10,7,79,10,0,pass,10,725.5121447888304,826.3540829112479,826.3540829112479,725.5121447888304,725.5121447888304,718.2789300315349,704.3011838383762,1.8162993165349781,1.057366316055009,1.0023311080114157,1.0567046609857316,0.27753172628396977,0.8424769275540311
bbob_f007_i79_d10,7,79,10,0,direct,10,725.5121447888304,,793.8027971012151,725.5121447888304,725.5121447888304,723.8600377232099,702.3682577160404,2.0287648077788845,1.073850344518437,1.0035242030610492,1.0692788100958486,0.3018488882919118,0.8232685534735285
bbob_f007_i79_d10,7,79,10,0,inject,10,725.5121447888304,,793.8027971012151,725.5121447888304,725.5121447888304,711.1521896450087,704.262135336816,1.483861133698163,1.035309780259345,0.9976248856557726,1.054411573839271,0.2271900995669948,0.7936742522146765
bbob_f007_i79_d10,7,79,10,1,pass,10,733.5568330278886,775.743334748857,775.743334748857,733.5568330278886,726.3247905407894,721.2390530589742,704.0670877318328,1.7183651094376096,0.9748185489456,0.9967794142702003,1.083437894809453,0.4245404858868783,0.8865042445092569
bbob_f007_i79_d10,7,79,10,1,direct,10,733.5568330278886,,743.3780669495796,733.5568330278886,726.3247905407894,725.3888324298637,702.7233225146712,1.5448211185770164,0.96491624088593,0.9919066794684285,1.0811408013863184,0.5008717788612282,0.918747970008991
bbob_f007_i79_d10,7,79,10,1,inject,10,733.5568330278886,,743.3780669495796,733.5568330278886,726.3247905407894,724.6252052850142,702.2198205284656,1.5448211185770164,0.96491624088593,0.9923656795573403,1.0879451817948507,0.42990314303975546,0.8908999288143851
bbob_f007_i79_d10,7,79,10,2,pass,10,738.4175099911791,770.6213995074395,770.6213995074395,738.4175099911791,729.7941673388526,729.7941673388526,705.4534839813897,2.5129041985725404,0.9434476002592712,0.983627489288417,0.9842167167532924,0.4313189694125902,0.9170405256154036
bbob_f007_i79_d10,7,79,10,2,direct,10,738.4175099911791,,760.6975546986033,738.4175099911791,729.7941673388526,728.6994900992066,705.2846169639513,2.4800672928660865,0.9395074206098643,0.9822214731954744,0.9849538001643042,0.4840107412212658,0.888259649234082
bbob_f007_i79_d10,7,79,10,2,inject,10,738.4175099911791,,760.6975546986033,738.4175099911791,738.4175099911791,719.0543225870782,704.5805055766807,2.166886392743574,0.8976287584575162,0.9770945292712246,0.9975145519334077,0.35701743257279994,0.8494518953871077
bbob_f007_i79_d10,7,79,10,3,pass,10,726.3337032284638,749.4140122780908,749.4140122780908,726.3337032284638,726.3337032284638,722.6758434718045,706.1737434673947,0.6845598582518999,0.9301211340296053,0.9849779646232307,1.0737703058351231,0.6281357591822166,0.9110314524322939
bbob_f007_i79_d10,7,79,10,3,direct,10,726.3337032284638,,736.3604153334774,726.3337032284638,726.3337032284638,710.2447044723656,702.5649485664931,0.7335274463710961,0.932619233758371,0.9832086692501822,1.070128476238047,0.32679795938120804,0.8421465506116769
bbob_f007_i79_d10,7,79,10,3,inject,10,726.3337032284638,,736.3604153334774,726.3337032284638,726.3337032284638,714.2479867434441,701.7239485608836,0.9350886299237251,0.9616265590382851,0.9879206132458181,1.0782786699529516,0.6114595662802367,0.9004249645905537
bbob_f007_i80_d10,7,80,10,0,pass,10,1043.7174009462847,1088.8382462519753,1088.8382462519753,1043.7174009462847,1042.7504439452423,1036.177628904183,1016.3078179796255,1.2769929638952549,0.9392735798894395,0.9900580646067213,1.0456593599019988,0.31887388577735504,0.8445465360166576
bbob_f007_i80_d10,7,80,10,0,direct,10,1043.7174009462847,,1058.4273840720514,1043.7174009462847,1042.7504439452423,1035.9984498100573,1005.5955907269815,1.2754753026197065,0.93862609430321,0.9895509734945509,1.0504931621180174,0.5202924340577217,0.9315511057611994
bbob_f007_i80_d10,7,80,10,0,inject,10,1043.7174009462847,,1058.4273840720514,1043.7174009462847,1042.7504439452423,1016.1997572589189,1005.0267354862182,1.1176021944600325,0.9346272409186959,0.988461601219934,1.045973297000387,0.47071490216004924,0.9452078451432123
bbob_f007_i80_d10,7,80,10,1,pass,10,1016.1654008107965,1037.8309101306854,1037.8309101306854,1016.1654008107965,1012.5050813190439,1007.5758610196177,1002.9354112426363,0.6886899003257754,0.895969660059727,0.9813389749786802,1.0092968519823236,0.3654276734426045,0.8448573448209884
bbob_f007_i80_d10,7,80,10,1,direct,10,1016.1654008107965,,1014.9343411534431,1014.9343411534431,1012.5050813190439,1007.3744558563089,1001.5062066335717,0.5328894251113835,0.8832761507663671,0.9742203831564146,1.003410173712169,0.43143761443158724,0.9246749233411948
bbob_f007_i80_d10,7,80,10,1,inject,10,1016.1654008107965,,1014.9343411534431,1014.9343411534431,1012.5050813190439,1006.361132145736,1002.3082118931867,0.5328894251113835,0.8832761507663671,0.9767894767515412,1.0429915182416105,0.45419975371926746,0.8475962294179028
bbob_f007_i80_d10,7,80,10,2,pass,10,1025.00538979648,1018.9151314626895,1018.9151314626895,1018.9151314626895,1018.9151314626895,1013.7290806292947,1006.514148615538,0.7938950629378646,0.9247307680818854,0.9878278875824121,1.0349906090899557,0.37398343273247964,0.8590296101090732
bbob_f007_i80_d10,7,80,10,2,direct,10,1025.00538979648,,1025.091310975429,1025.00538979648,1025.00538979648,1014.7450891081849,1004.9075561080977,0.6791366456328646,0.9584088231603618,0.9828643347267737,1.0354503294020858,0.49694981275762634,0.9051893650528835
bbob_f007_i80_d10,7,80,10,2,inject,10,1025.00538979648,,1025.091310975429,1025.00538979648,1018.9151314626895,1013.9118417287126,1006.1249527210953,1.0200800577743612,0.9344193014404497,0.9872476736862652,1.0360940181413103,0.40647150314731656,0.8330441814250982
bbob_f007_i80_d10,7,80,10,3,pass,10,1015.8147835960368,1033.9796695543123,1033.9796695543123,1015.8147835960368,1011.0157559798357,1008.7534675575122,1002.46529232073,1.363296573647368,1.0345844150659702,1.0095916800568383,1.1763590597262152,0.438356791967651,0.8527917094749671
bbob_f007_i80_d10,7,80,10,3,direct,10,1015.8147835960368,,1013.3988364976021,1013.3988364976021,1011.0157559798357,1005.3129182592558,1002.1417328849925,1.2238272281573304,1.0275311346949179,1.0043759138052708,1.1486115106840453,0.31321804708471573,0.8233209650946052
bbob_f007_i80_d10,7,80,10,3,inject,10,1015.8147835960368,,1013.3988364976021,1013.3988364976021,1011.0157559798357,1006.2135240512755,1004.7145514315775,1.2238272281573304,1.0275311346949179,1.0035307833766547,1.1530624093085755,0.6553798659244067,0.8957363261306857
bbob_f008_i79_d10,8,79,10,0,pass,10,658.0455064740237,246.9780891070638,246.9780891070638,246.9780891070638,246.9780891070638,244.54885556264907,31.24617737881588,1.370680547027376,0.94710437568142,0.9833755249495765,1.0658200496683492,0.26724875354569955,0.7288945511980645
bbob_f008_i79_d10,8,79,10,0,direct,10,658.0455064740237,,367.41237162016745,367.41237162016745,367.41237162016745,212.36843072160778,30.508750773272524,1.1895990297191104,0.9283643688836806,0.9785657919245412,1.0593226867926642,0.23945137636555835,0.7195228611556188
bbob_f008_i79_d10,8,79,10,0,inject,10,658.0455064740237,,367.41237162016745,367.41237162016745,246.9780891070638,162.96114517174067,28.64230554580025,1.2666931227976395,0.9404965757801051,0.9799875577305461,1.0683947639136855,0.22950348779495938,0.7265925294620291
bbob_f008_i79_d10,8,79,10,1,pass,10,163.6291810922356,207.4314599155197,207.4314599155197,163.6291810922356,143.53215844330435,48.56830867290727,21.809473761757268,0.6212430659366825,0.913287946171279,0.9865477611721046,1.0721117519700847,0.19414457142359956,0.7350337527464198
bbob_f008_i79_d10,8,79,10,1,direct,10,163.6291810922356,,164.3010258213064,163.6291810922356,143.53215844330435,76.949537480028,24.09323737027079,0.638864057611645,0.9159418348311367,0.9856837197259743,1.0720796503930927,0.2509160258411293,0.7493548801183538
bbob_f008_i79_d10,8,79,10,1,inject,10,163.6291810922356,,164.3010258213064,163.6291810922356,143.53215844330435,80.2200829011764,25.659123081270927,0.638864057611645,0.9159418348311367,0.9857217487723662,1.0916292114532762,0.2984456723403373,0.7559162803413981
bbob_f008_i79_d10,8,79,10,2,pass,10,493.32108582851004,2255.527129683497,2255.527129683497,493.32108582851004,435.1728840661344,144.84395248403794,45.76332102993249,1.2856054092103626,0.9668151836310734,0.9858127771824802,0.9807888039686716,0.287795406775187,0.730175202728729
bbob_f008_i79_d10,8,79,10,2,direct,10,493.32108582851004,,1570.3211444605854,493.32108582851004,435.1728840661344,245.08741729900862,29.420221816998257,1.2856054092103626,0.9668151836310734,0.984819174190975,0.9633832843347144,0.2989700424412664,0.7439845825123156
bbob_f008_i79_d10,8,79,10,2,inject,10,493.32108582851004,,1570.3211444605854,493.32108582851004,435.1728840661344,240.62838498722192,40.68543449810472,1.286047470087793,0.9649435569078073,0.986568827712835,0.9883965184977123,0.3089816108842508,0.7336688733628078
bbob_f008_i79_d10,8,79,10,3,pass,10,275.8861174576896,307.21320366509445,307.21320366509445,275.8861174576896,275.8861174576896,219.36916877971242,140.083820542818,1.0343698703907607,0.9064366422602863,0.9838776247142583,1.0264343760618886,0.5845841905739413,0.8609673376567639
bbob_f008_i79_d10,8,79,10,3,direct,10,275.8861174576896,,221.28144859458897,221.28144859458897,221.28144859458897,212.5748763678798,81.94684479885419,0.7208027438099567,0.8758137990089564,0.9744804017279874,1.0259715441052193,0.3924096127890726,0.7941221253168727
bbob_f008_i79_d10,8,79,10,3,inject,10,275.8861174576896,,221.28144859458897,221.28144859458897,221.28144859458897,221.28144859458897,119.8721744737783,0.9516236157877049,0.9088175165689646,0.9786481964958049,1.029478329083347,0.28817787231982506,0.7926718297324803
bbob_f008_i80_d10,8,80,10,0,pass,10,506.0773814777546,2408.346996010429,2408.346996010429,506.0773814777546,384.75245894138,191.8796873029916,118.27229793795004,1.0327672490395265,0.885506708007815,0.9844649912111864,1.0332051985812334,0.3134366466610715,0.8074849222462158
bbob_f008_i80_d10,8,80,10,0,direct,10,506.0773814777546,,1422.2400374217202,506.0773814777546,384.75245894138,312.13720072174283,113.14880154689696,1.0353384083709467,0.890141080139182,0.983061510465935,1.0342700877127142,0.26334065171877546,0.7865277964622407
bbob_f008_i80_d10,8,80,10,0,inject,10,506.0773814777546,,1422.2400374217202,506.0773814777546,384.75245894138,268.3173297007725,127.3203170222033,1.0353384083709467,0.890141080139182,0.9840858217071023,1.0328351607746267,0.3125821893020911,0.7950335834088618
bbob_f008_i80_d10,8,80,10,1,pass,10,127.996797573969,636.6784187583127,636.6784187583127,127.996797573969,127.996797573969,55.20668546850175,5.694755913133597,0.6666449397891979,0.9082737080809141,0.9762206421069783,1.0053464897790563,0.21988817284842185,0.71896573145329
bbob_f008_i80_d10,8,80,10,1,direct,10,127.996797573969,,337.0594924008371,127.996797573969,127.996797573969,90.61815946760845,10.973312071085985,0.5534122048846071,0.8989447748325506,0.9728550595126854,1.0031881906482736,0.2391129373552678,0.7678288846453721
bbob_f008_i80_d10,8,80,10,1,inject,10,127.996797573969,,337.0594924008371,127.996797573969,127.996797573969,69.73604059353582,2.5922029737906263,0.5329730230696622,0.9079177561648832,0.97178874994522,1.0138023826517222,0.1768685103647065,0.6920714354475545
bbob_f008_i80_d10,8,80,10,2,pass,10,106.16079417480194,254.23452459693752,254.23452459693752,106.16079417480194,91.566496000354,38.263081705168034,5.941950552295359,0.6850470590141442,0.9447585072552575,0.9856179512015409,1.0224381413126937,0.24168489379102231,0.7287921047285256
bbob_f008_i80_d10,8,80,10,2,direct,10,106.16079417480194,,51.392065807393266,51.392065807393266,51.392065807393266,33.565422433676936,2.849757078433657,0.5237697569816672,0.9051669554098514,0.9785999836319648,1.018221464900494,0.1663282275304589,0.682307361502359
bbob_f008_i80_d10,8,80,10,2,inject,10,106.16079417480194,,51.392065807393266,51.392065807393266,51.392065807393266,30.276954954886087,4.623808875928222,0.5405503046658782,0.8996131386162165,0.9779796903956188,1.0226521250002039,0.25761786933696523,0.7207857628434493
bbob_f008_i80_d10,8,80,10,3,pass,10,137.65835774460774,801.9476411992646,801.9476411992646,137.65835774460774,137.65835774460774,112.494130194762,10.570242844927392,0.7909155784579682,0.9258403305433317,0.9795413218090654,1.0366300923015703,0.30404859614107965,0.745774823132701
bbob_f008_i80_d10,8,80,10,3,direct,10,137.65835774460774,,419.89849977280085,137.65835774460774,137.65835774460774,24.601532780202554,12.883836217936029,0.7358168705387116,0.9307663545290165,0.9787299259973329,1.0404395505176087,0.27057315949816557,0.7424232107097183
bbob_f008_i80_d10,8,80,10,3,inject,10,137.65835774460774,,419.89849977280085,137.65835774460774,137.65835774460774,98.91547385657434,13.660770142879993,0.6636635188254476,0.915582501731528,0.9773860027818646,1.0353951457570545,0.3415003571104065,0.774119020050527
bbob_f009_i79_d10,9,79,10,0,pass,10,651.7115262900475,1787.3875671005926,1787.3875671005926,651.7115262900475,651.7115262900475,430.32469276325486,76.03321846909179,0.7224593127451593,0.9179617122918048,0.9912180646840384,0.9848181976969806,0.9367422943240653,1.0656147750399516
bbob_f009_i79_d10,9,79,10,0,direct,10,651.7115262900475,,1094.9537713656164,651.7115262900475,651.7115262900475,481.42405029141145,95.213720111989,0.7298279876681774,0.9198878796429698,0.9873921717801519,0.9923924000645329,1.0344206449261097,1.015086354005556
bbob_f009_i79_d10,9,79,10,0,inject,10,651.7115262900475,,1094.9537713656164,651.7115262900475,651.7115262900475,506.4846908928858,183.3548267314534,0.7298279876681774,0.9198878796429698,0.9889621175130944,0.9885690052694075,0.7629823337527109,0.9632552672110765
bbob_f009_i79_d10,9,79,10,1,pass,10,143.9220712178284,570.7071219923539,570.7071219923539,143.9220712178284,126.36222296887726,58.10060296933139,-9.907201062832911,0.8206520212450517,0.9583548033955456,0.9904920640882202,1.13552550897251,0.4886615551382436,0.8138475630241598
bbob_f009_i79_d10,9,79,10,1,direct,10,143.9220712178284,,296.25864461220965,143.9220712178284,126.36222296887726,81.23145889959568,-28.46506216951532,0.8399824920674279,0.9615689138097795,0.9889979116457189,1.1040410986657372,0.35179841202893763,0.784746889001946
bbob_f009_i79_d10,9,79,10,1,inject,10,143.9220712178284,,296.25864461220965,143.9220712178284,143.9220712178284,64.64210605729723,-25.31818609665096,0.7936251845536815,0.9295795128781832,0.9876096416045098,1.1034329314171534,0.3287045877514936,0.7910571503986797
bbob_f009_i79_d10,9,79,10,2,pass,10,316.6519615773951,1093.7965320279945,1093.7965320279945,316.6519615773951,316.6519615773951,196.8926759250577,81.14111985118235,1.0512703495616442,1.0246756779668642,0.989726425329186,0.9389300670447948,0.34891565770349486,0.7725321529984046
bbob_f009_i79_d10,9,79,10,2,direct,10,316.6519615773951,,688.2399799142506,316.6519615773951,316.6519615773951,316.6519615773951,53.137147618797684,0.9134820604168209,1.0027300885917403,0.9840376076519461,0.9466766753229856,0.4344901341483771,0.8212913607911985
bbob_f009_i79_d10,9,79,10,2,inject,10,316.6519615773951,,688.2399799142506,316.6519615773951,316.6519615773951,297.02770912511977,-6.483265784508021,0.9247768649116802,1.0031434071083243,0.9843841759731513,0.9416556854929047,0.4760848975165857,0.7835668011076308
bbob_f009_i79_d10,9,79,10,3,pass,10,28.47839832554456,239.48868080792147,239.48868080792147,28.47839832554456,28.47839832554456,28.47839832554456,-26.439565250599465,0.8033708407660279,1.0150932920515476,1.0037426629220567,1.1448762052147274,0.3650508114327537,0.8162908420395643
bbob_f009_i79_d10,9,79,10,3,direct,10,28.47839832554456,,121.25459177388325,28.47839832554456,28.47839832554456,28.47839832554456,-34.004370728179694,0.7147965953957102,0.9900784367358636,0.9946189307818163,1.1109956404209884,0.3110929895283972,0.7412593734038523
bbob_f009_i79_d10,9,79,10,3,inject,10,28.47839832554456,,121.25459177388325,28.47839832554456,28.47839832554456,28.47839832554456,-33.97127480555463,0.7821050560907858,1.0129826812116298,0.998727128063657,1.1239581526680693,0.3494250495590796,0.7715582134852815
bbob_f009_i80_d10,9,80,10,0,pass,10,363.2225831557747,1146.2272951404473,1146.2272951404473,363.2225831557747,300.9951000956749,197.00133829366774,90.76622126702446,0.9097937780523339,0.9276709408693609,0.9890735557582456,1.0125053066806788,0.3186617195686368,0.7745724188653198
bbob_f009_i80_d10,9,80,10,0,direct,10,363.2225831557747,,592.9520957072397,363.2225831557747,300.9951000956749,216.02167580498136,85.67314342444598,0.9264756935676166,0.9274536351496566,0.9851154831990804,1.0230248085816283,0.39142301426640663,0.7679344810579329
bbob_f009_i80_d10,9,80,10,0,inject,10,363.2225831557747,,592.9520957072397,363.2225831557747,300.9951000956749,219.0594192745604,87.7801221242581,0.9264756935676166,0.9274536351496566,0.9868348658351809,1.0078670330544022,0.33298372250369596,0.7910797368395505
bbob_f009_i80_d10,9,80,10,1,pass,10,431.2971835395947,1276.378446410656,1276.378446410656,431.2971835395947,431.2971835395947,307.3217404357995,140.30366074007952,0.7330080916836351,0.9892360428782736,0.9820332585575919,0.9957871219038558,0.4459116467195383,0.8334165345469823
bbob_f009_i80_d10,9,80,10,1,direct,10,431.2971835395947,,754.6429375058929,431.2971835395947,431.2971835395947,431.2971835395947,143.85741335996877,0.687638574898487,0.9768760775291625,0.9780928204245299,0.998132510153339,0.6869467071012111,0.9221924257891821
bbob_f009_i80_d10,9,80,10,1,inject,10,431.2971835395947,,754.6429375058929,431.2971835395947,431.2971835395947,429.51239737245476,118.08318085962489,0.7171684808193123,0.9748150397131072,0.9774536951329805,0.9929502724719897,0.512827633109913,0.8041962150193331
bbob_f009_i80_d10,9,80,10,2,pass,10,641.4019116744588,1445.055947410812,1445.055947410812,641.4019116744588,641.4019116744588,623.2511572787292,197.07786936413214,1.1607012209958723,0.9734138768017552,0.9893027790740719,1.0339725180798405,0.3071994661649506,0.7845154294153279
bbob_f009_i80_d10,9,80,10,2,direct,10,641.4019116744588,,763.7665815073831,641.4019116744588,641.4019116744588,474.3634659825559,214.6114843316038,0.8001286768527484,0.9651861853823437,0.9817795857338996,1.0314372469215143,0.3102620391935215,0.8005428450883568
bbob_f009_i80_d10,9,80,10,2,inject,10,641.4019116744588,,763.7665815073831,641.4019116744588,641.4019116744588,487.76576043348484,212.40988395607909,1.198698827612284,0.9654691192167789,0.9864882610005012,1.0588359117290957,0.3064653505889244,0.7807254650713531
bbob_f009_i80_d10,9,80,10,3,pass,10,149.6155566731845,325.87446985262443,325.87446985262443,149.6155566731845,149.6155566731845,114.29186405522934,75.83121017322104,0.45013924863443033,0.9196062283818652,0.9803219937955575,1.0288747693542395,0.26827945993698854,0.7710183253719058
bbob_f009_i80_d10,9,80,10,3,direct,10,149.6155566731845,,213.6731649515654,149.6155566731845,149.6155566731845,111.75155375462757,73.82914119934135,0.4660763703955594,0.9237310226941944,0.9785721906477758,1.033357033400303,0.2543838193668157,0.7260660154657694
bbob_f009_i80_d10,9,80,10,3,inject,10,149.6155566731845,,213.6731649515654,149.6155566731845,149.6155566731845,118.75026353467729,88.54535043260427,0.5193583141676722,0.9303092803885348,0.9812609637392722,1.0414019643314956,0.39695368477504556,0.8175624888799861
bbob_f010_i79_d10,10,79,10,0,pass,10,45941.611616535374,363689.3063059007,363689.3063059007,45941.611616535374,45941.611616535374,24518.25266383041,13361.498620903269,1.2454407445376723,1.0393367356769134,1.0015088025583987,1.0267663789493335,0.47345698976691036,0.9370876144177945
bbob_f010_i79_d10,10,79,10,0,direct,10,45941.611616535374,,115697.14063857184,45941.611616535374,45941.611616535374,32599.080325528215,10735.842809877138,1.2652321986070831,1.0383271460809147,1.000738048727437,1.0543699191476412,0.5558921587471677,0.9721133762709052
bbob_f010_i79_d10,10,79,10,0,inject,10,45941.611616535374,,115697.14063857184,45941.611616535374,45941.611616535374,11975.59658766984,10777.761545780462,1.2652321986070831,1.0383271460809147,1.000762439277138,1.0322558850394623,0.5466000748497205,0.9913512340084304
bbob_f010_i79_d10,10,79,10,1,pass,10,25096.514893595442,370417.91372625245,370417.91372625245,25096.514893595442,25096.514893595442,21439.241703785014,2973.3075255587232,1.2515047509759605,1.0266596800684684,0.9987010682874086,1.0767201593459437,0.2995759173424864,0.9327726154227547
bbob_f010_i79_d10,10,79,10,1,direct,10,25096.514893595442,,160190.28516690963,25096.514893595442,25096.514893595442,25096.514893595442,5855.0358173318,1.049942559328714,1.0176313257731038,0.9946506132592571,1.0912409801922536,0.5449272361593644,0.9719046858240932
bbob_f010_i79_d10,10,79,10,1,inject,10,25096.514893595442,,160190.28516690969,25096.514893595442,25096.514893595442,25096.514893595442,207.36492170426732,1.049942559328714,1.0176313257731038,0.996210153584267,1.1085722072251847,0.5403503346873307,0.9436099414236667
bbob_f010_i79_d10,10,79,10,2,pass,10,154362.6613825646,323579.7040275503,323579.7040275503,154362.6613825646,154362.6613825646,80101.22397883714,6073.289045525226,1.6375850978073474,0.9436858158446524,0.9857396808526147,1.0276269897625978,0.5639320145968957,1.001875684652256
bbob_f010_i79_d10,10,79,10,2,direct,10,154362.6613825646,,219874.51368754555,154362.6613825646,154362.6613825646,71096.85316176206,14663.405065204137,1.4447237039432261,0.9406072392397687,0.9834629380075139,1.032543387759661,0.6055584222437858,1.0308689694250568
bbob_f010_i79_d10,10,79,10,2,inject,10,154362.6613825646,,219874.51368754555,154362.6613825646,154362.6613825646,67489.96540722092,6045.393526812657,1.4817181631465828,0.944566138555035,0.9842853450445508,1.029509998129841,0.35293081804167264,0.9084998187777712
bbob_f010_i79_d10,10,79,10,3,pass,10,54880.9212965479,82465.00332450811,82465.00332450811,54880.9212965479,54880.9212965479,18058.357952245187,8284.283395995762,1.6645565146558945,0.9483996800762835,0.9927580151969445,1.0946110481870366,0.46894306766342536,0.9479697066308493
bbob_f010_i79_d10,10,79,10,3,direct,10,54880.9212965479,,92570.50920235767,54880.9212965479,54880.9212965479,19417.737098765563,5625.974008651998,1.461641205302377,0.94842882794052,0.9898651297749914,1.0980806537439065,0.4974642196980297,0.9700291434518855
bbob_f010_i79_d10,10,79,10,3,inject,10,54880.9212965479,,92570.50920235767,54880.9212965479,54880.9212965479,32279.095308180847,3228.8014558851955,2.498543831563234,1.0307830724093743,1.0059332307587816,1.108171676570796,0.6571148009360142,0.9865243824156903
bbob_f010_i80_d10,10,80,10,0,pass,10,13806.526254051743,80567.04444862921,80567.04444862921,13806.526254051743,13806.526254051743,13806.526254051743,10204.854244350903,1.5463668319893937,0.9738172633740947,0.9916035822687459,1.0820967695073616,0.5224874696055477,0.9738206438439364
bbob_f010_i80_d10,10,80,10,0,direct,10,13806.526254051743,,43572.1620445611,13806.526254051743,13806.526254051743,13806.526254051743,5955.366206572502,1.2980012337392395,0.9453726704205027,0.983854904785873,1.0800170451537012,0.4384807201072436,0.9120979269671178
bbob_f010_i80_d10,10,80,10,0,inject,10,13806.526254051743,,43572.1620445611,13806.526254051743,13806.526254051743,8298.39471570242,5127.762695820488,1.2089294912395445,0.9352480560401156,0.9836000489370822,1.0867072987959858,0.39526231290042435,0.885916111889907
bbob_f010_i80_d10,10,80,10,1,pass,10,209249.75592191907,307904.2008057425,307904.2008057425,209249.75592191907,209249.75592191907,87290.22458732928,23233.09619550187,1.4091768649706031,0.9643898193894145,0.993557996373852,1.0748306733515278,0.6254118985317386,0.9968230247409356
bbob_f010_i80_d10,10,80,10,1,direct,10,209249.75592191907,,169891.33120961327,169891.33120961327,169891.33120961327,62386.75537360262,13966.117297681292,1.1948322430565108,0.9382694672623751,0.9883453017174059,1.0896939379640969,0.6498675756034801,0.9992241314847108
bbob_f010_i80_d10,10,80,10,1,inject,10,209249.75592191907,,169891.33120961327,169891.33120961327,169891.33120961327,138380.09836648597,20747.429781386065,1.174976196410745,0.9370919851158235,0.9874759320005292,1.0984234449862647,0.45975731200273634,0.8995563766232907
bbob_f010_i80_d10,10,80,10,2,pass,10,103629.98323865132,261828.72274937617,261828.72274937617,103629.98323865132,103629.98323865132,52370.781846447186,15238.246779714887,0.979869972488749,0.9628022400598394,0.9924457816801575,1.0354507343462886,0.8934893970614454,1.0103111778071445
bbob_f010_i80_d10,10,80,10,2,direct,10,103629.98323865132,,161339.2214594134,103629.98323865132,103629.98323865132,45261.470758217874,3930.523134477622,1.0456221474784426,0.9766474620730755,0.9918452343606539,1.0310453861747377,0.49103382824761904,0.9162183137024869
bbob_f010_i80_d10,10,80,10,2,inject,10,103629.98323865132,,161339.2214594134,103629.98323865132,103629.98323865132,72719.13695518294,5504.713286580909,0.994713437895284,0.967201139443886,0.9917000613117382,1.0335674153078414,0.41466793301945887,0.9276527143060932
bbob_f010_i80_d10,10,80,10,3,pass,10,50289.871309770424,53451.38224317893,53451.38224317893,50289.871309770424,50289.871309770424,39099.88210210248,11455.774704970363,1.0102945889956079,0.9318714537697742,0.9940977883614058,1.1017972036419945,0.39711181776136506,0.927392192466005
bbob_f010_i80_d10,10,80,10,3,direct,10,50289.871309770424,,40968.57731471868,40968.57731471868,40968.57731471868,34321.663701265454,12569.56598765344,0.7256246434672285,0.9276893683594895,0.9897824611591672,1.1066115952636806,0.5869350260783294,0.9818831261655937
bbob_f010_i80_d10,10,80,10,3,inject,10,50289.871309770424,,40968.57731471868,40968.57731471868,40968.57731471868,30780.177629626083,6939.405582025573,1.1182490494010335,0.9492606157534457,0.9940707060440725,1.121609642924996,0.38661615912923714,0.94158645593292
bbob_f011_i79_d10,11,79,10,0,pass,10,253.53427360159068,47918.918510102776,47918.918510102776,253.53427360159068,253.53427360159068,253.53427360159068,195.07574201914176,1.0209312017669823,0.9594983105317979,0.9921670171625474,1.0976913588392094,0.6176902019486464,0.9879791428202849
bbob_f011_i79_d10,11,79,10,0,direct,10,253.53427360159068,,29093.35347972003,253.53427360159068,253.53427360159068,252.75196785609398,198.87088972763996,0.9822346010039908,0.9531068423464207,0.9908123262723753,1.0976084790671694,0.5993624193954199,1.0005344223561112
bbob_f011_i79_d10,11,79,10,0,inject,10,253.53427360159068,,29093.35347972003,253.53427360159068,253.53427360159068,206.05156851793356,201.88485911125156,0.9528272955266112,0.9489356329060826,0.9902658611609723,1.0970888765103295,0.8758709131375679,1.1124523076672612
bbob_f011_i79_d10,11,79,10,1,pass,10,944.0298687639776,914362.5982442818,914362.5982442818,944.0298687639776,352.35458745558265,198.32243174378377,101.71250706382382,1.521306185177445,0.9008164927658759,0.9933935074595364,1.1790487498866131,0.5624713535728587,1.0374928779733918
bbob_f011_i79_d10,11,79,10,1,direct,10,944.0298687639776,,254050.65592728416,944.0298687639776,352.35458745558265,254.2591100459879,132.36128111125626,1.521306185177445,0.9008164927658759,0.9931933895505256,1.1739891561136488,0.5520753483522096,1.055854611737999
bbob_f011_i79_d10,11,79,10,1,inject,10,944.0298687639776,,254050.65592728416,944.0298687639776,352.35458745558265,352.35458745558265,88.63958098657098,1.7805633883334968,0.9034183282888651,0.9938817113778985,1.1750141000703975,0.5179999525487496,0.9902939299719201
bbob_f011_i79_d10,11,79,10,2,pass,10,90.73839490670217,40570.41272791132,40570.41272791132,90.73839490670217,90.73839490670217,90.73839490670217,90.73839490670217,1.5674685303568705,0.9249452979390871,0.9971867772754498,1.1528514717678418,0.6301719711898153,1.0320853758558952
bbob_f011_i79_d10,11,79,10,2,direct,10,90.73839490670217,,33113.85803618967,90.73839490670217,90.73839490670217,90.73839490670217,90.73839490670217,1.5255008767461875,0.9205483400485153,0.9944348535314839,1.152657661600306,0.5679461142329559,1.0213390229674095
bbob_f011_i79_d10,11,79,10,2,inject,10,90.73839490670217,,33113.85803618967,90.73839490670217,90.73839490670217,90.73839490670217,90.73839490670217,1.3310120304478803,0.970767570605997,0.9977769612815328,1.163231878882414,0.6513401290953655,1.038092764646717
bbob_f011_i79_d10,11,79,10,3,pass,10,126.63300139420275,3895.2305053634745,3895.2305053634745,126.63300139420275,126.63300139420275,126.63300139420275,126.63300139420275,0.8663440651779472,0.9902114667001429,0.9942289092160645,1.0877358116750973,0.9556622558472065,1.0352930861489074
bbob_f011_i79_d10,11,79,10,3,direct,10,126.63300139420275,,7057.838313722889,126.63300139420275,126.63300139420275,126.63300139420275,126.63300139420275,0.7911094382826449,0.9989590680209909,0.992914114555631,1.0880231488111591,0.6631003731630102,0.9509839434115263
bbob_f011_i79_d10,11,79,10,3,inject,10,126.63300139420275,,7057.838313722889,126.63300139420275,126.63300139420275,126.63300139420275,126.63300139420275,1.4343040319666012,1.0006947106657864,0.9976956369109014,1.0997622761517098,0.7430599636800953,0.93335490141623
bbob_f011_i80_d10,11,80,10,0,pass,10,403.36187481983416,7377.165952520644,7377.165952520644,403.36187481983416,403.36187481983416,403.36187481983416,400.50741138388537,1.687971778386185,0.9955573180898944,0.994729960800152,1.062721802467128,1.1063259459719255,1.0743124864277704
bbob_f011_i80_d10,11,80,10,0,direct,10,403.36187481983416,,4220.678121262947,403.36187481983416,403.36187481983416,403.36187481983416,403.36187481983416,1.5087044376598322,0.9937030885931465,0.9923905139226429,1.063276115694142,0.49764487933016305,0.9292281391170829
bbob_f011_i80_d10,11,80,10,0,inject,10,403.36187481983416,,4220.678121262947,403.36187481983416,403.36187481983416,403.36187481983416,403.36187481983416,1.2357897910911404,0.9490995678412465,0.9837261028800328,1.0634056731121726,0.7074996867891193,1.0145292881549715
bbob_f011_i80_d10,11,80,10,1,pass,10,431.5757422819787,791668.0119482252,791668.0119482252,431.5757422819787,431.5757422819787,391.0256961541449,391.0256961541449,0.9134257346319014,0.9433661447712408,0.9888728844442297,1.1080291483660352,0.6052050556562553,1.0283220753915199
bbob_f011_i80_d10,11,80,10,1,direct,10,431.5757422819787,,299388.99106544623,431.5757422819787,431.5757422819787,431.5757422819787,427.47829061160144,0.909347384258589,0.9433252394711238,0.9888795736261775,1.1092097611145488,0.7301398348620107,0.9847787070102361
bbob_f011_i80_d10,11,80,10,1,inject,10,431.5757422819787,,299388.99106544623,431.5757422819787,431.5757422819787,431.5757422819787,381.1090316491529,1.1351528729580276,0.9861293809012547,0.9923124597644322,1.1011451222475506,0.8279114355741305,1.088256210267843
bbob_f011_i80_d10,11,80,10,2,pass,10,559.3031615203502,61021.921225287035,61021.921225287035,559.3031615203502,559.3031615203502,559.3031615203502,507.51895727572827,2.0402698276631797,0.999122835215953,0.9912612584347829,1.0393563792760572,0.39375867766269596,1.012785298203572
bbob_f011_i80_d10,11,80,10,2,direct,10,559.3031615203502,,8677.5204453573,559.3031615203502,559.3031615203502,559.3031615203502,477.6768300326843,1.6522341814185615,0.9767565022022107,0.985144917789399,1.0438104177177492,0.5416043335583498,0.994190479671562
bbob_f011_i80_d10,11,80,10,2,inject,10,559.3031615203502,,8677.5204453573,559.3031615203502,559.3031615203502,501.68123675105926,501.68123675105926,1.6605410754626677,0.9720889433224981,0.9838615031895573,1.0457658369180012,0.6024984669618548,1.0632648283636834
bbob_f011_i80_d10,11,80,10,3,pass,10,454.867999854592,20814.107097827444,20814.107097827444,454.867999854592,454.867999854592,454.867999854592,393.2813959769503,1.3114120980417894,0.9138688224793171,0.9828521635835058,1.024297163226393,0.35202229420090797,0.889137215225827
bbob_f011_i80_d10,11,80,10,3,direct,10,454.867999854592,,7251.637779577344,454.867999854592,454.867999854592,390.08310861549216,390.08310861549216,1.2830462865632999,0.9161961416938385,0.9829027851888763,1.0249778147414044,0.49636423927591233,0.9315784895174973
bbob_f011_i80_d10,11,80,10,3,inject,10,454.867999854592,,7251.637779577344,454.867999854592,454.867999854592,454.867999854592,405.8533030993995,1.2830462865632999,0.9161961416938385,0.9822129564583179,1.0253296139320465,0.5174724693533542,0.9652168372546702
bbob_f012_i79_d10,12,79,10,0,pass,10,773301.0776119257,858644.097930628,858644.097930628,773301.0776119257,773301.0776119257,304031.44888540043,30025.112553711017,0.6413377128361887,0.8908855349575143,0.9805734341768004,1.059648323766292,0.32250988006149606,0.7530749049406995
bbob_f012_i79_d10,12,79,10,0,direct,10,773301.0776119257,,538584.8789492979,538584.8789492979,538584.8789492979,538584.8789492979,28925.720293334656,0.5169308851999819,0.8782143287053604,0.9765488978059309,1.051070106441378,0.19661903822843957,0.7107854805291619
bbob_f012_i79_d10,12,79,10,0,inject,10,773301.0776119257,,538584.8789492979,538584.8789492979,538584.8789492979,196058.01576490497,24174.208367560277,0.6324507337477151,0.8922207848729963,0.9774376534213909,1.0533042513089605,0.17257244644820685,0.6920862135778716
bbob_f012_i79_d10,12,79,10,1,pass,10,1100196.9246521764,2649198.961093565,2649198.961093565,1100196.9246521764,1100196.9246521764,843069.5423948333,170312.4962570562,0.755919405098487,0.9651946196782503,0.9870216623961635,1.1287253827418027,0.32811325880287084,0.7741160461139195
bbob_f012_i79_d10,12,79,10,1,direct,10,1100196.9246521764,,1677951.6863831384,1100196.9246521764,1100196.9246521764,275131.01912264887,153437.9573354154,0.7559391615910891,0.9793675670156846,0.9852186122877808,1.1113429526960468,0.3719493578749126,0.7835239688936686
bbob_f012_i79_d10,12,79,10,1,inject,10,1100196.9246521764,,1677951.6863831384,1100196.9246521764,1100196.9246521764,621241.5035299893,56136.785861075026,0.561233771512564,0.9067208587327973,0.9789371288468572,1.0992468858889117,0.26076615663407376,0.7466375734075352
bbob_f012_i79_d10,12,79,10,2,pass,10,1843504.075767644,7354917.981746869,7354917.981746869,1843504.075767644,862449.0342603498,733039.0528376214,38780.24095751292,1.231082391228864,0.9494737632414357,0.9807608409625542,0.9427706372477336,0.2066294959096523,0.6959836420961232
bbob_f012_i79_d10,12,79,10,2,direct,10,1843504.075767644,,3976801.8045596043,1843504.075767644,862449.0342603498,747716.0908537328,78492.38746647032,1.213252167487045,0.9478719732780466,0.9803333244350725,0.9344673438260337,0.1743088335194256,0.6939053225095982
bbob_f012_i79_d10,12,79,10,2,inject,10,1843504.075767644,,3976801.8045596043,1843504.075767644,862449.0342603498,573112.520766505,70689.61027672554,1.213252167487045,0.9478719732780466,0.980259716576055,0.9426222539332255,0.1889009013596909,0.7081157957068954
bbob_f012_i79_d10,12,79,10,3,pass,10,2951698.1788900904,7447844.345481779,7447844.345481779,2951698.1788900904,1662572.0157781735,486712.9018598189,93197.3394838477,0.7914256583041898,0.9272753131671643,0.9789891925352873,1.003928542957007,0.2270335247660554,0.7293943710395991
bbob_f012_i79_d10,12,79,10,3,direct,10,2951698.1788900904,,4117319.1959849373,2951698.1788900904,1662572.0157781735,880184.9337491208,338197.98035154154,0.7875036981685287,0.927131398367013,0.9792525151342725,1.011642125828196,0.40115234755646617,0.8180989651351372
bbob_f012_i79_d10,12,79,10,3,inject,10,2951698.1788900904,,4117319.195984938,2951698.1788900904,1662572.0157781735,569074.9002316411,89817.09349597445,0.8429185099544425,0.9378434780761542,0.9804298978742207,1.011393859472519,0.24557691538384907,0.7302910249197909
bbob_f012_i80_d10,12,80,10,0,pass,10,1428666.477831499,2681600.1047331723,2681600.1047331723,1428666.477831499,1428666.477831499,464662.57288990665,51427.76233738558,1.0003406661179315,0.9323332387380585,0.9849333309544517,1.051201051724248,0.23389370175226562,0.7322214560015915
bbob_f012_i80_d10,12,80,10,0,direct,10,1428666.477831499,,1606901.5692911486,1428666.477831499,1428666.477831499,348125.7994692149,32743.547153787258,0.8530587309869897,0.9093619746015665,0.979563049162003,1.0509592323023362,0.2507912164407933,0.7238507451658769
bbob_f012_i80_d10,12,80,10,0,inject,10,1428666.477831499,,1606901.5692911486,1428666.477831499,1428666.477831499,588355.0046048166,65087.05783470579,0.5618404591523154,0.8680195494708771,0.9745785225055242,1.0512363429023668,0.26390048946618605,0.7448862515103996
bbob_f012_i80_d10,12,80,10,1,pass,10,535898.4580428092,1399090.2411205114,1399090.2411205114,535898.4580428092,531209.2714833233,531209.2714833233,38629.92707946724,0.7770035772248884,0.9639475011505761,0.9821793968839674,1.0271350105790282,0.17184574123654472,0.7153768834814279
bbob_f012_i80_d10,12,80,10,1,direct,10,535898.4580428092,,771617.5377617424,535898.4580428092,531209.2714833233,531209.2714833233,41332.26018852705,0.6634194836815073,0.9433886233915261,0.9778946673997092,1.0224835858591703,0.23020913210225372,0.7353859128632738
bbob_f012_i80_d10,12,80,10,1,inject,10,535898.4580428092,,771617.5377617424,535898.4580428092,531209.2714833233,424784.3676051052,23308.398780487434,0.6363334500492238,0.937528207455003,0.9761969978796835,1.0058563686431485,0.16273267444057754,0.7056651728622428
bbob_f012_i80_d10,12,80,10,2,pass,10,2102153.53219958,1917681.029083993,1917681.029083993,1917681.029083993,1917681.029083993,914077.6488759517,110631.92648442769,1.3089564039129007,0.9292811684549195,0.9901670305817719,1.0514874341210159,0.3022091668739231,0.7337474464273327
bbob_f012_i80_d10,12,80,10,2,direct,10,2102153.53219958,,532569.5386376056,532569.5386376056,532569.5386376056,532569.5386376056,134326.0588961537,0.8989646931975548,0.9448403652197066,0.9847065116560331,1.0540218751748764,0.24895171273483685,0.7153565312720694
bbob_f012_i80_d10,12,80,10,2,inject,10,2102153.53219958,,532569.5386376056,532569.5386376056,532569.5386376056,532569.5386376056,179796.9555903817,1.2856462022594406,0.9340601817237685,0.9848493569426532,1.046173782794581,0.2567598205889371,0.7470124276621659
bbob_f012_i80_d10,12,80,10,3,pass,10,1692755.496115742,2254518.0324084316,2254518.0324084316,1692755.496115742,1692755.496115742,486708.70535134786,146044.69773626048,1.0679292066640493,0.9311880203666808,0.9826791991524566,0.9645183843734857,0.31808707876877634,0.7364335552072375
bbob_f012_i80_d10,12,80,10,3,direct,10,1692755.496115742,,1099405.9740017615,1099405.9740017615,1099405.9740017615,366193.5083475733,59163.230727139926,0.6964921790579462,0.8665733040390617,0.9730376645885792,0.9801924532276296,0.2454324288443599,0.737397107321223
bbob_f012_i80_d10,12,80,10,3,inject,10,1692755.496115742,,1099405.9740017615,1099405.9740017615,1099405.9740017615,568266.9999194193,184704.2204252264,0.977104430503471,0.8946287209921706,0.9767455347530679,0.9798319464249156,0.42173664618568824,0.8396523204178722
bbob_f013_i79_d10,13,79,10,0,pass,10,84.4415571170181,51.693945305241385,51.693945305241385,51.693945305241385,45.02985938754884,-66.88791262240488,-151.47242818726778,1.0566672670002724,0.9643517100166837,0.9901968802752089,1.0882616668612235,0.24399993267437983,0.7850121276123323
bbob_f013_i79_d10,13,79,10,0,direct,10,84.4415571170181,,16.72840241250202,16.72840241250202,16.72840241250202,-35.3559950888897,-164.05688048021804,0.8990864941744663,0.9469830579807087,0.982730962932315,1.0822138774364702,0.23780441216344386,0.7534631802078559
bbob_f013_i79_d10,13,79,10,0,inject,10,84.4415571170181,,16.72840241250202,16.72840241250202,16.72840241250202,-69.2708906516497,-125.0351898069655,0.907836503606284,0.9485985194736207,0.9834894926961782,1.0930889368407926,0.40148639192484536,0.8099661406406412
bbob_f013_i79_d10,13,79,10,1,pass,10,25.371151228031152,137.60212153256455,137.60212153256455,25.371151228031152,7.059190092189198,7.059190092189198,-167.64476399938732,0.5653919363800226,0.892967834023568,0.9803417843312272,1.0919619455379443,0.33893061702269645,0.7971234979087508
bbob_f013_i79_d10,13,79,10,1,direct,10,25.371151228031152,,45.709916280567114,25.371151228031152,7.059190092189198,-20.12398398846895,-143.1845509155587,0.5457096672615237,0.8968845625727405,0.9764833504985027,1.070623265381262,0.3811540550951655,0.831885915776813
bbob_f013_i79_d10,13,79,10,1,inject,10,25.371151228031152,,45.709916280567114,25.371151228031152,7.059190092189198,-30.522127467238107,-123.28078626120194,0.5217530879404577,0.8982270619031746,0.9776946403965572,1.0851711883579478,0.4704655740884539,0.8205576817680712
bbob_f013_i79_d10,13,79,10,2,pass,10,-5.417009184355322,151.0194809977077,151.0194809977077,-5.417009184355322,-5.417009184355322,-42.53512132190863,-157.03291711358736,0.8288722105926492,0.8496966883686782,0.9714343334437561,0.9608524665844899,0.20092804132038303,0.7554929576260974
bbob_f013_i79_d10,13,79,10,2,direct,10,-5.417009184355322,,62.36862271981707,-5.417009184355322,-5.417009184355322,-14.339709655391971,-134.28730577788832,0.6312885028921352,0.8564759147796461,0.9678599644518687,0.9596092650099742,0.23338207189091628,0.7442848693236417
bbob_f013_i79_d10,13,79,10,2,inject,10,-5.417009184355322,,62.36862271981707,-5.417009184355322,-5.417009184355322,-52.31490370070233,-164.5513686833352,0.7136952813758081,0.8529687468495482,0.9676998392175582,0.9681857587521968,0.1672965025053288,0.7055192364605386
bbob_f013_i79_d10,13,79,10,3,pass,10,-7.828521689647943,20.3892964670315,20.3892964670315,-7.828521689647943,-15.287028824666805,-101.23014458561074,-168.40483221927872,1.2034345976835046,0.932356563879551,0.9970053117974428,1.0782281842528625,0.23821573532536644,0.7812972651705583
bbob_f013_i79_d10,13,79,10,3,direct,10,-7.828521689647943,,-14.792669561634938,-14.792669561634938,-15.287028824666805,-128.5822972586646,-175.92016393379964,1.1255199932883813,0.928577234125159,0.9938560266418359,1.074014955290167,0.25906407811072485,0.7935365553604744
bbob_f013_i79_d10,13,79,10,3,inject,10,-7.828521689647943,,-14.792669561634938,-14.792669561634938,-15.287028824666805,-61.56409690996125,-150.78302660707766,1.1394822756252798,0.9307305996425981,0.9937043701827539,1.0728339375857783,0.36418219741745894,0.834775805635095
bbob_f013_i80_d10,13,80,10,0,pass,10,313.3023105746753,351.4252414592747,351.4252414592747,313.3023105746753,313.3023105746753,184.33396287460224,57.52824468997937,1.4363414183049432,1.0078060335953714,0.9959287112045352,1.0272659277069387,0.28753604335509886,0.7805891833667323
bbob_f013_i80_d10,13,80,10,0,direct,10,313.3023105746753,,295.9028528178938,295.9028528178938,295.9028528178938,107.4896163046777,31.09650143570746,1.2192758848120049,0.9717863983195425,0.9865534834572418,1.0294307936052833,0.3803342483105609,0.8004008077282302
bbob_f013_i80_d10,13,80,10,0,inject,10,313.3023105746753,,295.9028528178938,295.9028528178938,295.9028528178938,242.17322525771928,131.46065880635373,1.2615365343748708,0.977172469605739,0.9865260468790539,1.0405594491680785,0.5291049529475976,0.8012702043256485
bbob_f013_i80_d10,13,80,10,1,pass,10,185.06740275323835,388.3662629750187,388.3662629750187,185.06740275323835,185.06740275323835,167.3310655747699,26.982065016616495,0.5919337145675222,0.900050702240602,0.9806915007066278,1.0392885378659502,0.25245382500987923,0.7929742368762076
bbob_f013_i80_d10,13,80,10,1,direct,10,185.06740275323835,,280.1990859379483,185.06740275323835,185.06740275323835,104.32033888991305,33.90545679474267,0.5795902405739649,0.9039923719463878,0.9766057497094983,1.0124108354640677,0.2756693817238603,0.8022700557623608
bbob_f013_i80_d10,13,80,10,1,inject,10,185.06740275323835,,280.1990859379483,185.06740275323835,185.06740275323835,109.33368875521933,25.253124185303413,0.5795902405739649,0.9039923719463878,0.9793824716464025,1.0522290495829882,0.2428577286350417,0.7914329683064515
bbob_f013_i80_d10,13,80,10,2,pass,10,357.553211443089,517.0039256783368,517.0039256783368,357.553211443089,357.553211443089,178.84116443960937,61.27416046125811,1.597518153830202,0.9751711945219926,0.9864858155966882,0.9389007212359768,0.33230736983074266,0.7649838785008047
bbob_f013_i80_d10,13,80,10,2,direct,10,357.553211443089,,409.7632198548836,357.553211443089,357.553211443089,190.81407744424297,47.43429897635718,1.444071016708359,0.9833921719494216,0.9860645422500652,0.9387060435149126,0.2541891414356488,0.7279817515654742
bbob_f013_i80_d10,13,80,10,2,inject,10,357.553211443089,,409.7632198548836,357.553211443089,357.553211443089,219.47199079256868,24.942464897352117,1.4444990562682163,0.9851765930650117,0.9865013144754066,0.9405022848686178,0.3190709644374727,0.7799854109427918
bbob_f013_i80_d10,13,80,10,3,pass,10,253.11945809201578,378.66128844751654,378.66128844751654,253.11945809201578,244.92242606444282,143.128806669695,19.36502109412917,0.9914399013803029,0.8784968779122998,0.9806661284240977,1.0046133175200127,0.20216719312602544,0.7417501898260249
bbob_f013_i80_d10,13,80,10,3,direct,10,253.11945809201578,,227.63181047057006,227.63181047057006,227.63181047057006,172.12918682660535,-16.950728982133022,0.8470454061419364,0.8738358718915079,0.9760157763399803,0.9955741034014954,0.20964938217337217,0.7590621554065342
bbob_f013_i80_d10,13,80,10,3,inject,10,253.11945809201578,,227.63181047057006,227.63181047057006,227.63181047057006,155.5853294523747,41.298085357872715,1.254852850132922,0.9050061447709059,0.9797950956777598,0.9959519344637454,0.23785620919303793,0.7489930434828203
bbob_f014_i79_d10,14,79,10,0,pass,10,29.41027585527747,30.869705606026667,30.869705606026667,29.41027585527747,29.41027585527747,29.219018893695864,28.321094271352997,1.298980432904681,0.9621519890585816,0.9905472529862517,1.0491974870265228,0.32292190037128754,0.7194739905215026
bbob_f014_i79_d10,14,79,10,0,direct,10,29.41027585527747,,30.08787520235301,29.41027585527747,29.41027585527747,28.780461522739827,28.34310701613361,1.1847159749756178,0.9515237431558154,0.9880171432989769,1.07338720557949,0.27694658005982536,0.7151974988202745
bbob_f014_i79_d10,14,79,10,0,inject,10,29.41027585527747,,30.08787520235301,29.41027585527747,29.41027585527747,29.112607128160636,28.248952308476934,1.1505811743456422,0.948141830472847,0.9878352416435704,1.0534243017953364,0.2918900651498009,0.7013447235294059
bbob_f014_i79_d10,14,79,10,1,pass,10,29.090075455824135,29.92090104446537,29.92090104446537,29.090075455824135,29.001044316218774,29.001044316218774,28.3139330378096,0.5854401810723857,0.8659642424223473,0.9777631804652095,1.0713119200656824,0.2993396027754466,0.734722674597839
bbob_f014_i79_d10,14,79,10,1,direct,10,29.090075455824135,,29.270394573579903,29.090075455824135,29.001044316218774,28.432912688538536,28.366669081609317,0.539947858363213,0.8431412651716974,0.9751825291629045,1.0856374728782618,0.3540921940693471,0.7423902181160504
bbob_f014_i79_d10,14,79,10,1,inject,10,29.090075455824135,,29.270394573579903,29.090075455824135,29.001044316218774,29.001044316218774,28.379312075745315,0.5587972747888748,0.8632583772784349,0.9743827522004443,1.0721781553053116,0.32321396931667196,0.7302477485216462
bbob_f014_i79_d10,14,79,10,2,pass,10,29.8799824344569,30.216043365468913,30.216043365468913,29.8799824344569,29.373507397469346,29.313111978071735,28.362141980464845,1.3578596798932032,1.01645063297814,0.9896527388242463,0.9868168730178516,0.30679607803023856,0.7204849396063067
bbob_f014_i79_d10,14,79,10,2,direct,10,29.8799824344569,,29.530324435631872,29.530324435631872,29.373507397469346,29.257109095909712,28.23550786795084,1.2566829393645573,1.0115326562107851,0.9858737412664795,0.9882877325469683,0.21074304994718887,0.6782900815113938
bbob_f014_i79_d10,14,79,10,2,inject,10,29.8799824344569,,29.530324435631872,29.530324435631872,29.373507397469346,29.26312978009013,28.30034082427029,1.2583960558051197,1.0128192472324713,0.9879942867708057,1.0008219489480195,0.3064191288536885,0.7077575205812168
bbob_f014_i79_d10,14,79,10,3,pass,10,29.943598530608167,30.318061617201494,30.318061617201494,29.943598530608167,29.943598530608167,29.038631211702203,28.337314402835347,1.338935005737375,0.930787329239215,0.985466014979616,1.0120535325634517,0.25482365701439763,0.7411259817673691
bbob_f014_i79_d10,14,79,10,3,direct,10,29.943598530608167,,29.408462847201665,29.408462847201665,29.408462847201665,28.897233100848858,28.323241626731566,0.8312911418118908,0.8919232963467839,0.9758613429748048,1.01074809283553,0.21202839627402986,0.6967103595297632
bbob_f014_i79_d10,14,79,10,3,inject,10,29.943598530608167,,29.408462847201665,29.408462847201665,29.408462847201665,29.382897369574717,28.254093107642163,1.2973604971367245,0.9448017540995376,0.981521251704528,1.0239850687772807,0.22880109050136174,0.7105569715810683
bbob_f014_i80_d10,14,80,10,0,pass,10,-98.5238059365432,-97.24300605310921,-97.24300605310921,-98.5238059365432,-98.5238059365432,-99.04119387934075,-99.19524390176439,0.9939432217664668,0.9032979461263811,0.9867732687645674,1.036043665293093,0.24669674761613722,0.7058675307316646
bbob_f014_i80_d10,14,80,10,0,direct,10,-98.5238059365432,,-98.23405462321324,-98.5238059365432,-98.5238059365432,-99.06196737478818,-99.1858977337894,0.8189303923241558,0.8889072417953735,0.9802363268380657,1.04947335212896,0.26063560038425687,0.7027728401846464
bbob_f014_i80_d10,14,80,10,0,inject,10,-98.5238059365432,,-98.23405462321324,-98.5238059365432,-98.5238059365432,-98.62632323451,-99.1595817598949,0.6211458453759743,0.8787700850461283,0.9801400564556163,1.0395396389842975,0.18712944607829846,0.6887939905606228
bbob_f014_i80_d10,14,80,10,1,pass,10,-98.08286735019345,-97.86397173506411,-97.86397173506411,-98.08286735019345,-98.08286735019345,-98.46664517036824,-99.12627475036382,1.2015847504375206,0.9564083385117198,0.9841568615487996,0.9988896218408538,0.2830965542819616,0.7316994835476347
bbob_f014_i80_d10,14,80,10,1,direct,10,-98.08286735019345,,-97.86649859042942,-98.08286735019345,-98.08286735019345,-98.378276761434,-99.1190453206833,1.0623396716995182,0.9425648910162033,0.9833326652835288,1.0107262194033133,0.2275469089186976,0.7168606684754043
bbob_f014_i80_d10,14,80,10,1,inject,10,-98.08286735019345,,-97.86649859042942,-98.08286735019345,-98.08286735019345,-98.38494366269823,-98.91254755282222,1.146246775158781,0.9699808271600963,0.9854272447300673,1.0156315691016828,0.338776834021097,0.7270307758776421
bbob_f014_i80_d10,14,80,10,2,pass,10,-94.85736155758175,-93.8098771484848,-93.8098771484848,-94.85736155758175,-95.05416881109578,-96.88680401934734,-98.67610052151672,0.8732696078608043,0.9326670184189729,0.9745410386611362,0.9570438467004388,0.4972937630739373,0.7941390332464233
bbob_f014_i80_d10,14,80,10,2,direct,10,-94.85736155758175,,-95.00064768039056,-95.00064768039056,-95.05416881109578,-97.56234835699084,-98.82939418201184,0.6420557027957526,0.922630656359654,0.9717911590498965,0.9636968708094222,0.5194722770462138,0.7495178019296208
bbob_f014_i80_d10,14,80,10,2,inject,10,-94.85736155758175,,-95.00064768039056,-95.00064768039056,-95.05416881109578,-97.40426425695563,-98.90794725695274,0.6420557027957526,0.922630656359654,0.9713004309703717,0.9585970545738709,0.469480448431608,0.7508129230391513
bbob_f014_i80_d10,14,80,10,3,pass,10,-97.20965192926757,-96.44336532904597,-96.44336532904597,-97.20965192926757,-97.87656533428589,-98.28739099436477,-99.15336413806988,1.190264719419151,0.9037843258171344,0.9857913106868323,1.008189866998413,0.21678789938350101,0.6905970669847965
bbob_f014_i80_d10,14,80,10,3,direct,10,-97.20965192926757,,-97.26653128386187,-97.26653128386187,-97.87656533428589,-98.69729765099407,-99.07683618071816,1.178610699087766,0.896881197474159,0.9819479037394179,1.0106359375520582,0.29453349482157115,0.7297405715413886
bbob_f014_i80_d10,14,80,10,3,inject,10,-97.20965192926757,,-97.26653128386187,-97.26653128386187,-97.87656533428589,-98.69348529445642,-99.13487768319268,1.1572594644230336,0.8920290696597596,0.9813590089922015,1.0113795540527164,0.2859787358352618,0.7292778137873631
bbob_f015_i79_d10,15,79,10,0,pass,10,-284.18373007936134,-206.78061781671295,-206.78061781671295,-284.18373007936134,-289.2275772636665,-297.11057169109324,-298.5042595277921,1.2893188524816983,0.9641286718217461,0.9909762023379727,1.0198099802976182,0.8917760087567348,0.9646720072706021
bbob_f015_i79_d10,15,79,10,0,direct,10,-284.18373007936134,,-267.0678380659016,-284.18373007936134,-289.2275772636665,-302.42557670745924,-302.42557670745924,1.195305263232109,0.9542146058680762,0.9876982919811024,1.0436881632810258,0.6007501971633936,0.8291220899446843
bbob_f015_i79_d10,15,79,10,0,inject,10,-284.18373007936134,,-267.0678380659016,-284.18373007936134,-289.2275772636665,-300.8893223180962,-300.8893223180962,1.195305263232109,0.9542146058680762,0.9894584758272651,1.0448047036814028,0.49795407311348716,0.8869548922442401
bbob_f015_i79_d10,15,79,10,1,pass,10,-272.3862951772038,-259.73996634310276,-259.73996634310276,-272.3862951772038,-272.3862951772038,-278.79329942955303,-293.7099990301745,0.9384958743074229,1.0132988458795544,0.9913824368675124,1.0530382528631737,0.4948514700667306,0.8890416656606295
bbob_f015_i79_d10,15,79,10,1,direct,10,-272.3862951772038,,-253.06725857004147,-272.3862951772038,-272.3862951772038,-285.08190852899713,-307.9261147512142,0.9947133487317847,0.9981307831095932,0.9908976835493635,1.0560995220714298,0.7370521474338159,1.0004057486954459
bbob_f015_i79_d10,15,79,10,1,inject,10,-272.3862951772038,,-253.0672585700415,-272.3862951772038,-272.3862951772038,-302.4538603873423,-302.4538603873423,1.0018640427476913,1.0203666906079538,0.9907245102951782,1.0486561188820924,0.6234788898735469,0.9612720824179303
bbob_f015_i79_d10,15,79,10,2,pass,10,-244.415925582577,-249.21284433384972,-249.21284433384972,-249.21284433384972,-249.21284433384972,-249.21284433384972,-288.14979570650246,1.2200908616830788,0.9223316875513771,0.9884974361066389,1.005643815917731,0.6718835881059527,0.8914543545034709
bbob_f015_i79_d10,15,79,10,2,direct,10,-244.415925582577,,-205.24365811819914,-244.415925582577,-245.18930769961608,-251.02676028093074,-282.4161335069127,1.3719914443232044,0.9427512414547133,0.9889470382178172,1.0211706153912088,0.8074864651031294,0.898718303223196
bbob_f015_i79_d10,15,79,10,2,inject,10,-244.415925582577,,-205.24365811819914,-244.415925582577,-249.21284433384972,-280.8927591776572,-280.8927591776572,1.0680063591197253,0.9014036268333995,0.9850559280349659,1.0084949657126605,0.9529221974046879,1.0354061079136703
bbob_f015_i79_d10,15,79,10,3,pass,10,-304.27145993337683,-247.8720772338766,-247.8720772338766,-304.27145993337683,-304.27145993337683,-304.27145993337683,-304.27145993337683,1.088928748547742,0.8992260604454615,0.985793163930272,0.9714381620821275,0.4013439274227572,0.8951776164809646
bbob_f015_i79_d10,15,79,10,3,direct,10,-304.27145993337683,,-243.9863067623931,-304.27145993337683,-304.27145993337683,-304.27145993337683,-310.3552988516848,1.0898977773585825,0.9094855212054865,0.9849239371080709,0.9626383916549571,0.5723032435276333,0.8930263997642081
bbob_f015_i79_d10,15,79,10,3,inject,10,-304.27145993337683,,-243.9863067623931,-304.27145993337683,-304.27145993337683,-304.27145993337683,-310.0168776060275,1.088928748547742,0.8992260604454615,0.9853537291339957,0.9728362782881513,0.5971801546886042,0.8886147218102618
bbob_f015_i80_d10,15,80,10,0,pass,10,251.06307101867117,295.00861800644986,295.00861800644986,251.06307101867117,251.06307101867117,240.8171600579722,198.60896644875672,1.5492478016726021,0.9729856973957652,0.9947543995477377,1.0730432258759115,0.5398500713342497,0.8525316072947139
bbob_f015_i80_d10,15,80,10,0,direct,10,251.06307101867117,,281.612025665496,251.06307101867117,251.06307101867117,239.8010572909186,237.13062779464536,1.4794895511091593,0.9704739157580962,0.9923113282148275,1.0661487937199536,0.5594911456603714,0.864268912769875
bbob_f015_i80_d10,15,80,10,0,inject,10,251.06307101867117,,281.612025665496,251.06307101867117,251.06307101867117,228.14218222910424,219.03112062559597,1.1077891506543585,0.9394171753935125,0.9869904282105949,1.0667308141219563,0.5349689660506013,0.8901171197211065
bbob_f015_i80_d10,15,80,10,1,pass,10,248.5836990760546,294.69623535191386,294.69623535191386,248.5836990760546,248.5836990760546,229.34340738434116,215.79613213499775,0.727586124794005,0.9450813100861896,0.9813787868305796,1.075886818577018,0.3418727712842526,0.8508426733618534
bbob_f015_i80_d10,15,80,10,1,direct,10,248.5836990760546,,308.8955201372617,248.5836990760546,248.5836990760546,221.15558549535217,199.21527518855345,0.7735600567064884,0.9434091666583022,0.9811940499886558,1.0749791739085375,0.4873395390097833,0.8622407333031626
bbob_f015_i80_d10,15,80,10,1,inject,10,248.5836990760546,,308.8955201372617,248.5836990760546,248.5836990760546,246.77876387385842,217.75682388464395,0.9862734377506241,0.9686953865903288,0.9815723419158314,1.0729709193397823,0.400716070843893,0.862508970435523
bbob_f015_i80_d10,15,80,10,2,pass,10,237.16514134618635,327.23893425734246,327.23893425734246,237.16514134618635,237.16514134618635,230.10879491837807,222.91345815454312,1.147751699315192,0.9830138763499396,0.9888420749650417,0.9998483690556049,0.6543023845417505,0.8667548109941385
bbob_f015_i80_d10,15,80,10,2,direct,10,237.16514134618635,,304.8326037405334,237.16514134618635,237.16514134618635,237.16514134618635,216.44020969845758,1.147751699315192,0.9830138763499396,0.9890296369193378,0.993095059767556,0.6084220452491365,0.8866459422193671
bbob_f015_i80_d10,15,80,10,2,inject,10,237.16514134618635,,304.8326037405334,237.16514134618635,237.16514134618635,224.1210656510441,224.1210656510441,1.19250425427416,0.9852175035914509,0.9890146735085601,1.0084537328165255,0.4962839965658745,0.8684297146528478
bbob_f015_i80_d10,15,80,10,3,pass,10,238.44565257707976,269.93219839496095,269.93219839496095,238.44565257707976,238.44565257707976,238.44565257707976,226.13523165936937,1.1790928641371123,0.997063789678266,0.9930821734401987,1.0106213487710631,0.7662778957578524,0.9026408303379345
bbob_f015_i80_d10,15,80,10,3,direct,10,238.44565257707976,,300.44964117741483,238.44565257707976,238.44565257707976,231.94535100790054,220.2520669662967,1.0293946001342282,0.9884034546816919,0.9918214849064687,1.0071133120205609,0.666600724000235,0.8411671881905609
bbob_f015_i80_d10,15,80,10,3,inject,10,238.44565257707976,,300.44964117741483,238.44565257707976,238.44565257707976,229.18430975657407,221.2899844830079,1.1790928641371123,0.997063789678266,0.9932399153469395,1.0134504344074202,0.7312275623945425,0.8665676510550132
bbob_f016_i79_d10,16,79,10,0,pass,10,138.24816013273417,209.50813433633687,209.50813433633687,138.24816013273417,134.14579083013047,134.14579083013047,134.14579083013047,1.6453839946294733,0.9180520879430383,0.9890797391595207,1.0153444102308202,1.1404907670778472,0.9392922438450724
bbob_f016_i79_d10,16,79,10,0,direct,10,138.24816013273417,,204.19797134704996,138.24816013273417,134.14579083013047,134.14579083013047,123.99771069882937,1.6437710930168163,0.9184057281339596,0.9890268130073386,1.0151511493623782,0.3072617622571389,0.7724585288893822
bbob_f016_i79_d10,16,79,10,0,inject,10,138.24816013273417,,204.19797134704996,138.24816013273417,134.14579083013047,134.14579083013047,122.70638808076875,1.6706663416980025,0.9251887473204498,0.989246090107626,1.0138864811037396,0.49246777251058954,0.7928789195577821
bbob_f016_i79_d10,16,79,10,1,pass,10,133.93250605057872,216.90085259405313,216.90085259405313,133.93250605057872,133.93250605057872,133.93250605057872,132.00079360883626,1.78589071812469,0.9764716915971229,0.9930912156207646,1.1117285661115655,0.9243663229363889,1.0073609128856003
bbob_f016_i79_d10,16,79,10,1,direct,10,133.93250605057872,,205.2941539528757,133.93250605057872,133.93250605057872,133.93250605057872,133.93250605057872,1.78589071812469,0.9764716915971229,0.9942169579389193,1.1221001342739414,0.8654970566145994,0.9805675509969866
bbob_f016_i79_d10,16,79,10,1,inject,10,133.93250605057872,,205.2941539528757,133.93250605057872,133.93250605057872,133.93250605057872,130.97615124111766,1.7981859006082428,0.9793851255605682,0.9923318560395497,1.0846889687549652,0.8395174590187016,0.9321016112413166
bbob_f016_i79_d10,16,79,10,2,pass,10,143.80470761150383,158.561398452388,158.561398452388,143.80470761150383,143.80470761150383,143.80470761150383,128.83547932653468,2.2742349896215677,1.0035521066710524,1.000114600418578,1.1070185146138345,1.0193972024797782,0.9681945627454207
bbob_f016_i79_d10,16,79,10,2,direct,10,143.80470761150383,,208.34497545605112,143.80470761150383,143.80470761150383,143.80470761150383,132.46954286027005,2.590069912181634,1.0197600554803559,1.0003961095897635,1.1411646197229484,0.757370786141607,0.8842206581829398
bbob_f016_i79_d10,16,79,10,2,inject,10,143.80470761150383,,208.3449754560572,143.80470761150383,143.80470761150383,143.80470761150383,137.7672524943195,2.0584064063907515,0.9867842579525196,0.9962796443778543,1.0924650694652758,0.5189632173849007,0.8584610026745763
bbob_f016_i79_d10,16,79,10,3,pass,10,135.96703365759438,233.25931364946018,233.25931364946018,135.96703365759438,122.84234610701368,122.84234610701368,122.84234610701368,1.3450064127587247,0.9093663788586928,0.9809901729681215,0.9716349452656343,1.1121053469034965,0.9844071186268091
bbob_f016_i79_d10,16,79,10,3,direct,10,135.96703365759438,,177.34374700054863,135.96703365759438,122.84234610701368,122.84234610701368,120.883590215455,1.137846954670716,0.9076570710995854,0.9805348054044377,0.9836024858150455,0.3752881519768156,0.8171761974434768
bbob_f016_i79_d10,16,79,10,3,inject,10,135.96703365759438,,177.34374700054497,135.96703365759438,122.84234610701368,122.84234610701368,122.84234610701368,1.137846954670716,0.9076570710995854,0.9796348631745208,0.972737744538193,0.7384496207857807,0.9019559801080418
bbob_f016_i80_d10,16,80,10,0,pass,10,-517.5656386878701,-325.56939214420805,-325.56939214420805,-517.5656386878701,-517.5656386878701,-517.5656386878701,-521.698758670997,1.5707407070223505,0.9433534706383463,0.9873896717330801,0.9824458184974459,0.823467849171285,0.9402859179094766
bbob_f016_i80_d10,16,80,10,0,direct,10,-517.5656386878701,,-419.5564032321159,-517.5656386878701,-517.5656386878701,-519.0840157358753,-524.9047698261493,1.5707407070223505,0.9433534706383463,0.9870494049993526,0.983484642111199,0.5859808670446204,0.8834367283245809
bbob_f016_i80_d10,16,80,10,0,inject,10,-517.5656386878701,,-419.5564032321159,-517.5656386878701,-517.5656386878701,-517.5656386878701,-527.4473120134356,1.5577140061497097,0.931756921404386,0.986423740223817,0.9839326488880995,0.40640260912173964,0.8012465787467801
bbob_f016_i80_d10,16,80,10,1,pass,10,-517.2473677748501,-510.33958796391886,-510.33958796391886,-517.2473677748501,-517.2473677748501,-517.2473677748501,-517.2473677748501,2.5046046500974173,0.9486855759918594,0.985131509970136,1.1066608671559675,0.5144801973721633,0.8777014437537934
bbob_f016_i80_d10,16,80,10,1,direct,10,-517.2473677748501,,-512.6840815376898,-517.2473677748501,-517.2473677748501,-517.2473677748501,-528.0948865056619,1.987753758635201,0.9365500931522918,0.9836950909563338,1.1154768928196546,0.5568962828726948,0.8899088118613602
bbob_f016_i80_d10,16,80,10,1,inject,10,-517.2473677748501,,-512.6840815376898,-517.2473677748501,-517.2473677748501,-517.2473677748501,-517.2869980205262,2.127919710720064,0.9636289694092476,0.9839131828303326,1.12495795169098,0.5558766333459059,0.8643889581373607
bbob_f016_i80_d10,16,80,10,2,pass,10,-528.859823435551,-457.0984054750544,-457.0984054750544,-528.859823435551,-528.859823435551,-528.859823435551,-528.859823435551,2.7979711019922195,1.1497090298045782,1.0415613930431487,1.3815012955363444,0.6864041486655771,0.8800751337305578
bbob_f016_i80_d10,16,80,10,2,direct,10,-528.859823435551,,-487.19703187696587,-528.859823435551,-528.859823435551,-528.859823435551,-528.859823435551,2.9111351211948016,1.15819377008114,1.0153526301155438,1.1993290432915187,0.8317553900864473,0.9443121946537201
bbob_f016_i80_d10,16,80,10,2,inject,10,-528.859823435551,,-487.19703187696587,-528.859823435551,-528.859823435551,-528.859823435551,-528.859823435551,2.9111351211948016,1.15819377008114,1.0147601264708026,1.1978775696450386,1.4620727720955369,1.0377089073007895
bbob_f016_i80_d10,16,80,10,3,pass,10,-519.694222670827,-446.5975021130639,-446.5975021130639,-519.694222670827,-519.694222670827,-524.3560930225784,-524.3560930225784,1.872944085306437,1.0010298522586993,0.9986392387268007,0.9913458573892413,0.4129242144995939,0.8580784006785587
bbob_f016_i80_d10,16,80,10,3,direct,10,-519.694222670827,,-431.4499103681342,-519.694222670827,-519.694222670827,-523.758395111404,-523.758395111404,1.872944085306437,1.0010298522586993,0.9986739007265835,0.9810573876558557,1.0619892363171028,0.9348897860391441
bbob_f016_i80_d10,16,80,10,3,inject,10,-519.694222670827,,-431.4499103681391,-519.694222670827,-519.694222670827,-525.2012544128092,-525.2012544128092,2.11186309479209,1.022650263486014,1.0025162519165562,0.9567160628688918,1.3808699086483722,1.045936974257818
bbob_f017_i79_d10,17,79,10,0,pass,10,734.9818051349889,736.5969263724757,736.5969263724757,734.9818051349889,734.8044618034851,734.0131822291829,733.019868003507,0.8314165944101896,0.9517690163182656,0.9884967132168647,1.035377112068058,0.34419051673937634,0.7793691340867113
bbob_f017_i79_d10,17,79,10,0,direct,10,734.9818051349889,,737.5463113913898,734.9818051349889,734.8044618034851,734.311294272956,733.2181106781783,0.8549876165899652,0.9541449047786564,0.9893727284582908,1.0178590656646351,0.4580729682402933,0.8125349874587902
bbob_f017_i79_d10,17,79,10,0,inject,10,734.9818051349889,,737.5463113913898,734.9818051349889,734.8044618034851,734.0342954865935,733.1863539243874,0.8314165944101896,0.9517690163182656,0.9885100293124658,1.025644240652174,0.36686769352710374,0.7938263207208989
bbob_f017_i79_d10,17,79,10,1,pass,10,734.828052946865,736.20894861967,736.20894861967,734.828052946865,734.8065449274844,734.3735492904843,733.1552719294116,1.263866985202095,1.0069111843970409,0.9930145819409735,1.0196390698874898,0.3835581331162006,0.808660598866807
bbob_f017_i79_d10,17,79,10,1,direct,10,734.828052946865,,735.1115284760971,734.828052946865,734.8065449274844,733.9933946131689,733.2007950573495,1.2798988483055305,0.9988397791118394,0.991119356735203,1.0246374315689186,0.40912490274131835,0.7787718346235565
bbob_f017_i79_d10,17,79,10,1,inject,10,734.828052946865,,735.1115284760971,734.828052946865,734.8065449274844,734.4675707031739,733.1758085291272,1.283269428286444,0.9976887465802194,0.9900772466304385,1.0438261895508014,0.406342744153541,0.7986564188822257
bbob_f017_i79_d10,17,79,10,2,pass,10,734.8684361626514,737.7486122623285,737.7486122623285,734.8684361626514,734.8684361626514,734.181349372839,733.1385265492925,1.5718785049116135,0.8691573328149864,0.985097334340392,1.0213161410135454,0.19081423578796905,0.7616803757988546
bbob_f017_i79_d10,17,79,10,2,direct,10,734.8684361626514,,736.4331655447918,734.8684361626514,734.8684361626514,734.1344861939353,732.8514192710069,1.5718785049116135,0.8691573328149864,0.986328447677317,1.021967400247616,0.23287175098427706,0.7556973902644227
bbob_f017_i79_d10,17,79,10,2,inject,10,734.8684361626514,,736.4331655447918,734.8684361626514,734.8684361626514,734.0164343951883,732.8891998527315,1.3857524540688393,0.8760293611699336,0.985675400782804,1.0083217861322473,0.20407752199161217,0.7409497321854337
bbob_f017_i79_d10,17,79,10,3,pass,10,736.0064328563155,736.9897559222143,736.9897559222143,736.0064328563155,735.7888234331588,734.1671373657318,733.1275331024171,1.1539421087878288,0.9074107747491551,0.9867777360765076,1.0396750895012004,0.39286676089874084,0.7963503471049685
bbob_f017_i79_d10,17,79,10,3,direct,10,736.0064328563155,,736.6944798152654,736.0064328563155,735.7888234331588,734.7676516564887,733.4843985057305,1.1539421087878288,0.9074107747491551,0.9868008560041746,1.0398708572874513,0.4628731111647199,0.825608028606461
bbob_f017_i79_d10,17,79,10,3,inject,10,736.0064328563155,,736.6944798152654,736.0064328563155,735.7888234331588,734.9340476339726,733.1454149939515,1.1539421087878288,0.9074107747491551,0.986075853352374,1.040097195673566,0.33449544621960425,0.7796516536927204
bbob_f017_i80_d10,17,80,10,0,pass,10,37.563328047035576,37.92317433772786,37.92317433772786,37.563328047035576,37.21081174639931,36.68157641968693,36.20562434060286,1.3285280713902958,0.8995372439891467,0.9844521063538132,1.0212010039905537,0.25263318943508717,0.7616443069677614
bbob_f017_i80_d10,17,80,10,0,direct,10,37.563328047035576,,37.42882730036557,37.42882730036557,37.21081174639931,36.85688066987406,35.83819541370818,1.273098089915285,0.9017013578481307,0.9820584674373979,1.0174539745079914,0.2189247569301627,0.7333456348661915
bbob_f017_i80_d10,17,80,10,0,inject,10,37.563328047035576,,37.42882730036557,37.42882730036557,37.21081174639931,36.58667093687551,36.025077121663585,1.293638073739901,0.9015390101598125,0.9814013757208886,1.025794494706379,0.3535540646353042,0.7950094670137342
bbob_f017_i80_d10,17,80,10,1,pass,10,37.261207851337325,37.57070516597435,37.57070516597435,37.261207851337325,37.177369946270716,37.177369946270716,36.31780237223045,1.0077380799739644,0.9234187114721766,0.9795861997634236,1.0366489130801317,0.4536461391727527,0.8807355199700543
bbob_f017_i80_d10,17,80,10,1,direct,10,37.261207851337325,,38.14807228740758,37.261207851337325,37.177369946270716,37.15856501673325,36.36591828726341,0.9703937130982733,0.9224559353382045,0.9801285304120771,1.0384578302042378,0.3457460824259378,0.8039468977222731
bbob_f017_i80_d10,17,80,10,1,inject,10,37.261207851337325,,38.14807228740758,37.261207851337325,37.254384585396004,36.45508969402901,36.41918196869302,0.8593880501569198,0.9175695887905102,0.9772830484642127,1.011711747403566,0.48101172850122514,0.8216615236212583
bbob_f017_i80_d10,17,80,10,2,pass,10,38.266888389673184,41.9356731277802,41.9356731277802,38.266888389673184,38.266888389673184,37.549355384249154,36.29688551461757,1.0814761104398583,0.9739979415668987,0.9806736237006464,1.0096664061415703,0.2771515430673535,0.7411540910324994
bbob_f017_i80_d10,17,80,10,2,direct,10,38.266888389673184,,41.14721788526352,38.266888389673184,38.266888389673184,37.91350404625834,36.29523733453283,1.0814761104398583,0.9739979415668987,0.9815383980052621,1.0007578432536788,0.294397027771993,0.7789260903679666
bbob_f017_i80_d10,17,80,10,2,inject,10,38.266888389673184,,41.14721788526352,38.266888389673184,38.266888389673184,37.175454524953416,36.10600091722819,1.0814761104398583,0.9739979415668987,0.9807544675800749,1.007459905671568,0.30458061591470853,0.7823676039322361
bbob_f017_i80_d10,17,80,10,3,pass,10,37.98129956979362,39.945151655464585,39.945151655464585,37.98129956979362,37.98129956979362,36.72582100433289,36.10579650965551,0.797062731239689,0.8867431036488588,0.9806115465941072,1.0565647131080507,0.3439750190183901,0.7602040697036252
bbob_f017_i80_d10,17,80,10,3,direct,10,37.98129956979362,,38.193843190742484,37.98129956979362,37.98129956979362,36.881131191112,36.1509063435644,0.6942649243096235,0.8904578624497023,0.9743539593196779,1.0529793152001017,0.3781321434369328,0.7834490750050374
bbob_f017_i80_d10,17,80,10,3,inject,10,37.98129956979362,,38.193843190742484,37.98129956979362,37.98129956979362,37.571196061132504,36.74100653669479,0.785283079610812,0.8941914107188015,0.9758697873270706,1.0515289877417955,0.3151919213132455,0.7724646271070144
bbob_f018_i79_d10,18,79,10,0,pass,10,743.7917446278719,753.9908626338339,753.9908626338339,743.7917446278719,743.7917446278719,738.7184466888272,737.0656758660597,0.7471849325860785,0.9111928866802648,0.9886824821023527,1.0205455372179013,0.46130669954766085,0.8436144908899027
bbob_f018_i79_d10,18,79,10,0,direct,10,743.7917446278719,,744.0649328007111,743.7917446278719,743.7917446278719,740.1437649463453,737.4165623550851,0.44362768040255063,0.8948524942693812,0.981357069162508,1.0377977016754,0.8212769846891487,0.8819629026321959
bbob_f018_i79_d10,18,79,10,0,inject,10,743.7917446278719,,744.0649328007111,743.7917446278719,743.7917446278719,737.8582515958036,736.2414422485339,0.4431738982013255,0.8946855614432723,0.9809189283451355,1.0296587067950942,0.3306492919125823,0.7916768280813955
bbob_f018_i79_d10,18,79,10,1,pass,10,744.228970957135,748.1548343193265,748.1548343193265,744.228970957135,742.3601202345681,740.7740830783805,738.9725209537678,1.0211230672227247,0.9253632253579036,0.9781265754578751,1.0808534694239473,0.3546176180292885,0.8157163355249677
bbob_f018_i79_d10,18,79,10,1,direct,10,744.228970957135,,748.7888331163974,744.228970957135,742.3601202345681,739.6004281927848,737.6244744322613,1.1175698658097797,0.9365244128756367,0.9801821784288386,1.0897748461229628,0.45097139359996513,0.8467505281351269
bbob_f018_i79_d10,18,79,10,1,inject,10,744.228970957135,,748.7888331163974,744.228970957135,742.9066182963503,741.718905099727,737.1111129152929,0.7991058129907458,0.907424083203419,0.9753982263002668,1.0458947526096092,0.6751917280348417,0.8491388202984126
bbob_f018_i79_d10,18,79,10,2,pass,10,741.3425218924845,755.7179471475087,755.7179471475087,741.3425218924845,741.3425218924845,740.3827183012835,736.1402808242751,1.5015064475979136,0.9621226448647946,0.9954635159527253,1.0809471974080729,0.4811871286833436,0.8773625962569577
bbob_f018_i79_d10,18,79,10,2,direct,10,741.3425218924845,,754.5977719819718,741.3425218924845,741.3425218924845,739.7360811923323,735.9986823571173,1.5015064475979136,0.9621226448647946,0.9954380926742985,1.0858039664922206,0.28299147991286366,0.817140604101917
bbob_f018_i79_d10,18,79,10,2,inject,10,741.3425218924845,,754.5977719819718,741.3425218924845,741.3425218924845,740.8775751542012,738.552850456576,1.2915971810523097,0.9392492459186947,0.9935796893939548,1.0761426408753492,0.5067252558894793,0.8917712729917417
bbob_f018_i79_d10,18,79,10,3,pass,10,746.0723130737754,751.8136917694491,751.8136917694491,746.0723130737754,746.0723130737754,745.8497336743143,738.3512179324655,1.661340888964515,0.9193911513451059,0.9841288147771546,0.9966939096650255,0.24899813253095354,0.7819242782173611
bbob_f018_i79_d10,18,79,10,3,direct,10,746.0723130737754,,759.7684831065362,746.0723130737754,746.0723130737754,744.0090445320352,738.0620056397202,1.7506572514770502,0.9165248074862042,0.9877027296645059,0.9885763457053226,0.5492044313125796,0.9140326549536515
bbob_f018_i79_d10,18,79,10,3,inject,10,746.0723130737754,,759.7684831065362,746.0723130737754,746.0723130737754,746.0723130737754,740.65255298471,1.661340888964515,0.9193911513451059,0.9846442993440053,1.000153327614773,0.6879503173908244,0.8939494528885894
bbob_f018_i80_d10,18,80,10,0,pass,10,44.63675144317357,55.0760931607405,55.0760931607405,44.63675144317357,44.63675144317357,43.73596805004402,38.43952747101525,1.22671656609159,0.946092581177751,0.984234624541929,1.0496383224259807,0.4561303484434139,0.8306269545206622
bbob_f018_i80_d10,18,80,10,0,direct,10,44.63675144317357,,47.6820972673698,44.63675144317357,44.63675144317357,41.75032893350917,38.73178599383434,0.8603551378459108,0.9621704070618834,0.9821682027949322,1.0419593814103545,0.3398789973241083,0.7557345275070521
bbob_f018_i80_d10,18,80,10,0,inject,10,44.63675144317357,,47.682097267369784,44.63675144317357,44.63675144317357,44.63675144317357,38.456797285307275,0.954269642259946,0.9708480244274316,0.984132977505952,1.0618824857085185,0.29640126836900366,0.7898153663286255
bbob_f018_i80_d10,18,80,10,1,pass,10,43.21520000661562,56.205124166514125,56.205124166514125,43.21520000661562,43.21520000661562,43.21520000661562,38.08064995966546,0.7749981147196895,0.965171717137265,0.9917089888892073,1.1080658224544397,0.3299460528098453,0.7840356788536496
bbob_f018_i80_d10,18,80,10,1,direct,10,43.21520000661562,,46.955288164881836,43.21520000661562,43.21520000661562,42.8505955537542,39.41584662292373,0.835288043079245,0.9764149174159713,0.9898821768219412,1.0977109863283216,0.3743762947397765,0.8756696536028354
bbob_f018_i80_d10,18,80,10,1,inject,10,43.21520000661562,,46.955288164881836,43.21520000661562,43.21520000661562,43.21520000661562,38.30460788426343,1.0198500305666314,0.9833316033747443,0.9911355736081339,1.1305508845477052,0.4214937496704591,0.8329705270879338
bbob_f018_i80_d10,18,80,10,2,pass,10,42.740843509748586,60.498436721772094,60.498436721772094,42.740843509748586,42.740843509748586,42.740843509748586,38.87526099703224,1.5098452627680632,1.0199790266945958,0.9896848658554761,0.9280414820418063,0.36267612421138645,0.8239150471998323
bbob_f018_i80_d10,18,80,10,2,direct,10,42.740843509748586,,49.791733935226645,42.740843509748586,42.740843509748586,42.740843509748586,39.44453249010634,1.1721483571100244,1.001415250563436,0.9866287595895158,0.9360514903623446,0.28139735645192976,0.7694049167353509
bbob_f018_i80_d10,18,80,10,2,inject,10,42.740843509748586,,49.791733935226645,42.740843509748586,42.740843509748586,40.57539392750591,38.750003858446036,1.1721483571100244,1.001415250563436,0.9865941125325473,0.9359420890507529,0.5126736739606835,0.874684298924379
bbob_f018_i80_d10,18,80,10,3,pass,10,43.76789362236376,51.55829439573665,51.55829439573665,43.76789362236376,43.76789362236376,41.182928373630055,37.813268392076715,0.9972674388682848,0.9192212773246505,0.98757201269882,1.0796901074589298,0.3410292269062402,0.8396422669056843
bbob_f018_i80_d10,18,80,10,3,direct,10,43.76789362236376,,49.231964617285705,43.76789362236376,43.76789362236376,39.64389570213925,37.20108459370013,0.9443998386825343,0.920110506219532,0.9850251959838031,1.078392873942694,0.38344671359033705,0.7886830240354661
bbob_f018_i80_d10,18,80,10,3,inject,10,43.76789362236376,,49.231964617285705,43.76789362236376,43.76789362236376,40.34657496591805,37.429945861804484,1.0653414494809572,0.9283336291994391,0.9876309445729055,1.0798496998468166,0.24699292233525177,0.7936713083154661
bbob_f019_i79_d10,19,79,10,0,pass,10,34.859017439257556,40.86612433211434,40.86612433211434,34.859017439257556,34.859017439257556,34.859017439257556,34.16177149730659,1.998566572471778,0.9177525740505107,0.9861462594312412,1.042098138140025,0.4984179405200325,0.8287578119644291
bbob_f019_i79_d10,19,79,10,0,direct,10,34.859017439257556,,37.10945404841978,34.859017439257556,34.859017439257556,34.39384963744452,34.39384963744452,1.7406196168802384,0.9072109587372889,0.982089587149798,1.0428147272209307,0.35532726449420304,0.8539529027198559
bbob_f019_i79_d10,19,79,10,0,inject,10,34.859017439257556,,37.10945404841978,34.859017439257556,34.859017439257556,34.859017439257556,33.59028073262264,1.9642587569419956,0.9305135366371162,0.9841260011054128,1.0626133299806544,0.6012365247109177,0.8806686916031228
bbob_f019_i79_d10,19,79,10,1,pass,10,34.75108101344585,38.73060643633879,38.73060643633879,34.75108101344585,34.75108101344585,34.63291091996485,33.297113932285605,1.1991357880071982,1.0279813310531936,0.993896717330372,1.0049875142577158,0.6014193921135642,0.9043796283089002
bbob_f019_i79_d10,19,79,10,1,direct,10,34.75108101344585,,43.172686072273926,34.75108101344585,34.75108101344585,34.75108101344585,33.66744037010852,1.1910764703372523,1.0207972956092815,0.9953512436947337,0.9813654240600023,0.8635943324990861,0.9557788327160827
bbob_f019_i79_d10,19,79,10,1,inject,10,34.75108101344585,,43.172686072273926,34.75108101344585,34.75108101344585,34.493906613480235,31.00968744938458,1.1991357880071982,1.0279813310531936,0.9935592117158596,1.0193252801360666,0.8432629500891259,0.9724828038018266
bbob_f019_i79_d10,19,79,10,2,pass,10,34.7812103843737,45.827028882698905,45.827028882698905,34.7812103843737,34.7812103843737,34.7812103843737,34.28165726511073,1.6243019954016584,1.0296443488092204,1.000936771309404,1.063438225261372,0.77124381207042,0.9030762088997285
bbob_f019_i79_d10,19,79,10,2,direct,10,34.7812103843737,,42.24686853258759,34.7812103843737,34.7812103843737,34.67161611544688,32.78840188419492,1.6243019954016584,1.0296443488092204,1.0024266159133715,1.0536456264726326,0.45322115837224175,0.8493977756628462
bbob_f019_i79_d10,19,79,10,2,inject,10,34.7812103843737,,42.24686853258759,34.7812103843737,34.7812103843737,34.422374854608265,34.422374854608265,1.7242570260280015,1.0344567286291197,1.0021116982050726,1.0956145476582497,0.9073843536097239,0.9508347911150856
bbob_f019_i79_d10,19,79,10,3,pass,10,32.85766614588099,42.364547888920185,42.364547888920185,32.85766614588099,32.85766614588099,32.85766614588099,32.10475449505968,0.9060327378980696,1.0045564753883391,0.9963379913199149,0.9954779581584537,0.7905126034225035,0.9046652936350852
bbob_f019_i79_d10,19,79,10,3,direct,10,32.85766614588099,,34.21175932369675,32.85766614588099,32.85766614588099,32.85766614588099,32.85766614588099,0.7937352745285265,1.009002613649785,0.9942860321590863,1.0345762201548963,0.8688402350592201,0.9692198363619459
bbob_f019_i79_d10,19,79,10,3,inject,10,32.85766614588099,,34.21175932369684,32.85766614588099,32.85766614588099,32.85766614588099,32.85766614588099,0.7937352745285265,1.009002613649785,0.9920529823215299,1.0292711076348315,1.1000258292671803,0.966929951236745
bbob_f019_i80_d10,19,80,10,0,pass,10,41.5657783798344,44.3109919239308,44.3109919239308,41.5657783798344,41.5657783798344,41.5657783798344,40.11178628796955,1.0656078451744335,0.9264677224662845,0.9900067480603391,1.0386871999478329,0.7917347773881471,0.8888518701245702
bbob_f019_i80_d10,19,80,10,0,direct,10,41.5657783798344,,44.00685707450717,41.5657783798344,41.5657783798344,40.207399613496676,39.852899151381735,1.0266218718807318,0.9271538381592586,0.9885125822595975,1.0372525115869262,0.7697077542263095,0.8900821906128016
bbob_f019_i80_d10,19,80,10,0,inject,10,41.5657783798344,,44.00685707450735,41.5657783798344,41.5657783798344,41.5657783798344,39.06141439810425,1.0490213559606614,0.9263668693869348,0.9885652245641556,1.040925541975684,0.5959493387393996,0.9050725155677752
bbob_f019_i80_d10,19,80,10,1,pass,10,39.453494204348715,41.482546412696145,41.482546412696145,39.453494204348715,39.453494204348715,39.453494204348715,39.453494204348715,1.1243147430946032,0.9562271250512655,0.9808021058585454,1.0225222659089348,0.8416238669375049,0.9157823411231086
bbob_f019_i80_d10,19,80,10,1,direct,10,39.453494204348715,,42.14359399415218,39.453494204348715,39.453494204348715,39.453494204348715,39.453494204348715,1.041442707064852,0.9502329702975562,0.9793109907547864,1.0369419934099777,0.860665826315993,0.910468855649932
bbob_f019_i80_d10,19,80,10,1,inject,10,39.453494204348715,,42.14359399415218,39.453494204348715,39.453494204348715,39.453494204348715,39.453494204348715,1.288901996879587,0.968837649258754,0.9805574181048016,1.0479463429511788,0.555854144657907,0.8648075168073328
bbob_f019_i80_d10,19,80,10,2,pass,10,43.821949861040984,41.71015945538235,41.71015945538235,41.71015945538235,41.59251016268402,41.59251016268402,40.106843553114246,1.773849933389024,0.9722756531748658,0.9970653270802081,0.9885185555488798,1.2730588121724484,0.905113389409097
bbob_f019_i80_d10,19,80,10,2,direct,10,43.821949861040984,,47.77295967635956,43.821949861040984,41.59251016268402,41.59251016268402,38.96239757596011,2.1507959408953483,1.027285557326097,1.0066825545772426,0.9706608270509528,0.49738348594596044,0.8914424964484816
bbob_f019_i80_d10,19,80,10,2,inject,10,43.821949861040984,,47.77295967635956,43.821949861040984,41.71015945538235,41.71015945538235,40.51290178186566,1.7170110204573408,0.966047007908559,0.9982944467308985,0.9832710916843475,0.754681070732802,0.9208155618592798
bbob_f019_i80_d10,19,80,10,3,pass,10,42.48340681543052,44.405292621156974,44.405292621156974,42.48340681543052,42.48340681543052,40.84485580131746,40.62380851810823,1.4450983890788371,0.9283549818564045,0.9863531235358056,0.9918379300281943,0.340734853771314,0.8502979537324199
bbob_f019_i80_d10,19,80,10,3,direct,10,42.48340681543052,,43.82146020930772,42.48340681543052,42.48340681543052,42.48340681543052,39.66558857514896,1.0132415617274657,0.9090459158175285,0.975576806193248,0.9859954062907547,0.8856605745900942,0.9620378225984472
bbob_f019_i80_d10,19,80,10,3,inject,10,42.48340681543052,,43.82146020930772,42.48340681543052,42.48340681543052,42.20209647083475,40.4467560798889,1.3039038999463588,0.9202081288963417,0.9781689262444921,0.9924104945662363,0.5063937974831498,0.8576414721117434
bbob_f020_i79_d10,20,79,10,0,pass,10,-385.1561213315819,-336.5625294966554,-336.5625294966554,-385.1561213315819,-385.1561213315819,-385.7786687586937,-386.20972977205173,1.0624628131484852,0.9453381257626563,0.9892649250623115,1.033486975549099,0.5526487377855229,0.8666195147375229
bbob_f020_i79_d10,20,79,10,0,direct,10,-385.1561213315819,,-385.88775816365364,-385.88775816365364,-385.88775816365364,-385.88775816365364,-386.1527142954887,0.8025835342866477,0.9309266551363109,0.9818606968859661,1.0354649269358305,0.5863045072288506,0.8377438243882225
bbob_f020_i79_d10,20,79,10,0,inject,10,-385.1561213315819,,-385.88775816365364,-385.88775816365364,-385.88775816365364,-385.88775816365364,-386.13800798192267,0.9607209801022504,0.9360747400630639,0.9816628758737486,1.030830444586641,0.6048933176392746,0.9005204668394283
bbob_f020_i79_d10,20,79,10,1,pass,10,-385.48771201248854,-183.9741698227792,-183.9741698227792,-385.48771201248854,-385.48771201248854,-385.56878446295883,-386.5096528825805,0.8505687687040518,0.9487233129307728,0.990601823932711,1.0385798716021402,0.47507020617981816,0.8699448261305457
bbob_f020_i79_d10,20,79,10,1,direct,10,-385.48771201248854,,-384.3809369101326,-385.48771201248854,-385.48771201248854,-385.6930100862261,-385.93344266191343,0.8915800871090904,0.9526114194452043,0.9882707348778245,1.0304726725666664,0.5878552641688056,0.9391436287779246
bbob_f020_i79_d10,20,79,10,1,inject,10,-385.48771201248854,,-384.3809369101326,-385.48771201248854,-385.48771201248854,-386.13223662579384,-386.44605403301705,0.8915800871090904,0.9526114194452043,0.9899759733186475,1.0671750221547807,0.45021584148264243,0.8596601669538285
bbob_f020_i79_d10,20,79,10,2,pass,10,-386.2279583892371,-364.7228406698668,-364.7228406698668,-386.2279583892371,-386.2279583892371,-386.2279583892371,-386.2279583892371,1.1114712545834293,0.9341183777204054,0.9895637806008091,1.007384476755214,0.634269204587217,0.8303659703668871
bbob_f020_i79_d10,20,79,10,2,direct,10,-386.2279583892371,,-384.5729397522259,-386.2279583892371,-386.2279583892371,-386.2279583892371,-386.4769856433753,1.0609068549858254,0.9451323837230784,0.9881682189404194,1.0215546342655948,0.3386332220016562,0.8239745344600303
bbob_f020_i79_d10,20,79,10,2,inject,10,-386.2279583892371,,-384.5729397522259,-386.2279583892371,-386.2279583892371,-386.2279583892371,-386.2279583892371,0.8683697662916056,0.9177290692662938,0.9805191146430134,1.0031890504190233,0.6963776071867083,0.8737114038366216
bbob_f020_i79_d10,20,79,10,3,pass,10,-385.9255306960205,1716.0593701338287,1716.0593701338287,-385.9255306960205,-385.9255306960205,-386.392191626089,-386.5560184918273,0.8097941650052002,0.908053212244689,0.9800842175064258,1.0411285621755295,0.5068982519639218,0.9040116759243336
bbob_f020_i79_d10,20,79,10,3,direct,10,-385.9255306960205,,-5.106323415935094,-385.9255306960205,-385.9255306960205,-385.9255306960205,-386.3055796615732,0.8097941650052002,0.908053212244689,0.9799356155547091,1.0420700146491813,0.37617872663428725,0.7929605126599549
bbob_f020_i79_d10,20,79,10,3,inject,10,-385.9255306960205,,-5.106323415935094,-385.9255306960205,-385.9255306960205,-385.9255306960205,-386.32641329055093,1.0620384978708086,0.9345185742702585,0.9839424103856261,1.0371784981451362,0.39900217744443583,0.8226184874997144
bbob_f020_i80_d10,20,80,10,0,pass,10,-141.62410989201666,-141.51500924117917,-141.51500924117917,-141.62410989201666,-142.24350756776582,-142.24350756776582,-142.80447347581227,0.7793666342422795,0.9363245086919045,0.9974606766020333,1.0562168894338126,0.4878922746175871,0.8992041663095276
bbob_f020_i80_d10,20,80,10,0,direct,10,-141.62410989201666,,-140.94483124363862,-141.62410989201666,-142.24350756776582,-142.24350756776582,-142.52958271228263,0.7875662453114882,0.9432146896643973,0.9972397307636056,1.056918430657039,0.3944550223033491,0.832636987822019
bbob_f020_i80_d10,20,80,10,0,inject,10,-141.62410989201666,,-140.94483124363862,-141.62410989201666,-142.24350756776582,-142.29576905874833,-142.4222655637855,0.7968856565173266,0.9379171854921678,0.9973592110235334,1.0562683847178265,0.7164544259575071,0.9068579045679459
bbob_f020_i80_d10,20,80,10,1,pass,10,-141.06325404492713,-88.91213552539949,-88.91213552539949,-141.06325404492713,-141.92457113148058,-142.3242548187057,-142.54527834419216,0.6720239812972827,0.8860507675175431,0.9763867981097432,1.0085035684667565,0.6212196981583207,0.8884942219647182
bbob_f020_i80_d10,20,80,10,1,direct,10,-141.06325404492713,,-103.3611140410307,-141.06325404492713,-141.92457113148058,-142.34649664595293,-142.50784801981916,0.6777860756199909,0.8866104536002911,0.9764005575697581,1.0092443467624925,0.6966236800436483,0.909597201655486
bbob_f020_i80_d10,20,80,10,1,inject,10,-141.06325404492713,,-103.3611140410307,-141.06325404492713,-141.92457113148058,-142.55344298374476,-142.71987305035194,0.6777860756199909,0.8866104536002911,0.9768002938927433,1.015609789412045,0.5966914097449807,0.9109776415433251
bbob_f020_i80_d10,20,80,10,2,pass,10,-141.44885241635853,-0.8153690328105085,-0.8153690328105085,-141.44885241635853,-141.44885241635853,-142.16931843265792,-143.66761298578024,2.546182226682481,1.0235475242340104,1.0117214463526187,1.1453818232704764,0.37119882858348463,0.8728332382496012
bbob_f020_i80_d10,20,80,10,2,direct,10,-141.44885241635853,,-10.4915526046004,-141.44885241635853,-141.44885241635853,-141.7945319810703,-142.51694241565548,2.480536001900165,1.0264296567625413,1.0083381848806168,1.1373776190646754,0.4139232505940935,0.8654536210754022
bbob_f020_i80_d10,20,80,10,2,inject,10,-141.44885241635853,,-10.4915526046004,-141.44885241635853,-141.44885241635853,-141.49671083859008,-142.4320356170753,2.410423304547725,1.0221154554708858,1.0087929862472074,1.1504284713791009,0.3534580624822039,0.807650118792836
bbob_f020_i80_d10,20,80,10,3,pass,10,-142.49478750058393,-141.95663151005385,-141.95663151005385,-142.49478750058393,-142.49478750058393,-142.49478750058393,-142.49478750058393,1.043093967849077,0.9851764316479856,0.9912351768200753,0.9871795641113807,0.307262558266499,0.8243703361575176
bbob_f020_i80_d10,20,80,10,3,direct,10,-142.49478750058393,,-141.3461446317569,-142.49478750058393,-142.49478750058393,-142.49478750058393,-142.53635373843565,0.8128023002840001,0.9646576457131705,0.9844606653402048,0.9859089723430433,0.5093542253698744,0.8619628019249838
bbob_f020_i80_d10,20,80,10,3,inject,10,-142.49478750058393,,-141.3461446317569,-142.49478750058393,-142.49478750058393,-142.6503820797565,-142.71227224031819,1.2337932254266097,1.0104699613483847,0.9949039508098249,0.9953645031632091,0.6911355151615162,0.8948623365010846
bbob_f021_i79_d10,21,79,10,0,pass,10,30.567738415002868,37.01031931469073,37.01031931469073,30.567738415002868,30.567738415002868,30.567738415002868,29.994210931592914,1.1318738393467813,0.9694952754158456,0.9911750482702866,1.072542421183149,0.3241017316339685,0.7645650624753807
bbob_f021_i79_d10,21,79,10,0,direct,10,30.567738415002868,,31.942027936277974,30.567738415002868,30.567738415002868,30.433848058723697,29.944864127609158,0.869503718761628,0.9263268964727288,0.983576242853127,1.0626177925710343,0.3402785838259321,0.8255655606478959
bbob_f021_i79_d10,21,79,10,0,inject,10,30.567738415002868,,31.942027936277974,30.567738415002868,30.567738415002868,30.389546029076985,29.96056105308484,0.8482953841653682,0.9237968824384317,0.9832138276228846,1.0621063486327702,0.29662859528620683,0.8057944034527447
bbob_f021_i79_d10,21,79,10,1,pass,10,47.84715623538102,57.578899050865175,57.578899050865175,47.84715623538102,47.84715623538102,44.77750126201089,39.82114248559965,0.7319650229206489,0.8736617918901258,0.9738525999691598,1.0457120510489535,0.4412533618857642,0.9115745965585141
bbob_f021_i79_d10,21,79,10,1,direct,10,47.84715623538102,,45.5526602317496,45.5526602317496,45.5526602317496,45.5526602317496,39.49782408976012,0.7169367544189129,0.8672131727334389,0.9711270512915279,1.0482132928601864,0.3494277629362535,0.8493758504315255
bbob_f021_i79_d10,21,79,10,1,inject,10,47.84715623538102,,45.5526602317496,45.5526602317496,45.5526602317496,45.5526602317496,40.480492740953,0.7235358776472087,0.8688635415610825,0.9706983570793687,1.0473060093394804,0.46644329038935173,0.8805296634767507
bbob_f021_i79_d10,21,79,10,2,pass,10,41.99707144790353,53.57690624748853,53.57690624748853,41.99707144790353,41.99707144790353,40.71545506799392,38.526208657407246,0.9486298691565637,0.9447849042248848,0.9817859553384325,0.9918477278623696,0.26589405842487485,0.7006572183485653
bbob_f021_i79_d10,21,79,10,2,direct,10,41.99707144790353,,45.84575840527341,41.99707144790353,41.99707144790353,39.901225063863784,38.50842591114325,0.9510802266797722,0.9436398747027794,0.9827474446174478,1.0107089354119043,0.22502769915521614,0.6943962625618949
bbob_f021_i79_d10,21,79,10,2,inject,10,41.99707144790353,,45.84575840527341,41.99707144790353,41.99707144790353,39.875926563114646,38.58278314446163,0.9510802266797722,0.9436398747027794,0.9811049354254197,0.9933050661415037,0.3066429406324918,0.7286452789043775
bbob_f021_i79_d10,21,79,10,3,pass,10,47.108956345238084,58.0434257858577,58.0434257858577,47.108956345238084,47.108956345238084,43.24623458930822,41.540150424129536,1.1247324713709,0.9310014881378776,0.9841526509510291,0.9641890780095647,0.27495524209001243,0.7181655882788907
bbob_f021_i79_d10,21,79,10,3,direct,10,47.108956345238084,,51.486571031205514,47.108956345238084,47.108956345238084,42.46714053746465,41.22580795424922,1.0416500148727226,0.9623908499468304,0.9835248708597856,0.9681842918132558,0.2529520365406812,0.7129812498486974
bbob_f021_i79_d10,21,79,10,3,inject,10,47.108956345238084,,51.486571031205514,47.108956345238084,47.108956345238084,44.3469639367643,41.28347528438381,1.0416500148727226,0.9623908499468304,0.9826946440408214,0.963420354150063,0.2077400206206561,0.691220763032108
bbob_f021_i80_d10,21,80,10,0,pass,10,-8.558207122701237,-11.458679235419922,-11.458679235419922,-11.458679235419922,-11.458679235419922,-14.525940991307664,-17.361027888351448,1.2659980527567092,0.9143687053922774,0.9872095325903595,1.033266278457308,0.26648982951990585,0.7246733979696406
bbob_f021_i80_d10,21,80,10,0,direct,10,-8.558207122701237,,-11.646707668574457,-11.646707668574457,-11.646707668574457,-14.554444356849979,-17.36159502832671,0.7897693034196023,0.8781220190561692,0.980276703037827,1.0262172569166153,0.2401631440004722,0.7186368010953328
bbob_f021_i80_d10,21,80,10,0,inject,10,-8.558207122701237,,-11.646707668574457,-11.646707668574457,-11.646707668574457,-14.396372942104238,-17.336653453377444,1.119643497724985,0.900617687167817,0.9786774336541799,1.0323619897589078,0.19028092680845718,0.6846166600625653
bbob_f021_i80_d10,21,80,10,1,pass,10,2.908237106734884,3.8079432873474808,3.8079432873474808,2.908237106734884,2.336161420970427,1.1036098285860447,-1.1172372581697836,0.7152281639506691,0.9901442159966307,0.9807086229158217,0.9914240450112856,0.22934404792809465,0.6966901367019472
bbob_f021_i80_d10,21,80,10,1,direct,10,2.908237106734884,,2.3039124454777635,2.3039124454777635,2.3039124454777635,0.8551416140080903,-1.2101419923161494,0.6257826932546254,0.9807619065147866,0.9773778485363465,0.9841245889720578,0.25078091327495444,0.724816485260856
bbob_f021_i80_d10,21,80,10,1,inject,10,2.908237106734884,,2.3039124454777635,2.3039124454777635,2.3039124454777635,0.250309909320265,-0.8890925356753279,0.6309648206276207,0.9796065308799264,0.9755976213468072,1.008154756980552,0.28549146593376973,0.7337494972165012
bbob_f021_i80_d10,21,80,10,2,pass,10,-12.508148767576097,24.19954030183382,24.19954030183382,-12.508148767576097,-15.742265321536555,-17.893425225916637,-19.696045212242545,1.5131421397838702,0.982614055258089,0.9853495563721633,0.9515573082332077,0.35022789796664816,0.7766081687971412
bbob_f021_i80_d10,21,80,10,2,direct,10,-12.508148767576097,,-1.439864457869131,-12.508148767576097,-15.742265321536555,-17.78035399316239,-19.777922190926635,1.246659150021288,0.952916628988167,0.9817050438471139,0.9543816801255226,0.2947519826488767,0.7590358903333579
bbob_f021_i80_d10,21,80,10,2,inject,10,-12.508148767576097,,-1.439864457869131,-12.508148767576097,-15.742265321536555,-17.377827932311057,-19.481821604512543,1.258299504820729,0.9565001193271195,0.9806775469914708,0.9594246069037065,0.5117027779996907,0.7884476513241114
bbob_f021_i80_d10,21,80,10,3,pass,10,-3.7587532271693185,9.900576446431788,9.900576446431788,-3.7587532271693185,-7.047995479099093,-8.09055512894272,-11.170881774518103,0.8374993553518136,0.9644995152032294,0.9807466152139354,0.9660701692430812,0.651268295932696,0.8277240717490927
bbob_f021_i80_d10,21,80,10,3,direct,10,-3.7587532271693185,,1.3984397662162635,-3.7587532271693185,-7.047995479099093,-8.923374733067751,-11.580258742786928,0.8440548534178062,0.9754489545940237,0.9825358626763457,0.9724101588317571,0.4485466621160893,0.7915384828291466
bbob_f021_i80_d10,21,80,10,3,inject,10,-3.7587532271693185,,1.3984397662162635,-3.7587532271693185,-7.047995479099093,-8.477679356533631,-11.844159684504284,0.8605827565151769,0.9773702930017646,0.981682665989047,0.9658774844053347,0.3950427858621698,0.7826518023050788
bbob_f022_i79_d10,22,79,10,0,pass,10,-299.30737778075695,-295.3110404215819,-295.3110404215819,-299.30737778075695,-299.30737778075695,-300.5406171902721,-301.65223370290164,1.0288063651612054,0.8741252029312212,0.9808768826685139,1.0697795650216442,0.25219255976074334,0.7508347735541726
bbob_f022_i79_d10,22,79,10,0,direct,10,-299.30737778075695,,-299.8427914852766,-299.8427914852766,-299.8427914852766,-300.4721988957185,-301.76495500427075,0.7116549161267264,0.8550228014048142,0.9757851933857948,1.062798087247475,0.2270713304001658,0.739939644288425
bbob_f022_i79_d10,22,79,10,0,inject,10,-299.30737778075695,,-299.8427914852766,-299.8427914852766,-299.8427914852766,-300.57096809946927,-301.66152339460274,0.7774641247864854,0.8707726749634498,0.9771668419796815,1.063525692166289,0.301898948602897,0.7502337492430023
bbob_f022_i79_d10,22,79,10,1,pass,10,-298.912748582938,-291.60506823753406,-291.60506823753406,-298.912748582938,-298.912748582938,-300.04116660927696,-301.6245922179117,0.8533097259080623,0.9356589353873914,0.9784442392133625,1.0389973880267187,0.3098010068737823,0.7593228642603354
bbob_f022_i79_d10,22,79,10,1,direct,10,-298.912748582938,,-295.4877966646096,-298.912748582938,-298.912748582938,-300.57464236268567,-301.53733464558024,0.9059744408626225,0.9356580281957065,0.9772063624132058,1.0406452923118101,0.3331525269285807,0.8053666679645881
bbob_f022_i79_d10,22,79,10,1,inject,10,-298.912748582938,,-295.4877966646096,-298.912748582938,-298.912748582938,-300.5662219366854,-301.7556461871391,0.9543982301929306,0.9342058768006378,0.9766717186186603,1.036007618489785,0.20629235275772462,0.7190770805203296
bbob_f022_i79_d10,22,79,10,2,pass,10,-277.51335771418223,-273.3296964418465,-273.3296964418465,-277.51335771418223,-278.6163228565687,-279.3050345072028,-280.4628473145557,0.9270298852049984,0.9207847563139994,0.9845151585000048,1.0591733175535378,0.26173182736908673,0.7058479119602689
bbob_f022_i79_d10,22,79,10,2,direct,10,-277.51335771418223,,-276.56095458713787,-277.51335771418223,-278.6163228565687,-280.21350057694843,-280.64593167770187,0.7496436598264566,0.9151252842795106,0.9818261075652751,1.0524286008379846,0.2233229899194294,0.6868059822163861
bbob_f022_i79_d10,22,79,10,2,inject,10,-277.51335771418223,,-276.56095458713787,-277.51335771418223,-278.6163228565687,-279.4346693391895,-280.6906860387524,0.7496436598264566,0.9151252842795106,0.9810409057511383,1.0638455012898158,0.3148161205861397,0.7276695670928013
bbob_f022_i79_d10,22,79,10,3,pass,10,-300.40694997723074,-300.24224088560595,-300.24224088560595,-300.40694997723074,-300.5875383461268,-300.8323787296853,-301.8195452156724,0.5654784616587003,0.9012131981782129,0.9753106313755049,0.9973681580926531,0.24056807842949782,0.7664331093809624
bbob_f022_i79_d10,22,79,10,3,direct,10,-300.40694997723074,,-300.63667184951015,-300.63667184951015,-300.63667184951015,-301.0419698413967,-301.85274592270923,0.33549586107484813,0.8855788926790453,0.9702028167522456,0.9964270997606206,0.24892949714299184,0.7367909899347977
bbob_f022_i79_d10,22,79,10,3,inject,10,-300.40694997723074,,-300.63667184951015,-300.63667184951015,-300.63667184951015,-300.86858529568275,-301.82775190327624,0.6613542331027757,0.8961856773642153,0.9714214530758284,0.9920136374417998,0.21681649291560065,0.7439189228956553
bbob_f022_i80_d10,22,80,10,0,pass,10,-281.0408246052669,-280.8579281593581,-280.8579281593581,-281.0408246052669,-281.0408246052669,-281.98459174783414,-284.58969937894085,0.966111398217595,0.9360441912981453,0.9835877961406954,1.047620034698589,0.2628900300603448,0.7311930677757539
bbob_f022_i80_d10,22,80,10,0,direct,10,-281.0408246052669,,-283.05445752041277,-283.05445752041277,-283.05445752041277,-283.05445752041277,-284.2217723450927,0.7441776311856364,0.9141624077124584,0.9793534996037184,1.0508033173575906,0.3093027103881732,0.7377916272990283
bbob_f022_i80_d10,22,80,10,0,inject,10,-281.0408246052669,,-283.05445752041277,-283.05445752041277,-283.05445752041277,-283.2922238885779,-284.6738310328454,0.8513514421951395,0.9262245297840828,0.9782288625042225,1.0565675214348549,0.23109628502722498,0.7302146832346846
bbob_f022_i80_d10,22,80,10,1,pass,10,-291.02068273607085,-285.2245088368191,-285.2245088368191,-291.02068273607085,-293.4215042482835,-294.23940993530744,-297.63165595406224,0.5181872380583692,0.8858017579501687,0.9795194484037657,1.0587536288028234,0.3353694754326227,0.8196254748064282
bbob_f022_i80_d10,22,80,10,1,direct,10,-291.02068273607085,,-289.11142504816956,-291.02068273607085,-293.4215042482835,-295.13723645005155,-297.45653078315894,0.5466672302117109,0.8879471438461645,0.9786015399488223,1.0583800646691708,0.4383025199856997,0.8729416172331819
bbob_f022_i80_d10,22,80,10,1,inject,10,-291.02068273607085,,-289.11142504816956,-291.02068273607085,-293.4215042482835,-295.16734970294436,-297.29051171339955,0.5898751860295275,0.8931386821999141,0.9785416116505931,1.053887343893273,0.4993043480058672,0.8225530848534548
bbob_f022_i80_d10,22,80,10,2,pass,10,-285.6552315586891,-282.3944078231439,-282.3944078231439,-285.6552315586891,-292.0946229624837,-301.9807697379374,-304.2681435765486,1.0168328745893107,0.9493541263503255,0.9860762288030253,1.045757283270718,0.3178680172205408,0.7957163506611731
bbob_f022_i80_d10,22,80,10,2,direct,10,-285.6552315586891,,-290.0871453835155,-290.0871453835155,-292.0946229624837,-299.7189064556697,-304.2351626931937,0.7979459466343302,0.934616227659577,0.9826832455535444,1.0494238358373362,0.3562853290780463,0.797378178826133
bbob_f022_i80_d10,22,80,10,2,inject,10,-285.6552315586891,,-290.0871453835155,-290.0871453835155,-292.0946229624837,-299.23335263799294,-304.22789324406256,0.8734820391691454,0.9461278190513727,0.9842651678222206,1.0518703798404023,0.32736211643106883,0.7806460084091708
bbob_f022_i80_d10,22,80,10,3,pass,10,-277.09272435103514,-271.8583822697385,-271.8583822697385,-277.09272435103514,-277.09272435103514,-279.59583877832137,-280.9779124527695,0.8101086852185563,0.9750445154806432,0.9885481998545542,1.0036506247516341,0.19900697741419615,0.7151659859235296
bbob_f022_i80_d10,22,80,10,3,direct,10,-277.09272435103514,,-275.14518952945855,-277.09272435103514,-277.09272435103514,-278.7535829010858,-280.9606246365575,0.7604068449527375,0.9891876559952114,0.9862984354606361,0.9996578637077094,0.20025928431859447,0.7120689304367124
bbob_f022_i80_d10,22,80,10,3,inject,10,-277.09272435103514,,-275.14518952945855,-277.09272435103514,-277.09272435103514,-277.09272435103514,-280.82326222507027,0.9035245572571835,1.0104496907809257,0.9897436074675321,1.0010949390853079,0.3118057388456549,0.7429897552720249
bbob_f023_i79_d10,23,79,10,0,pass,10,-54.37534247403779,-48.028137759940215,-48.028137759940215,-54.37534247403779,-54.37534247403779,-54.37534247403779,-54.37534247403779,1.1181350654775126,0.976577318455549,0.9905455904360297,1.0571322466380124,0.7431823222453594,0.8863716309536807
bbob_f023_i79_d10,23,79,10,0,direct,10,-54.37534247403779,,-36.57104433531174,-54.37534247403779,-54.37534247403779,-54.37534247403779,-55.394578197186604,1.3435614783305923,1.006605867064141,0.9983326554689297,1.0817070967734068,0.8857846914074645,0.9388212791733468
bbob_f023_i79_d10,23,79,10,0,inject,10,-54.37534247403779,,-36.57104433531174,-54.37534247403779,-54.37534247403779,-54.37534247403779,-54.37534247403779,1.1181350654775126,0.976577318455549,0.9920560984594727,1.0562860470782436,0.5859362989298293,0.8708268589729327
bbob_f023_i79_d10,23,79,10,1,pass,10,-52.40565709761359,-44.51908803447405,-44.51908803447405,-52.40565709761359,-52.40565709761359,-53.8841421315706,-54.56874695714227,1.2760849369396432,0.906815583916631,0.983491936997289,1.0354058236824997,0.6800643295580617,0.9225044322522715
bbob_f023_i79_d10,23,79,10,1,direct,10,-52.40565709761359,,-44.98289441727543,-52.40565709761359,-52.40565709761359,-52.40565709761359,-55.69440090859621,1.2574992188538232,0.905315448506755,0.983440423728512,1.0384113864115985,0.7366182920462359,0.9440561054366768
bbob_f023_i79_d10,23,79,10,1,inject,10,-52.40565709761359,,-44.98289441727543,-52.40565709761359,-52.40565709761359,-52.40565709761359,-55.366456946353374,1.6648498408476724,0.942164865630738,0.9839570953161143,1.0133100661424574,1.8671561009907922,1.0200934874595406
bbob_f023_i79_d10,23,79,10,2,pass,10,-54.82637464502533,-40.70596766430444,-40.70596766430444,-54.82637464502533,-54.82637464502533,-54.82637464502533,-54.82637464502533,2.013085163438221,1.0149750982465096,0.9942228925166828,1.0045129419867262,1.02867382448522,0.9672591646074525
bbob_f023_i79_d10,23,79,10,2,direct,10,-54.82637464502533,,-51.31748255551267,-54.82637464502533,-54.82637464502533,-54.87029893527378,-54.87029893527378,1.990039459662292,0.9966337350605947,0.9929116090437704,1.021427536967514,1.1649127474976073,0.9649641543529653
bbob_f023_i79_d10,23,79,10,2,inject,10,-54.82637464502533,,-51.31748255551267,-54.82637464502533,-54.82637464502533,-54.82637464502533,-54.82637464502533,1.545036252154443,0.9742352422868465,0.9841968658685778,0.9996576204219193,0.7837796786262192,0.9836362673390966
bbob_f023_i79_d10,23,79,10,3,pass,10,-53.731672440971934,-40.42018616527086,-40.42018616527086,-53.731672440971934,-53.731672440971934,-53.731672440971934,-54.41777345279492,1.2705148878871393,0.8647519554383021,0.9814103019328475,1.078735222410825,0.5805625191956373,0.9327166495334507
bbob_f023_i79_d10,23,79,10,3,direct,10,-53.731672440971934,,-41.970708093786165,-53.731672440971934,-53.731672440971934,-53.731672440971934,-54.23705833770491,1.2705148878871393,0.8647519554383021,0.9811153377524326,1.0753739296336244,0.41264679021869677,0.9303698205807094
bbob_f023_i79_d10,23,79,10,3,inject,10,-53.731672440971934,,-41.970708093786165,-53.731672440971934,-53.731672440971934,-53.829365841539285,-54.165712169755075,1.401545085691688,0.872946799551806,0.9833908189136987,1.0867579964493084,0.7566132351900829,0.992464980418263
bbob_f023_i80_d10,23,80,10,0,pass,10,128.49125515694283,134.72077758538688,134.72077758538688,128.49125515694283,128.49125515694283,128.49125515694283,128.49125515694283,1.336890239090814,1.0056961595210838,0.9909072750522443,1.0524707759934744,1.0373344026981965,0.9584015369409447
bbob_f023_i80_d10,23,80,10,0,direct,10,128.49125515694283,,136.23889854359246,128.49125515694283,128.49125515694283,128.49125515694283,128.49125515694283,1.3276185372049052,1.0024434957987813,0.9913400806573469,1.0532289602017086,0.8151130239146671,0.9238356099832482
bbob_f023_i80_d10,23,80,10,0,inject,10,128.49125515694283,,136.23889854359246,128.49125515694283,128.49125515694283,128.49125515694283,128.49125515694283,1.3388741558971409,1.0036591812388203,0.9886265118731526,1.0526446454926963,0.7759193113354586,0.9119677798937667
bbob_f023_i80_d10,23,80,10,1,pass,10,128.62045028017062,138.18338712928673,138.18338712928673,128.62045028017062,128.62045028017062,128.62045028017062,128.62045028017062,1.792712486739605,0.9723405619355018,0.995361292293097,1.1104789566594986,0.7095239868170903,0.9004665057912761
bbob_f023_i80_d10,23,80,10,1,direct,10,128.62045028017062,,147.43870844876338,128.62045028017062,128.62045028017062,128.62045028017062,128.13920373638913,1.7768210499209889,0.9732119609880691,0.9959869565665642,1.1187207432331419,0.9679017812096814,0.9939188097460921
bbob_f023_i80_d10,23,80,10,1,inject,10,128.62045028017062,,147.43870844876338,128.62045028017062,128.62045028017062,128.62045028017062,128.40377138945453,1.792712486739605,0.9723405619355018,0.9947177112650587,1.1005329461657152,0.7694706821081172,0.9801559960830758
bbob_f023_i80_d10,23,80,10,2,pass,10,128.12785713492863,134.007663315846,134.007663315846,128.12785713492863,128.12785713492863,128.12785713492863,128.12785713492863,2.9137255971206013,0.9469829063730131,0.9835611221711159,0.9529745705960299,0.5640293475015656,0.8657811501793515
bbob_f023_i80_d10,23,80,10,2,direct,10,128.12785713492863,,153.64035565487916,128.12785713492863,128.12785713492863,128.12785713492863,128.12785713492863,3.2135974582580076,0.9917116877086366,0.9883919408463818,0.9582774573121303,0.8890730872003328,0.8692852518449095
bbob_f023_i80_d10,23,80,10,2,inject,10,128.12785713492863,,153.64035565487916,128.12785713492863,128.12785713492863,128.12785713492863,128.12785713492863,1.9989219014800372,0.9150785498288898,0.979311952672228,0.9564045324633286,0.7799765608436516,0.9089576769932226
bbob_f023_i80_d10,23,80,10,3,pass,10,128.42330522237725,147.84851205500453,147.84851205500453,128.42330522237725,128.42330522237725,128.42330522237725,128.42330522237725,2.090408136269208,0.9948125892269639,0.9959258608720628,1.0036871831823173,0.7487012786559595,0.93402788275844
bbob_f023_i80_d10,23,80,10,3,direct,10,128.42330522237725,,152.3498301849179,128.42330522237725,128.42330522237725,128.42330522237725,128.42330522237725,2.090408136269208,0.9948125892269639,0.9959531826792191,1.0004134134940068,0.8464831422242441,0.934736604652256
bbob_f023_i80_d10,23,80,10,3,inject,10,128.42330522237725,,152.3498301849179,128.42330522237725,128.42330522237725,128.42330522237725,128.42330522237725,2.090408136269208,0.9948125892269639,0.9943883647821372,1.0006984348199133,0.8892537041044368,0.9297203687970482
bbob_f024_i79_d10,24,79,10,0,pass,10,-911.8726111720468,-928.2897691184371,-928.2897691184371,-928.2897691184371,-928.2897691184371,-928.6321561704603,-928.6321561704603,1.0867940246330208,1.0096391666847147,0.9938195176285878,1.0390469209825215,0.8103081305462058,0.8818686988279038
bbob_f024_i79_d10,24,79,10,0,direct,10,-911.8726111720468,,-840.5723894433102,-911.8726111720468,-911.8726111720468,-911.8726111720468,-924.1039604649393,1.1551104672047092,1.0339225712498807,1.0018855629282726,1.0527827652410695,0.8256944898605082,0.9266456489739002
bbob_f024_i79_d10,24,79,10,0,inject,10,-911.8726111720468,,-840.5723894433102,-911.8726111720468,-928.2897691184371,-928.2897691184371,-947.3743725670018,1.1158895632914785,0.9929695036214966,0.9926678942734954,1.0250954566522916,0.5860642924834027,0.9318742099115654
bbob_f024_i79_d10,24,79,10,1,pass,10,-895.3409339377906,-844.3631729383746,-844.3631729383746,-895.3409339377906,-908.5422144664469,-908.5422144664469,-923.1456108884669,0.8897944306317123,0.9945954669726261,0.9947082228499677,1.0424173301046724,0.8326859994037937,0.9777864790502941
bbob_f024_i79_d10,24,79,10,1,direct,10,-895.3409339377906,,-851.5620273017954,-895.3409339377906,-908.5422144664469,-908.5422144664469,-947.6471048328193,0.8897944306317123,0.9945954669726261,0.9940764266415276,1.049380459468422,0.6067924646485388,0.9136083670392989
bbob_f024_i79_d10,24,79,10,1,inject,10,-895.3409339377906,,-851.5620273017954,-895.3409339377906,-908.5422144664469,-916.8154143712957,-931.00352745294,0.8897944306317123,0.9945954669726261,0.9954715763191611,1.06792649222159,0.7447073781969985,0.8712735844052538
bbob_f024_i79_d10,24,79,10,2,pass,10,-912.3274664315941,-863.5007741172211,-863.5007741172211,-912.3274664315941,-912.3274664315941,-923.1252137159667,-923.1252137159667,1.9316010406431963,0.9746750747581425,1.0044502687628505,1.0898622475435114,0.7321569979832779,0.8583807011330398
bbob_f024_i79_d10,24,79,10,2,direct,10,-912.3274664315941,,-884.3482650056698,-912.3274664315941,-912.3274664315941,-925.6180440023311,-925.6180440023311,1.8434322046440776,0.9715768170149739,1.0016411986874325,1.0902514098275864,0.44062976609464977,0.8471379108314719
bbob_f024_i79_d10,24,79,10,2,inject,10,-912.3274664315941,,-884.3482650056698,-912.3274664315941,-912.3274664315941,-918.700818654316,-919.2027872531764,2.0580204843038903,0.997226528025272,1.0046960495744928,1.0980094643813425,0.3793562772464706,0.812606294454236
bbob_f024_i79_d10,24,79,10,3,pass,10,-936.6544622882844,-832.0750591741622,-832.0750591741622,-936.6544622882844,-936.6544622882844,-936.6544622882844,-936.6544622882844,0.9514193135102935,0.9607407515835021,0.9855943706040241,1.0188256602324028,0.688108875915352,0.8403919835320197
bbob_f024_i79_d10,24,79,10,3,direct,10,-936.6544622882844,,-831.7025355768516,-936.6544622882844,-936.6544622882844,-936.942104396302,-936.942104396302,0.9514193135102935,0.9607407515835021,0.9858897202117586,1.0198543751325873,0.5984679982190364,0.9367230092085569
bbob_f024_i79_d10,24,79,10,3,inject,10,-936.6544622882844,,-831.7025355768516,-936.6544622882844,-936.6544622882844,-936.6544622882844,-936.6544622882844,1.3390782407841204,0.9560359179733815,0.9879257927244981,1.0025891772656843,0.6441935613863313,0.9018859154192738
bbob_f024_i80_d10,24,80,10,0,pass,10,146.4173366322898,184.78572463000285,184.78572463000285,146.4173366322898,146.4173366322898,146.4173366322898,105.4588552507815,1.4736598530015992,0.925337187354772,0.983653665557215,1.0762124689268315,0.38300690194934434,0.8358854469089696
bbob_f024_i80_d10,24,80,10,0,direct,10,146.4173366322898,,185.56348803969806,146.4173366322898,146.4173366322898,146.4173366322898,126.54927955307946,1.4456591515062607,0.9292275475850006,0.9830455224406237,1.074635966064387,0.4019155344599808,0.8065315352040165
bbob_f024_i80_d10,24,80,10,0,inject,10,146.4173366322898,,185.56348803969806,146.4173366322898,146.4173366322898,127.93002343438101,116.2175007205677,1.4204630353007883,0.9245735601100115,0.9832893319441962,1.076377534512826,0.513401951829787,0.830296202765081
bbob_f024_i80_d10,24,80,10,1,pass,10,139.1994359098196,193.3789306867339,193.3789306867339,139.1994359098196,139.1994359098196,139.1994359098196,103.79281339471979,1.8832784451735969,0.9659045647061545,0.9911583277457795,1.035310031341953,0.5875033665431021,0.9445197691498294
bbob_f024_i80_d10,24,80,10,1,direct,10,139.1994359098196,,230.57894048281383,139.1994359098196,139.1994359098196,139.1994359098196,118.45266991792774,1.8525086156380468,0.9709860583672516,0.9926975269058936,1.042637316182906,0.6971452309690028,0.9339876130568057
bbob_f024_i80_d10,24,80,10,1,inject,10,139.1994359098196,,230.57894048281383,139.1994359098196,139.1994359098196,137.8473772386057,117.03017850200818,1.8239253389023777,0.9504374897986101,0.9890280101412859,1.025446486369828,0.7073490683941485,0.9244337737277661
bbob_f024_i80_d10,24,80,10,2,pass,10,128.58001817812078,171.06139364838194,171.06139364838194,128.58001817812078,128.58001817812078,128.58001817812078,111.82430389059431,0.8479362480401164,0.9803277366472005,0.992418101331058,1.1097856568395883,0.5317195628002575,0.9253860261850734
bbob_f024_i80_d10,24,80,10,2,direct,10,128.58001817812078,,196.0361237530727,128.58001817812078,128.58001817812078,128.58001817812078,126.82870559833216,1.150275134566782,1.0189976647711148,0.9961487081789723,1.1043783943705772,0.6256577244654313,0.8604005109854579
bbob_f024_i80_d10,24,80,10,2,inject,10,128.58001817812078,,196.0361237530727,128.58001817812078,128.58001817812078,128.58001817812078,112.81455849186463,0.8479362480401164,0.9803277366472005,0.9931977549019282,1.1079705765442234,0.695924726469706,0.8789040125276338
bbob_f024_i80_d10,24,80,10,3,pass,10,161.8671820661812,192.7188173648551,192.7188173648551,161.8671820661812,161.49161859184147,150.28904784968404,124.22555953603772,1.2500318848428995,0.9016976204533738,0.985992170013067,1.0656874815758162,0.5326249028186538,0.8286061321345205
bbob_f024_i80_d10,24,80,10,3,direct,10,161.8671820661812,,182.21767833629823,161.8671820661812,161.49161859184147,145.6406130360628,113.28276520323853,1.1118410635228335,0.8882868573029283,0.9820599033517682,1.064304192270729,0.7643566319200189,0.8755350008629924
bbob_f024_i80_d10,24,80,10,3,inject,10,161.8671820661812,,182.21767833629823,161.8671820661812,161.8671820661812,142.28064524184725,124.72745287893282,1.6005099225109456,0.9438439330255806,0.9887619387177841,1.0829168640368902,0.3940770698482786,0.8640053196100768
