host,problem,function,dimension,instance,seed,action,baseline_best,first_f,best_h1,best_h10,best_h50,best_h200
de,bbob_f001_i73_d10,1,10,73,0,pass,-569.2689256248822,-527.4079885279933,-569.2689256248822,-569.2689256248822,-569.2689256248822,-582.0847664288339
de,bbob_f001_i73_d10,1,10,73,0,contract,-569.2689256248822,-553.9320473853468,-569.2689256248822,-569.2689256248822,-569.2689256248822,-577.1062159780317
de,bbob_f001_i73_d10,1,10,73,0,reflect,-569.2689256248822,-415.5552309736157,-569.2689256248822,-569.2689256248822,-569.2689256248822,-581.5921697261302
pso,bbob_f001_i73_d10,1,10,73,0,pass,-587.9486028778097,-580.0030383263627,-587.9486028778097,-587.9486028778097,-587.9486028778097,-591.2673307285899
pso,bbob_f001_i73_d10,1,10,73,0,contract,-587.9486028778097,-588.4951747570648,-588.4951747570648,-588.4951747570648,-588.4951747570648,-591.0301219219875
pso,bbob_f001_i73_d10,1,10,73,0,reflect,-587.9486028778097,-570.7475123700025,-587.9486028778097,-587.9486028778097,-587.9486028778097,-592.1744013502164
cma,bbob_f001_i73_d10,1,10,73,0,pass,-591.6891915969453,-585.3459656947764,-591.6891915969453,-591.6891915969453,-592.3339680762949,-593.7516606269586
cma,bbob_f001_i73_d10,1,10,73,0,contract,-591.6891915969453,-589.3530027293148,-591.6891915969453,-591.6891915969453,-592.4894427632986,-593.7152716816641
cma,bbob_f001_i73_d10,1,10,73,0,reflect,-591.6891915969453,-585.7549532117054,-591.6891915969453,-591.6891915969453,-592.994468292701,-593.7399983514658
de,bbob_f001_i73_d10,1,10,73,1,pass,-547.0746806324667,-507.92475906600214,-547.0746806324667,-547.0746806324667,-547.0746806324667,-566.7895566780371
de,bbob_f001_i73_d10,1,10,73,1,contract,-547.0746806324667,-555.6314022811134,-555.6314022811134,-555.6314022811134,-555.6314022811134,-562.3462309238857
de,bbob_f001_i73_d10,1,10,73,1,reflect,-547.0746806324667,-450.7629594886032,-547.0746806324667,-547.0746806324667,-547.0746806324667,-566.7895566780371
pso,bbob_f001_i73_d10,1,10,73,1,pass,-584.3354324817539,-560.3334877212253,-584.3354324817539,-584.3354324817539,-590.0362787215282,-592.019677514384
pso,bbob_f001_i73_d10,1,10,73,1,contract,-584.3354324817539,-576.863438960137,-584.3354324817539,-584.3354324817539,-590.0362787215282,-592.019677514384
pso,bbob_f001_i73_d10,1,10,73,1,reflect,-584.3354324817539,-536.599497393368,-584.3354324817539,-584.3354324817539,-590.0362787215282,-592.019677514384
cma,bbob_f001_i73_d10,1,10,73,1,pass,-593.1330214801695,-593.3019655224955,-593.3019655224955,-593.3019655224955,-593.5731904763644,-593.8154190829297
cma,bbob_f001_i73_d10,1,10,73,1,contract,-593.1330214801695,-593.5515105430218,-593.5515105430218,-593.5515105430218,-593.5515105430218,-593.7490908266401
cma,bbob_f001_i73_d10,1,10,73,1,reflect,-593.1330214801695,-591.2798067234168,-593.1330214801695,-593.3008699822611,-593.3008699822611,-593.714250919367
de,bbob_f001_i74_d10,1,10,74,0,pass,-963.431415845378,-897.2074706047879,-963.431415845378,-963.431415845378,-963.431415845378,-989.2277021137495
de,bbob_f001_i74_d10,1,10,74,0,contract,-963.431415845378,-982.4840408300056,-982.4840408300056,-982.4840408300056,-982.4840408300056,-982.4840408300056
de,bbob_f001_i74_d10,1,10,74,0,reflect,-963.431415845378,-796.1922054090013,-963.431415845378,-963.431415845378,-963.431415845378,-989.2277021137495
pso,bbob_f001_i74_d10,1,10,74,0,pass,-986.8778771461748,-979.0618582961725,-986.8778771461748,-991.47134168149,-993.3883508098071,-997.4384339012003
pso,bbob_f001_i74_d10,1,10,74,0,contract,-986.8778771461748,-987.6984087805306,-987.6984087805306,-987.6984087805306,-987.6984087805306,-995.8191988050665
pso,bbob_f001_i74_d10,1,10,74,0,reflect,-986.8778771461748,-939.8131256500071,-986.8778771461748,-991.47134168149,-993.3883508098071,-997.4854456467564
cma,bbob_f001_i74_d10,1,10,74,0,pass,-998.1178245052632,-997.6755315577933,-998.1178245052632,-998.1178245052632,-999.6767241993474,-999.9468408898292
cma,bbob_f001_i74_d10,1,10,74,0,contract,-998.1178245052632,-998.4630875458394,-998.4630875458394,-998.4630875458394,-999.0660387692895,-999.9362835622405
cma,bbob_f001_i74_d10,1,10,74,0,reflect,-998.1178245052632,-992.264048041,-998.1178245052632,-998.1178245052632,-999.8041799729862,-999.9660028094588
de,bbob_f001_i74_d10,1,10,74,1,pass,-966.2547988547838,-926.378683841262,-966.2547988547838,-966.2547988547838,-966.2547988547838,-968.1897506126809
de,bbob_f001_i74_d10,1,10,74,1,contract,-966.2547988547838,-974.202212373073,-974.202212373073,-974.202212373073,-974.202212373073,-980.5551606338187
de,bbob_f001_i74_d10,1,10,74,1,reflect,-966.2547988547838,-881.7420064241828,-966.2547988547838,-966.2547988547838,-966.2547988547838,-972.2525502180486
pso,bbob_f001_i74_d10,1,10,74,1,pass,-982.1426556625516,-956.7630584688593,-982.1426556625516,-982.1426556625516,-988.5435759284278,-996.1003065169242
pso,bbob_f001_i74_d10,1,10,74,1,contract,-982.1426556625516,-974.3405029232713,-982.1426556625516,-982.1426556625516,-988.5435759284278,-995.636009527245
pso,bbob_f001_i74_d10,1,10,74,1,reflect,-982.1426556625516,-919.1764967495599,-982.1426556625516,-982.1426556625516,-988.5435759284278,-995.636009527245
cma,bbob_f001_i74_d10,1,10,74,1,pass,-998.3906428238618,-998.2266375011508,-998.3906428238618,-998.7331193935255,-999.7480994952559,-999.9200303487128
cma,bbob_f001_i74_d10,1,10,74,1,contract,-998.3906428238618,-998.3157469785195,-998.3906428238618,-998.7331193935255,-999.5463206865996,-999.9702436657001
cma,bbob_f001_i74_d10,1,10,74,1,reflect,-998.3906428238618,-996.0136707465383,-998.3906428238618,-998.7331193935255,-999.2093019891507,-999.8755793871161
de,bbob_f002_i73_d10,2,10,73,0,pass,629053.0774085324,3614479.727305098,629053.0774085324,270969.04643777985,270969.04643777985,215157.6054288989
de,bbob_f002_i73_d10,2,10,73,0,contract,629053.0774085324,1444910.1884821886,629053.0774085324,270969.04643777985,270969.04643777985,137349.13242238143
de,bbob_f002_i73_d10,2,10,73,0,reflect,629053.0774085324,8370474.746195492,629053.0774085324,270969.04643777985,270969.04643777985,215157.6054288989
pso,bbob_f002_i73_d10,2,10,73,0,pass,74724.74637909033,284892.2336084824,74724.74637909033,74724.74637909033,74724.74637909033,24249.262774423478
pso,bbob_f002_i73_d10,2,10,73,0,contract,74724.74637909033,141305.0709572866,74724.74637909033,74724.74637909033,74724.74637909033,24249.262774423478
pso,bbob_f002_i73_d10,2,10,73,0,reflect,74724.74637909033,18667011.856627863,74724.74637909033,74724.74637909033,74724.74637909033,24249.262774423478
cma,bbob_f002_i73_d10,2,10,73,0,pass,54980.73469267919,68342.51451490575,54980.73469267919,54980.73469267919,21617.111157345975,4727.681276340206
cma,bbob_f002_i73_d10,2,10,73,0,contract,54980.73469267919,56734.898002654525,54980.73469267919,54980.73469267919,26562.6701338392,6948.637256568151
cma,bbob_f002_i73_d10,2,10,73,0,reflect,54980.73469267919,2506797.031936056,54980.73469267919,54980.73469267919,20911.94178894113,18778.991803787885
de,bbob_f002_i73_d10,2,10,73,1,pass,320005.58196017105,1211347.0320084607,320005.58196017105,320005.58196017105,186883.63760725383,148523.06894311414
de,bbob_f002_i73_d10,2,10,73,1,contract,320005.58196017105,441362.840439275,320005.58196017105,320005.58196017105,320005.58196017105,70120.85441520155
de,bbob_f002_i73_d10,2,10,73,1,reflect,320005.58196017105,1478900.2281491533,320005.58196017105,320005.58196017105,186883.63760725383,148523.06894311414
pso,bbob_f002_i73_d10,2,10,73,1,pass,77978.54014102744,230122.29791507273,77978.54014102744,77978.54014102744,48284.200580245466,24867.256695429354
pso,bbob_f002_i73_d10,2,10,73,1,contract,77978.54014102744,135816.88504039482,77978.54014102744,77978.54014102744,48284.200580245466,24867.256695429354
pso,bbob_f002_i73_d10,2,10,73,1,reflect,77978.54014102744,9615239.40244337,77978.54014102744,77978.54014102744,48284.200580245466,24867.256695429354
cma,bbob_f002_i73_d10,2,10,73,1,pass,112805.35871536403,388843.8963104864,112805.35871536403,112805.35871536403,112805.35871536403,20307.81810698928
cma,bbob_f002_i73_d10,2,10,73,1,contract,112805.35871536403,268608.1913301889,112805.35871536403,112805.35871536403,105544.17102304885,2645.3466729164234
cma,bbob_f002_i73_d10,2,10,73,1,reflect,112805.35871536403,2836089.321452501,112805.35871536403,112805.35871536403,65950.5655674394,26284.15376188817
de,bbob_f002_i74_d10,2,10,74,0,pass,447132.95802139625,3762546.402512096,447132.95802139625,330622.9434068643,330622.9434068643,167517.8629670087
de,bbob_f002_i74_d10,2,10,74,0,contract,447132.95802139625,1593543.742195638,447132.95802139625,330622.9434068643,330622.9434068643,190086.8202028478
de,bbob_f002_i74_d10,2,10,74,0,reflect,447132.95802139625,8750096.564471066,447132.95802139625,330622.9434068643,330622.9434068643,167517.8629670087
pso,bbob_f002_i74_d10,2,10,74,0,pass,129223.83988665359,171639.09366115133,129223.83988665359,95969.1311152608,79452.11830598373,26568.76635602787
pso,bbob_f002_i74_d10,2,10,74,0,contract,129223.83988665359,98417.34020995325,98417.34020995325,78871.40503199161,73140.08485224888,27500.93072932786
pso,bbob_f002_i74_d10,2,10,74,0,reflect,129223.83988665359,6258571.181171525,129223.83988665359,95969.1311152608,79452.11830598373,26568.76635602787
cma,bbob_f002_i74_d10,2,10,74,0,pass,77934.81279438967,238786.60096604042,77934.81279438967,77934.81279438967,41897.04920802977,17523.650556014254
cma,bbob_f002_i74_d10,2,10,74,0,contract,77934.81279438967,91695.93546533391,77934.81279438967,77934.81279438967,66872.8992118466,25875.900683938664
cma,bbob_f002_i74_d10,2,10,74,0,reflect,77934.81279438967,1548985.88962616,77934.81279438967,77934.81279438967,41312.27439325859,7403.1652180523715
de,bbob_f002_i74_d10,2,10,74,1,pass,223808.9212549699,6396667.116185472,223808.9212549699,223808.9212549699,223808.9212549699,223808.9212549699
de,bbob_f002_i74_d10,2,10,74,1,contract,223808.9212549699,2485126.5658885054,223808.9212549699,223808.9212549699,223808.9212549699,223808.9212549699
de,bbob_f002_i74_d10,2,10,74,1,reflect,223808.9212549699,6365521.986159007,223808.9212549699,223808.9212549699,223808.9212549699,223808.9212549699
pso,bbob_f002_i74_d10,2,10,74,1,pass,189922.14680143053,879996.5812308298,189922.14680143053,127642.3659500024,94331.70095865427,11818.487226889432
pso,bbob_f002_i74_d10,2,10,74,1,contract,189922.14680143053,474799.4234409394,189922.14680143053,127642.3659500024,94331.70095865427,11818.487226889432
pso,bbob_f002_i74_d10,2,10,74,1,reflect,189922.14680143053,5834510.735555479,189922.14680143053,127642.3659500024,94331.70095865427,11818.487226889432
cma,bbob_f002_i74_d10,2,10,74,1,pass,39765.24557290019,1378047.3337164726,39765.24557290019,39765.24557290019,39765.24557290019,18929.423665087375
cma,bbob_f002_i74_d10,2,10,74,1,contract,39765.24557290019,775921.8177456892,39765.24557290019,39765.24557290019,39765.24557290019,24800.58357025318
cma,bbob_f002_i74_d10,2,10,74,1,reflect,39765.24557290019,248011.8155087811,39765.24557290019,39765.24557290019,39765.24557290019,13579.70915947107
de,bbob_f003_i73_d10,3,10,73,0,pass,466.41513746279975,902.9695663429096,466.41513746279975,466.41513746279975,466.41513746279975,454.404056592114
de,bbob_f003_i73_d10,3,10,73,0,contract,466.41513746279975,523.6286494687606,466.41513746279975,466.41513746279975,466.41513746279975,453.2369960749121
de,bbob_f003_i73_d10,3,10,73,0,reflect,466.41513746279975,1132.2888998978801,466.41513746279975,466.41513746279975,466.41513746279975,454.404056592114
pso,bbob_f003_i73_d10,3,10,73,0,pass,441.8531080000729,501.34859193424836,441.8531080000729,441.8531080000729,441.8531080000729,399.195614767455
pso,bbob_f003_i73_d10,3,10,73,0,contract,441.8531080000729,473.72844526960984,441.8531080000729,441.8531080000729,441.8531080000729,399.195614767455
pso,bbob_f003_i73_d10,3,10,73,0,reflect,441.8531080000729,733.3717329917903,441.8531080000729,441.8531080000729,441.8531080000729,399.195614767455
cma,bbob_f003_i73_d10,3,10,73,0,pass,352.0963666921921,452.05163636730333,352.0963666921921,352.0963666921921,352.0963666921921,343.3957700098064
cma,bbob_f003_i73_d10,3,10,73,0,contract,352.0963666921921,423.74229277204523,352.0963666921921,352.0963666921921,352.0963666921921,319.669286533795
cma,bbob_f003_i73_d10,3,10,73,0,reflect,352.0963666921921,496.39257520599597,352.0963666921921,352.0963666921921,352.0963666921921,352.0963666921921
de,bbob_f003_i73_d10,3,10,73,1,pass,492.3076617983888,1086.0986361138148,492.3076617983888,492.3076617983888,473.66298563419616,424.8541398261534
de,bbob_f003_i73_d10,3,10,73,1,contract,492.3076617983888,596.6006872259114,492.3076617983888,492.3076617983888,473.66298563419616,424.8541398261534
de,bbob_f003_i73_d10,3,10,73,1,reflect,492.3076617983888,925.543191842062,492.3076617983888,492.3076617983888,473.66298563419616,424.8541398261534
pso,bbob_f003_i73_d10,3,10,73,1,pass,432.80423217455103,465.15792570143486,432.80423217455103,432.80423217455103,413.4656756649221,397.2785617306235
pso,bbob_f003_i73_d10,3,10,73,1,contract,432.80423217455103,437.48548458776463,432.80423217455103,432.80423217455103,413.4656756649221,397.2785617306235
pso,bbob_f003_i73_d10,3,10,73,1,reflect,432.80423217455103,646.2409355322517,432.80423217455103,432.80423217455103,413.4656756649221,397.2785617306235
cma,bbob_f003_i73_d10,3,10,73,1,pass,374.44869112430536,427.9524272875965,374.44869112430536,374.44869112430536,352.48724512815346,352.48724512815346
cma,bbob_f003_i73_d10,3,10,73,1,contract,374.44869112430536,411.6339295270933,374.44869112430536,374.44869112430536,361.6465121237849,357.5989899571414
cma,bbob_f003_i73_d10,3,10,73,1,reflect,374.44869112430536,359.76875786218636,359.76875786218636,359.76875786218636,359.76875786218636,346.57068265531905
de,bbob_f003_i74_d10,3,10,74,0,pass,178.2596258232889,942.4094976880064,178.2596258232889,178.2596258232889,162.27086925436475,162.27086925436475
de,bbob_f003_i74_d10,3,10,74,0,contract,178.2596258232889,338.02658491093734,178.2596258232889,178.2596258232889,162.27086925436475,142.4808245297006
de,bbob_f003_i74_d10,3,10,74,0,reflect,178.2596258232889,714.4506594289516,178.2596258232889,178.2596258232889,162.27086925436475,162.27086925436475
pso,bbob_f003_i74_d10,3,10,74,0,pass,41.26166665367549,417.691236036111,41.26166665367549,41.26166665367549,41.26166665367549,41.26166665367549
pso,bbob_f003_i74_d10,3,10,74,0,contract,41.26166665367549,165.05494261332478,41.26166665367549,41.26166665367549,41.26166665367549,41.26166665367549
pso,bbob_f003_i74_d10,3,10,74,0,reflect,41.26166665367549,345.9544741305471,41.26166665367549,41.26166665367549,41.26166665367549,41.26166665367549
cma,bbob_f003_i74_d10,3,10,74,0,pass,50.01959174482957,74.99533354303159,50.01959174482957,50.01959174482957,50.01959174482957,23.03749857917407
cma,bbob_f003_i74_d10,3,10,74,0,contract,50.01959174482957,89.61599317318753,50.01959174482957,50.01959174482957,49.01167776416325,25.136648785492582
cma,bbob_f003_i74_d10,3,10,74,0,reflect,50.01959174482957,122.14710015640777,50.01959174482957,50.01959174482957,25.5579389325012,25.5579389325012
de,bbob_f003_i74_d10,3,10,74,1,pass,176.20984516985766,203.61878322850265,176.20984516985766,176.20984516985766,158.91986350312925,158.3426565883097
de,bbob_f003_i74_d10,3,10,74,1,contract,176.20984516985766,175.59630997470907,175.59630997470907,175.59630997470907,158.91986350312925,158.3426565883097
de,bbob_f003_i74_d10,3,10,74,1,reflect,176.20984516985766,888.3633816834014,176.20984516985766,176.20984516985766,158.91986350312925,158.3426565883097
pso,bbob_f003_i74_d10,3,10,74,1,pass,70.43119997688173,149.70147707753796,70.43119997688173,70.43119997688173,49.06513178138161,41.49686622703196
pso,bbob_f003_i74_d10,3,10,74,1,contract,70.43119997688173,140.40590844682293,70.43119997688173,70.43119997688173,49.06513178138161,44.287685307392266
pso,bbob_f003_i74_d10,3,10,74,1,reflect,70.43119997688173,230.77567177514533,70.43119997688173,70.43119997688173,49.06513178138161,44.287685307392266
cma,bbob_f003_i74_d10,3,10,74,1,pass,49.90264283508834,117.15990289879421,49.90264283508834,49.90264283508834,44.786193158016374,25.00880974939784
cma,bbob_f003_i74_d10,3,10,74,1,contract,49.90264283508834,52.47473674257252,49.90264283508834,49.90264283508834,49.90264283508834,36.952268175557876
cma,bbob_f003_i74_d10,3,10,74,1,reflect,49.90264283508834,108.28058411211687,49.90264283508834,49.90264283508834,49.90264283508834,38.49488226653854
de,bbob_f004_i73_d10,4,10,73,0,pass,600.1215025193104,19003.59314614383,600.1215025193104,600.1215025193104,600.1215025193104,585.9681898685601
de,bbob_f004_i73_d10,4,10,73,0,contract,600.1215025193104,3404.279246955067,600.1215025193104,600.1215025193104,600.1215025193104,585.9681898685601
de,bbob_f004_i73_d10,4,10,73,0,reflect,600.1215025193104,1802.2801763128316,600.1215025193104,600.1215025193104,600.1215025193104,585.9681898685601
pso,bbob_f004_i73_d10,4,10,73,0,pass,407.5693092162089,1737.9447735521287,407.5693092162089,407.5693092162089,407.5693092162089,399.7195784731538
pso,bbob_f004_i73_d10,4,10,73,0,contract,407.5693092162089,524.0108949659832,407.5693092162089,407.5693092162089,407.5693092162089,399.7195784731538
pso,bbob_f004_i73_d10,4,10,73,0,reflect,407.5693092162089,618.1385060201678,407.5693092162089,407.5693092162089,407.5693092162089,399.7195784731538
cma,bbob_f004_i73_d10,4,10,73,0,pass,401.614397960739,458.4359481513336,401.614397960739,401.614397960739,378.4588037770802,362.76699740505455
cma,bbob_f004_i73_d10,4,10,73,0,contract,401.614397960739,412.8217421146936,401.614397960739,401.614397960739,401.614397960739,392.2945779483294
cma,bbob_f004_i73_d10,4,10,73,0,reflect,401.614397960739,459.08518070221663,401.614397960739,401.614397960739,355.09713688639516,355.09713688639516
de,bbob_f004_i73_d10,4,10,73,1,pass,488.7739094342905,972.2975726945548,488.7739094342905,488.7739094342905,488.7739094342905,488.7739094342905
de,bbob_f004_i73_d10,4,10,73,1,contract,488.7739094342905,625.0192256007092,488.7739094342905,488.7739094342905,488.7739094342905,488.7739094342905
de,bbob_f004_i73_d10,4,10,73,1,reflect,488.7739094342905,6604.1304565285,488.7739094342905,488.7739094342905,488.7739094342905,488.7739094342905
pso,bbob_f004_i73_d10,4,10,73,1,pass,396.90001085727056,543.681031604018,396.90001085727056,396.90001085727056,396.90001085727056,396.90001085727056
pso,bbob_f004_i73_d10,4,10,73,1,contract,396.90001085727056,459.94339672884973,396.90001085727056,396.90001085727056,396.90001085727056,396.90001085727056
pso,bbob_f004_i73_d10,4,10,73,1,reflect,396.90001085727056,1295.054316908569,396.90001085727056,396.90001085727056,396.90001085727056,396.90001085727056
cma,bbob_f004_i73_d10,4,10,73,1,pass,373.74013058586377,410.0112307507213,373.74013058586377,373.74013058586377,373.74013058586377,358.1786460280631
cma,bbob_f004_i73_d10,4,10,73,1,contract,373.74013058586377,413.2761782483698,373.74013058586377,373.74013058586377,373.74013058586377,350.559861685155
cma,bbob_f004_i73_d10,4,10,73,1,reflect,373.74013058586377,634.169971016714,373.74013058586377,373.74013058586377,373.74013058586377,360.7837585979159
de,bbob_f004_i74_d10,4,10,74,0,pass,303.57595367316753,5751.23511106935,303.57595367316753,303.57595367316753,303.57595367316753,254.80689638955397
de,bbob_f004_i74_d10,4,10,74,0,contract,303.57595367316753,729.6600187106507,303.57595367316753,303.57595367316753,303.57595367316753,221.57752052112517
de,bbob_f004_i74_d10,4,10,74,0,reflect,303.57595367316753,11330.289421399078,303.57595367316753,303.57595367316753,303.57595367316753,254.80689638955397
pso,bbob_f004_i74_d10,4,10,74,0,pass,134.38501101709483,149.53080526226847,134.38501101709483,134.38501101709483,128.94497295143407,93.26986307024858
pso,bbob_f004_i74_d10,4,10,74,0,contract,134.38501101709483,109.97129500195162,109.97129500195162,109.97129500195162,109.97129500195162,72.05020466280995
pso,bbob_f004_i74_d10,4,10,74,0,reflect,134.38501101709483,612.1345870342512,134.38501101709483,134.38501101709483,128.94497295143407,93.26986307024858
cma,bbob_f004_i74_d10,4,10,74,0,pass,92.108592754875,167.07540927108795,92.108592754875,92.108592754875,79.84272805090002,35.021772733747994
cma,bbob_f004_i74_d10,4,10,74,0,contract,92.108592754875,147.21264607042485,92.108592754875,92.108592754875,47.80945593466822,47.10629465129364
cma,bbob_f004_i74_d10,4,10,74,0,reflect,92.108592754875,148.27585643986782,92.108592754875,92.108592754875,67.85987871764344,38.2239477243282
de,bbob_f004_i74_d10,4,10,74,1,pass,215.37424068502844,300.4179069241033,215.37424068502844,215.37424068502844,189.74557405952902,184.087427493171
de,bbob_f004_i74_d10,4,10,74,1,contract,215.37424068502844,262.5090103428621,215.37424068502844,215.37424068502844,189.74557405952902,189.74557405952902
de,bbob_f004_i74_d10,4,10,74,1,reflect,215.37424068502844,6879.170432289,215.37424068502844,215.37424068502844,189.74557405952902,189.74557405952902
pso,bbob_f004_i74_d10,4,10,74,1,pass,157.62743847125972,185.70147924261903,157.62743847125972,157.62743847125972,157.62743847125972,74.07965433607326
pso,bbob_f004_i74_d10,4,10,74,1,contract,157.62743847125972,195.7073626423616,157.62743847125972,157.62743847125972,157.62743847125972,74.07965433607326
pso,bbob_f004_i74_d10,4,10,74,1,reflect,157.62743847125972,1890.305437545622,157.62743847125972,157.62743847125972,157.62743847125972,74.07965433607326
cma,bbob_f004_i74_d10,4,10,74,1,pass,113.97990251096833,123.64055807119611,113.97990251096833,113.97990251096833,94.71703583834652,68.28864348594333
cma,bbob_f004_i74_d10,4,10,74,1,contract,113.97990251096833,146.37618186757703,113.97990251096833,113.97990251096833,90.78749679775954,52.24372596900578
cma,bbob_f004_i74_d10,4,10,74,1,reflect,113.97990251096833,140.36412477720688,113.97990251096833,113.97990251096833,113.97990251096833,52.45420061891322
de,bbob_f005_i73_d10,5,10,73,0,pass,1051.2712428207917,1103.4126055007243,1051.2712428207917,1051.2712428207917,1051.2712428207917,1034.65871273209
de,bbob_f005_i73_d10,5,10,73,0,contract,1051.2712428207917,1079.9489922947546,1051.2712428207917,1051.2712428207917,1051.2712428207917,1036.2652369783204
de,bbob_f005_i73_d10,5,10,73,0,reflect,1051.2712428207917,1157.8195275513672,1051.2712428207917,1051.2712428207917,1051.2712428207917,1033.4036373958374
pso,bbob_f005_i73_d10,5,10,73,0,pass,1003.8665085771149,1014.0835290396492,1003.8665085771149,1001.0103498815726,1000.0,1000.0
pso,bbob_f005_i73_d10,5,10,73,0,contract,1003.8665085771149,1009.4858698315088,1003.8665085771149,1001.0103498815726,1000.0,1000.0
pso,bbob_f005_i73_d10,5,10,73,0,reflect,1003.8665085771149,1034.6180323484673,1003.8665085771149,1001.0103498815726,1000.0,1000.0
cma,bbob_f005_i73_d10,5,10,73,0,pass,1033.6624476336826,1049.6116086306067,1033.6624476336826,1031.9993166751435,1028.8200019972094,1026.2574861273988
cma,bbob_f005_i73_d10,5,10,73,0,contract,1033.6624476336826,1042.434486181991,1033.6624476336826,1031.9993166751435,1031.9993166751435,1024.0362689963943
cma,bbob_f005_i73_d10,5,10,73,0,reflect,1033.6624476336826,1042.2910972134318,1033.6624476336826,1031.9993166751435,1028.3907351087303,1025.6214965161496
de,bbob_f005_i73_d10,5,10,73,1,pass,1066.5569182870724,1123.8454092748814,1066.5569182870724,1066.5569182870724,1066.5569182870724,1050.856248108018
de,bbob_f005_i73_d10,5,10,73,1,contract,1066.5569182870724,1098.0655883303673,1066.5569182870724,1066.5569182870724,1066.5569182870724,1051.1897518670337
de,bbob_f005_i73_d10,5,10,73,1,reflect,1066.5569182870724,1128.5236803019548,1066.5569182870724,1066.5569182870724,1066.5569182870724,1050.856248108018
pso,bbob_f005_i73_d10,5,10,73,1,pass,1000.0,1036.8361070880007,1000.0,1000.0,1000.0,1000.0
pso,bbob_f005_i73_d10,5,10,73,1,contract,1000.0,1020.2598588984004,1000.0,1000.0,1000.0,1000.0
pso,bbob_f005_i73_d10,5,10,73,1,reflect,1000.0,1090.3927902211976,1000.0,1000.0,1000.0,1000.0
cma,bbob_f005_i73_d10,5,10,73,1,pass,1029.6121624640953,1035.5184759231452,1029.6121624640953,1027.5537036382434,1024.425955631522,1018.722211791125
cma,bbob_f005_i73_d10,5,10,73,1,contract,1029.6121624640953,1032.9852214779335,1029.6121624640953,1027.5537036382434,1027.5537036382434,1022.2629512061891
cma,bbob_f005_i73_d10,5,10,73,1,reflect,1029.6121624640953,1031.8590124444904,1029.6121624640953,1027.5537036382434,1024.9254435687083,1022.268106595016
de,bbob_f005_i74_d10,5,10,74,0,pass,-114.69760373096857,-30.57056896883236,-114.69760373096857,-114.69760373096857,-114.69760373096857,-119.76757008892612
de,bbob_f005_i74_d10,5,10,74,0,contract,-114.69760373096857,-68.42773461179365,-114.69760373096857,-114.69760373096857,-114.69760373096857,-119.76757008892612
de,bbob_f005_i74_d10,5,10,74,0,reflect,-114.69760373096857,-57.31624419716053,-114.69760373096857,-114.69760373096857,-114.69760373096857,-119.76757008892612
pso,bbob_f005_i74_d10,5,10,74,0,pass,-178.32270060837183,-170.2017495075412,-178.32270060837183,-178.32270060837183,-183.02,-183.02
pso,bbob_f005_i74_d10,5,10,74,0,contract,-178.32270060837183,-173.856177502915,-178.32270060837183,-178.32270060837183,-183.02,-183.02
pso,bbob_f005_i74_d10,5,10,74,0,reflect,-178.32270060837183,-129.03650924087674,-178.32270060837183,-178.32270060837183,-183.02,-183.02
cma,bbob_f005_i74_d10,5,10,74,0,pass,-151.29271227228787,-133.74693637445483,-151.29271227228787,-153.3360292701481,-153.6333798844778,-164.43551438331366
cma,bbob_f005_i74_d10,5,10,74,0,contract,-151.29271227228787,-139.07857378844324,-151.29271227228787,-153.3360292701481,-153.3360292701481,-163.91695301372675
cma,bbob_f005_i74_d10,5,10,74,0,reflect,-151.29271227228787,-142.20641863879112,-151.29271227228787,-153.3360292701481,-153.3360292701481,-158.7547048811992
de,bbob_f005_i74_d10,5,10,74,1,pass,-104.35946098059543,-49.68919655034068,-104.35946098059543,-104.35946098059543,-104.35946098059543,-129.0369150353602
de,bbob_f005_i74_d10,5,10,74,1,contract,-104.35946098059543,-74.2908155439553,-104.35946098059543,-104.35946098059543,-104.35946098059543,-127.63424616114523
de,bbob_f005_i74_d10,5,10,74,1,reflect,-104.35946098059543,-1.5052425087708627,-104.35946098059543,-104.35946098059543,-104.35946098059543,-129.41156467868663
pso,bbob_f005_i74_d10,5,10,74,1,pass,-161.6592095646976,-154.13516734632572,-161.6592095646976,-162.12605441896474,-179.6616734178048,-183.02
pso,bbob_f005_i74_d10,5,10,74,1,contract,-161.6592095646976,-157.52098634459307,-161.6592095646976,-162.12605441896474,-179.6616734178048,-183.02
pso,bbob_f005_i74_d10,5,10,74,1,reflect,-161.6592095646976,-124.25544869846364,-161.6592095646976,-162.12605441896474,-179.6616734178048,-183.02
cma,bbob_f005_i74_d10,5,10,74,1,pass,-144.05743787139286,-135.7244236594132,-144.05743787139286,-144.05743787139286,-151.53892269332164,-159.04022985136675
cma,bbob_f005_i74_d10,5,10,74,1,contract,-144.05743787139286,-139.47428005480404,-144.05743787139286,-144.05743787139286,-148.08925925145246,-162.67828499799356
cma,bbob_f005_i74_d10,5,10,74,1,reflect,-144.05743787139286,-144.98988582516094,-144.98988582516094,-144.98988582516094,-152.23519758364682,-159.15421454276162
de,bbob_f006_i73_d10,6,10,73,0,pass,4605.41616913735,319116.4894349055,4605.41616913735,4605.41616913735,191.37735631529424,175.989011986515
de,bbob_f006_i73_d10,6,10,73,0,contract,4605.41616913735,125966.28400086373,4605.41616913735,4605.41616913735,191.37735631529424,175.989011986515
de,bbob_f006_i73_d10,6,10,73,0,reflect,4605.41616913735,1032524.5008734486,4605.41616913735,4605.41616913735,191.37735631529424,149.79194826683744
pso,bbob_f006_i73_d10,6,10,73,0,pass,173.65071214810092,186.22327682982237,173.65071214810092,139.2481776867082,128.04966047493036,44.34609068825077
pso,bbob_f006_i73_d10,6,10,73,0,contract,173.65071214810092,172.2893497159382,172.2893497159382,149.1847260715822,119.52917040459495,91.47889755443751
pso,bbob_f006_i73_d10,6,10,73,0,reflect,173.65071214810092,208979.8307437535,173.65071214810092,139.2481776867082,128.04966047493036,44.34609068825077
cma,bbob_f006_i73_d10,6,10,73,0,pass,36.18921811727145,82.33498054974079,36.18921811727145,36.18921811727145,8.749525063162341,2.3551964965657817
cma,bbob_f006_i73_d10,6,10,73,0,contract,36.18921811727145,93.358104597466,36.18921811727145,36.18921811727145,35.899147994502925,-0.23234250536799372
cma,bbob_f006_i73_d10,6,10,73,0,reflect,36.18921811727145,3134.271591473965,36.18921811727145,36.18921811727145,30.532297748850542,7.271671787587437
de,bbob_f006_i73_d10,6,10,73,1,pass,35143.95180013221,598662.982922807,35143.95180013221,35143.95180013221,19470.770335352438,120.54242827360993
de,bbob_f006_i73_d10,6,10,73,1,contract,35143.95180013221,62486.860876179875,35143.95180013221,35143.95180013221,19470.770335352438,120.54242827360993
de,bbob_f006_i73_d10,6,10,73,1,reflect,35143.95180013221,272055.34628622426,35143.95180013221,35143.95180013221,19470.770335352438,120.54242827360993
pso,bbob_f006_i73_d10,6,10,73,1,pass,101.7474652953075,3643.319496182561,101.7474652953075,101.7474652953075,60.93904671172004,39.090686051361146
pso,bbob_f006_i73_d10,6,10,73,1,contract,101.7474652953075,180.5333759251101,101.7474652953075,101.7474652953075,60.93904671172004,42.3543800954093
pso,bbob_f006_i73_d10,6,10,73,1,reflect,101.7474652953075,298090.3319365572,101.7474652953075,101.7474652953075,60.93904671172004,42.3543800954093
cma,bbob_f006_i73_d10,6,10,73,1,pass,37.27825439715991,105.20392393169865,37.27825439715991,37.27825439715991,35.14904984433555,30.39613064885363
cma,bbob_f006_i73_d10,6,10,73,1,contract,37.27825439715991,98.39367521077638,37.27825439715991,37.27825439715991,37.27825439715991,4.014347982651916
cma,bbob_f006_i73_d10,6,10,73,1,reflect,37.27825439715991,1960.3164558143746,37.27825439715991,37.27825439715991,37.27825439715991,11.176320331385401
de,bbob_f006_i74_d10,6,10,74,0,pass,4285.920349669196,124434.66920433746,4285.920349669196,4285.920349669196,4285.920349669196,905.2413025223573
de,bbob_f006_i74_d10,6,10,74,0,contract,4285.920349669196,48560.55194270119,4285.920349669196,4285.920349669196,4285.920349669196,632.9865419333629
de,bbob_f006_i74_d10,6,10,74,0,reflect,4285.920349669196,751385.5626337306,4285.920349669196,4285.920349669196,4285.920349669196,1597.2807442254098
pso,bbob_f006_i74_d10,6,10,74,0,pass,640.4929271455824,1948.3862538991402,640.4929271455824,640.4929271455824,640.4929271455824,573.9943159974841
pso,bbob_f006_i74_d10,6,10,74,0,contract,640.4929271455824,651.355394906162,640.4929271455824,640.4929271455824,640.4929271455824,573.9943159974841
pso,bbob_f006_i74_d10,6,10,74,0,reflect,640.4929271455824,38855.63209183092,640.4929271455824,640.4929271455824,640.4929271455824,573.9943159974841
cma,bbob_f006_i74_d10,6,10,74,0,pass,628.0214518715957,893.7285477824037,628.0214518715957,628.0214518715957,610.8605675619813,560.8712255926964
cma,bbob_f006_i74_d10,6,10,74,0,contract,628.0214518715957,737.8006764526776,628.0214518715957,628.0214518715957,579.7011446304822,550.9127306309786
cma,bbob_f006_i74_d10,6,10,74,0,reflect,628.0214518715957,34947.50663594602,628.0214518715957,628.0214518715957,628.0214518715957,577.4063153656755
de,bbob_f006_i74_d10,6,10,74,1,pass,20721.7843204267,234871.64001985628,20721.7843204267,20721.7843204267,4135.0003827887285,783.2444071337101
de,bbob_f006_i74_d10,6,10,74,1,contract,20721.7843204267,47135.38056280948,20721.7843204267,20721.7843204267,4135.0003827887285,821.7894259323216
de,bbob_f006_i74_d10,6,10,74,1,reflect,20721.7843204267,598356.3710104157,20721.7843204267,20721.7843204267,4135.0003827887285,787.8152736746774
pso,bbob_f006_i74_d10,6,10,74,1,pass,678.9221651971667,22526.768579581487,678.9221651971667,678.9221651971667,671.6754644705019,555.377639454985
pso,bbob_f006_i74_d10,6,10,74,1,contract,678.9221651971667,2303.501923983664,678.9221651971667,678.9221651971667,671.6754644705019,555.377639454985
pso,bbob_f006_i74_d10,6,10,74,1,reflect,678.9221651971667,70068.83922356021,678.9221651971667,678.9221651971667,671.6754644705019,555.377639454985
cma,bbob_f006_i74_d10,6,10,74,1,pass,670.7536931192968,685.0537720859694,670.7536931192968,670.7536931192968,649.0122372756088,557.7996223991795
cma,bbob_f006_i74_d10,6,10,74,1,contract,670.7536931192968,675.6374033290607,670.7536931192968,670.7536931192968,608.1645970275528,578.0214692143402
cma,bbob_f006_i74_d10,6,10,74,1,reflect,670.7536931192968,2520.5061988391544,670.7536931192968,670.7536931192968,632.2965165117772,586.6683585878274
de,bbob_f007_i73_d10,7,10,73,0,pass,-22.31799786541714,826.872961325337,-22.31799786541714,-22.31799786541714,-86.09794383667143,-86.09794383667143
de,bbob_f007_i73_d10,7,10,73,0,contract,-22.31799786541714,188.74253972897714,-22.31799786541714,-22.31799786541714,-86.09794383667143,-95.20231132717221
de,bbob_f007_i73_d10,7,10,73,0,reflect,-22.31799786541714,500.8311872446007,-22.31799786541714,-22.31799786541714,-86.09794383667143,-86.09794383667143
pso,bbob_f007_i73_d10,7,10,73,0,pass,-63.60634966739366,334.36564884298525,-63.60634966739366,-63.60634966739366,-76.07596868890808,-121.5980452698378
pso,bbob_f007_i73_d10,7,10,73,0,contract,-63.60634966739366,112.58017076706619,-63.60634966739366,-63.60634966739366,-76.07596868890808,-121.5980452698378
pso,bbob_f007_i73_d10,7,10,73,0,reflect,-63.60634966739366,92.68281271128632,-63.60634966739366,-63.60634966739366,-76.07596868890808,-121.5980452698378
cma,bbob_f007_i73_d10,7,10,73,0,pass,-139.73804699078704,-121.14419346468819,-139.73804699078704,-141.4938996050201,-147.22804837876902,-158.44023818075823
cma,bbob_f007_i73_d10,7,10,73,0,contract,-139.73804699078704,-132.4677645458113,-139.73804699078704,-141.4938996050201,-148.91529675148058,-157.34463477789316
cma,bbob_f007_i73_d10,7,10,73,0,reflect,-139.73804699078704,1.2686480445230188,-139.73804699078704,-141.4938996050201,-151.29243522343535,-158.61547894748375
de,bbob_f007_i73_d10,7,10,73,1,pass,-78.33088760851804,1195.645046631883,-78.33088760851804,-78.33088760851804,-78.33088760851804,-113.58308155113019
de,bbob_f007_i73_d10,7,10,73,1,contract,-78.33088760851804,317.9458741864008,-78.33088760851804,-78.33088760851804,-78.33088760851804,-113.58308155113019
de,bbob_f007_i73_d10,7,10,73,1,reflect,-78.33088760851804,1158.4095631288394,-78.33088760851804,-78.33088760851804,-78.33088760851804,-113.58308155113019
pso,bbob_f007_i73_d10,7,10,73,1,pass,-66.19054311882383,30.75342158289419,-66.19054311882383,-66.19054311882383,-92.46670469674264,-116.24891576191607
pso,bbob_f007_i73_d10,7,10,73,1,contract,-66.19054311882383,-26.30091134307483,-66.19054311882383,-66.19054311882383,-92.46670469674264,-116.24891576191607
pso,bbob_f007_i73_d10,7,10,73,1,reflect,-66.19054311882383,430.45157251220263,-66.19054311882383,-66.19054311882383,-92.46670469674264,-116.24891576191607
cma,bbob_f007_i73_d10,7,10,73,1,pass,-138.29853755785587,-126.16421938251142,-138.29853755785587,-151.83355447154946,-151.83355447154946,-151.86309412543548
cma,bbob_f007_i73_d10,7,10,73,1,contract,-138.29853755785587,-137.00165490445485,-138.29853755785587,-151.83355447154946,-151.83355447154946,-161.66680515023978
cma,bbob_f007_i73_d10,7,10,73,1,reflect,-138.29853755785587,-104.73440988999992,-138.29853755785587,-151.83355447154946,-151.83355447154946,-156.4911747279461
de,bbob_f007_i74_d10,7,10,74,0,pass,198.25519800813234,1678.7708453893308,198.25519800813234,198.25519800813234,198.25519800813234,198.25519800813234
de,bbob_f007_i74_d10,7,10,74,0,contract,198.25519800813234,615.217964140552,198.25519800813234,198.25519800813234,198.25519800813234,198.25519800813234
de,bbob_f007_i74_d10,7,10,74,0,reflect,198.25519800813234,404.06019218232404,198.25519800813234,198.25519800813234,198.25519800813234,198.25519800813234
pso,bbob_f007_i74_d10,7,10,74,0,pass,130.19914378211865,182.86151991882073,130.19914378211865,113.86446696648343,113.86446696648343,110.32052939342582
pso,bbob_f007_i74_d10,7,10,74,0,contract,130.19914378211865,140.6351127094666,130.19914378211865,113.86446696648343,113.86446696648343,110.32052939342582
pso,bbob_f007_i74_d10,7,10,74,0,reflect,130.19914378211865,1233.0502916770115,130.19914378211865,113.86446696648343,113.86446696648343,110.32052939342582
cma,bbob_f007_i74_d10,7,10,74,0,pass,140.30603120679388,205.20099161243087,140.30603120679388,130.74401951176932,112.73918883616244,97.54431371569878
cma,bbob_f007_i74_d10,7,10,74,0,contract,140.30603120679388,166.7367059350887,140.30603120679388,130.74401951176932,113.81361743142327,106.16874453120926
cma,bbob_f007_i74_d10,7,10,74,0,reflect,140.30603120679388,249.27375713665256,140.30603120679388,130.74401951176932,122.14620591520062,101.19506895112599
de,bbob_f007_i74_d10,7,10,74,1,pass,187.42284928421782,209.07663217145085,187.42284928421782,187.42284928421782,187.42284928421782,187.42284928421782
de,bbob_f007_i74_d10,7,10,74,1,contract,187.42284928421782,186.62390871470427,186.62390871470427,186.62390871470427,186.62390871470427,186.62390871470427
de,bbob_f007_i74_d10,7,10,74,1,reflect,187.42284928421782,845.0909204034098,187.42284928421782,187.42284928421782,187.42284928421782,187.42284928421782
pso,bbob_f007_i74_d10,7,10,74,1,pass,172.40442493859393,767.5738037023965,172.40442493859393,148.6006841969011,148.6006841969011,124.0211214600778
pso,bbob_f007_i74_d10,7,10,74,1,contract,172.40442493859393,358.2682587899485,172.40442493859393,148.6006841969011,148.6006841969011,124.0211214600778
pso,bbob_f007_i74_d10,7,10,74,1,reflect,172.40442493859393,648.9565478624701,172.40442493859393,148.6006841969011,148.6006841969011,124.0211214600778
cma,bbob_f007_i74_d10,7,10,74,1,pass,126.83461933972757,198.48564799673568,126.83461933972757,125.72603631733872,114.29454347803164,100.17402861261193
cma,bbob_f007_i74_d10,7,10,74,1,contract,126.83461933972757,158.82474814919703,126.83461933972757,125.72603631733872,112.38663167703054,95.98324160107049
cma,bbob_f007_i74_d10,7,10,74,1,reflect,126.83461933972757,166.86510193647865,126.83461933972757,125.72603631733872,112.45485430307362,98.83380955762877
de,bbob_f008_i73_d10,8,10,73,0,pass,29599.33043222693,154211.56426090954,29599.33043222693,29599.33043222693,29599.33043222693,27206.463695462986
de,bbob_f008_i73_d10,8,10,73,0,contract,29599.33043222693,10402.757986892451,10402.757986892451,10402.757986892451,10402.757986892451,10402.757986892451
de,bbob_f008_i73_d10,8,10,73,0,reflect,29599.33043222693,382302.3483950243,29599.33043222693,29599.33043222693,29599.33043222693,27206.463695462986
pso,bbob_f008_i73_d10,8,10,73,0,pass,2776.3324843487317,9469.18803951397,2776.3324843487317,2776.3324843487317,2067.22733854781,950.1655547963985
pso,bbob_f008_i73_d10,8,10,73,0,contract,2776.3324843487317,3166.0752042501626,2776.3324843487317,2776.3324843487317,2067.22733854781,950.1655547963985
pso,bbob_f008_i73_d10,8,10,73,0,reflect,2776.3324843487317,52159.745236604205,2776.3324843487317,2776.3324843487317,2067.22733854781,950.1655547963985
cma,bbob_f008_i73_d10,8,10,73,0,pass,154.14709779141955,297.5053142140658,154.14709779141955,115.88777451202911,32.8394889658348,-15.343248947378559
cma,bbob_f008_i73_d10,8,10,73,0,contract,154.14709779141955,133.74210262916617,133.74210262916617,115.88777451202911,12.466094566745763,-13.629128026130703
cma,bbob_f008_i73_d10,8,10,73,0,reflect,154.14709779141955,409.34321038603406,154.14709779141955,115.88777451202911,45.469458670123274,-15.875817341782177
de,bbob_f008_i73_d10,8,10,73,1,pass,21831.2719071279,313796.12140280096,21831.2719071279,21831.2719071279,21831.2719071279,9606.759207534184
de,bbob_f008_i73_d10,8,10,73,1,contract,21831.2719071279,38082.545140369,21831.2719071279,21831.2719071279,21831.2719071279,3734.5159860444314
de,bbob_f008_i73_d10,8,10,73,1,reflect,21831.2719071279,343806.8683126597,21831.2719071279,21831.2719071279,21831.2719071279,9606.759207534184
pso,bbob_f008_i73_d10,8,10,73,1,pass,443.48726776183247,31084.063844256103,443.48726776183247,443.48726776183247,443.48726776183247,279.0079814605831
pso,bbob_f008_i73_d10,8,10,73,1,contract,443.48726776183247,5873.410341147728,443.48726776183247,443.48726776183247,443.48726776183247,279.0079814605831
pso,bbob_f008_i73_d10,8,10,73,1,reflect,443.48726776183247,140443.0564836146,443.48726776183247,443.48726776183247,443.48726776183247,279.0079814605831
cma,bbob_f008_i73_d10,8,10,73,1,pass,92.20666970116869,172.67105811394094,92.20666970116869,92.20666970116869,92.20666970116869,-2.0131829168278337
cma,bbob_f008_i73_d10,8,10,73,1,contract,92.20666970116869,145.18323515798713,92.20666970116869,92.20666970116869,92.20666970116869,-5.898167590239087
cma,bbob_f008_i73_d10,8,10,73,1,reflect,92.20666970116869,490.6433590548569,92.20666970116869,92.20666970116869,49.03261559648789,-5.788508419598212
de,bbob_f008_i74_d10,8,10,74,0,pass,20594.064993539738,287977.6106161489,20594.064993539738,20594.064993539738,20594.064993539738,20594.064993539738
de,bbob_f008_i74_d10,8,10,74,0,contract,20594.064993539738,49616.47234023501,20594.064993539738,20594.064993539738,20594.064993539738,12678.807341136284
de,bbob_f008_i74_d10,8,10,74,0,reflect,20594.064993539738,354295.9795837395,20594.064993539738,20594.064993539738,20594.064993539738,20594.064993539738
pso,bbob_f008_i74_d10,8,10,74,0,pass,1010.6225698506114,31120.8170807103,1010.6225698506114,1010.6225698506114,1010.6225698506114,1010.6225698506114
pso,bbob_f008_i74_d10,8,10,74,0,contract,1010.6225698506114,3739.1530481667196,1010.6225698506114,1010.6225698506114,1010.6225698506114,1010.6225698506114
pso,bbob_f008_i74_d10,8,10,74,0,reflect,1010.6225698506114,5633.930674876515,1010.6225698506114,1010.6225698506114,1010.6225698506114,646.5848114963908
cma,bbob_f008_i74_d10,8,10,74,0,pass,439.43969668480537,838.3422702498584,439.43969668480537,260.8766952622751,160.38655146282557,41.48368087826232
cma,bbob_f008_i74_d10,8,10,74,0,contract,439.43969668480537,440.7602862709551,439.43969668480537,260.8766952622751,160.0201414516939,37.23886617124629
cma,bbob_f008_i74_d10,8,10,74,0,reflect,439.43969668480537,2508.4612256420623,439.43969668480537,260.8766952622751,138.02999558931253,32.422592503990785
de,bbob_f008_i74_d10,8,10,74,1,pass,9774.67627616862,134584.29393047115,9774.67627616862,9774.67627616862,9774.67627616862,9774.67627616862
de,bbob_f008_i74_d10,8,10,74,1,contract,9774.67627616862,10025.85010566131,9774.67627616862,9774.67627616862,9774.67627616862,9774.67627616862
de,bbob_f008_i74_d10,8,10,74,1,reflect,9774.67627616862,260823.71036870722,9774.67627616862,9774.67627616862,9774.67627616862,9330.91922722326
pso,bbob_f008_i74_d10,8,10,74,1,pass,3201.6278377819235,10070.197462528282,3201.6278377819235,3201.6278377819235,3129.550720392836,1063.697558624501
pso,bbob_f008_i74_d10,8,10,74,1,contract,3201.6278377819235,4661.7734140245075,3201.6278377819235,3201.6278377819235,3129.550720392836,1063.697558624501
pso,bbob_f008_i74_d10,8,10,74,1,reflect,3201.6278377819235,44520.11110094416,3201.6278377819235,3201.6278377819235,3129.550720392836,1063.697558624501
cma,bbob_f008_i74_d10,8,10,74,1,pass,209.87688719682012,295.9974453406937,209.87688719682012,209.87688719682012,92.2901254698877,23.552612012980155
cma,bbob_f008_i74_d10,8,10,74,1,contract,209.87688719682012,224.1655780263381,209.87688719682012,209.87688719682012,83.62464855757517,34.88727029616375
cma,bbob_f008_i74_d10,8,10,74,1,reflect,209.87688719682012,889.7767625958429,209.87688719682012,209.87688719682012,72.16491696504056,40.72545714254216
de,bbob_f009_i73_d10,9,10,73,0,pass,4457.316023005984,593368.8933630489,4457.316023005984,4457.316023005984,4457.316023005984,4457.316023005984
de,bbob_f009_i73_d10,9,10,73,0,contract,4457.316023005984,52101.466310818854,4457.316023005984,4457.316023005984,4457.316023005984,4457.316023005984
de,bbob_f009_i73_d10,9,10,73,0,reflect,4457.316023005984,422169.1137188321,4457.316023005984,4457.316023005984,4457.316023005984,4457.316023005984
pso,bbob_f009_i73_d10,9,10,73,0,pass,1207.3417307054008,43228.681819697624,1207.3417307054008,1207.3417307054008,1207.3417307054008,1186.816865510711
pso,bbob_f009_i73_d10,9,10,73,0,contract,1207.3417307054008,3866.9901235643592,1207.3417307054008,1207.3417307054008,1207.3417307054008,1186.816865510711
pso,bbob_f009_i73_d10,9,10,73,0,reflect,1207.3417307054008,128544.8160832374,1207.3417307054008,1207.3417307054008,1207.3417307054008,1186.816865510711
cma,bbob_f009_i73_d10,9,10,73,0,pass,1244.4771437276013,1430.4856272194615,1244.4771437276013,1244.4771437276013,1037.126921737864,1016.6114509025814
cma,bbob_f009_i73_d10,9,10,73,0,contract,1244.4771437276013,1330.315000037802,1244.4771437276013,1244.4771437276013,1154.7463466231143,1018.6235252188164
cma,bbob_f009_i73_d10,9,10,73,0,reflect,1244.4771437276013,1748.5657806649747,1244.4771437276013,1244.4771437276013,1053.4251099429134,1019.0097969387328
de,bbob_f009_i73_d10,9,10,73,1,pass,13118.096992667066,125844.63891428176,13118.096992667066,13118.096992667066,13118.096992667066,6007.319152724526
de,bbob_f009_i73_d10,9,10,73,1,contract,13118.096992667066,28088.46466122232,13118.096992667066,13118.096992667066,13118.096992667066,13118.096992667066
de,bbob_f009_i73_d10,9,10,73,1,reflect,13118.096992667066,239020.06499625542,13118.096992667066,13118.096992667066,13118.096992667066,6007.319152724526
pso,bbob_f009_i73_d10,9,10,73,1,pass,2155.7210202655074,38726.74132764687,2155.7210202655074,2155.7210202655074,2155.7210202655074,1465.906431969453
pso,bbob_f009_i73_d10,9,10,73,1,contract,2155.7210202655074,4611.152112500311,2155.7210202655074,2155.7210202655074,2155.7210202655074,1465.906431969453
pso,bbob_f009_i73_d10,9,10,73,1,reflect,2155.7210202655074,296269.5971339932,2155.7210202655074,2155.7210202655074,2155.7210202655074,1465.906431969453
cma,bbob_f009_i73_d10,9,10,73,1,pass,1260.048830252867,2140.401857084814,1260.048830252867,1260.048830252867,1128.056930919529,1034.834258905448
cma,bbob_f009_i73_d10,9,10,73,1,contract,1260.048830252867,1436.6027815062282,1260.048830252867,1260.048830252867,1142.9297261033148,1022.9880750399726
cma,bbob_f009_i73_d10,9,10,73,1,reflect,1260.048830252867,2510.720451181248,1260.048830252867,1260.048830252867,1119.0325894723128,1032.4392416855485
de,bbob_f009_i74_d10,9,10,74,0,pass,5890.509572512708,196374.54632165798,5890.509572512708,5890.509572512708,4047.3441064487483,4047.3441064487483
de,bbob_f009_i74_d10,9,10,74,0,contract,5890.509572512708,21297.027219551077,5890.509572512708,5890.509572512708,4047.3441064487483,4047.3441064487483
de,bbob_f009_i74_d10,9,10,74,0,reflect,5890.509572512708,597473.7984374055,5890.509572512708,5890.509572512708,4047.3441064487483,4047.3441064487483
pso,bbob_f009_i74_d10,9,10,74,0,pass,3149.8526348283726,109263.6178429691,3149.8526348283726,2346.8416730625368,2229.2772903538553,680.1935734379997
pso,bbob_f009_i74_d10,9,10,74,0,contract,3149.8526348283726,12701.040819365768,3149.8526348283726,2346.8416730625368,2229.2772903538553,680.1935734379997
pso,bbob_f009_i74_d10,9,10,74,0,reflect,3149.8526348283726,503926.00297658145,3149.8526348283726,2346.8416730625368,2229.2772903538553,680.1935734379997
cma,bbob_f009_i74_d10,9,10,74,0,pass,335.48017060166535,882.6301518920621,335.48017060166535,335.48017060166535,270.22316696893654,94.3882160952582
cma,bbob_f009_i74_d10,9,10,74,0,contract,335.48017060166535,312.0855023872109,312.0855023872109,312.0855023872109,164.986287062924,67.10201971780276
cma,bbob_f009_i74_d10,9,10,74,0,reflect,335.48017060166535,14868.130646761632,335.48017060166535,335.48017060166535,223.17751596729926,74.260062862513
de,bbob_f009_i74_d10,9,10,74,1,pass,10089.625066102475,282423.22380440903,10089.625066102475,10089.625066102475,10089.625066102475,3753.7511498286613
de,bbob_f009_i74_d10,9,10,74,1,contract,10089.625066102475,13557.57507418617,10089.625066102475,10089.625066102475,10089.625066102475,3753.7511498286613
de,bbob_f009_i74_d10,9,10,74,1,reflect,10089.625066102475,312039.39557007595,10089.625066102475,10089.625066102475,10089.625066102475,3753.7511498286613
pso,bbob_f009_i74_d10,9,10,74,1,pass,1784.0677052800231,34905.89760918227,1784.0677052800231,1784.0677052800231,1784.0677052800231,487.5485453181773
pso,bbob_f009_i74_d10,9,10,74,1,contract,1784.0677052800231,8226.651497995916,1784.0677052800231,1784.0677052800231,1784.0677052800231,487.5485453181773
pso,bbob_f009_i74_d10,9,10,74,1,reflect,1784.0677052800231,163479.51100730183,1784.0677052800231,1784.0677052800231,1784.0677052800231,487.5485453181773
cma,bbob_f009_i74_d10,9,10,74,1,pass,1343.5657658699279,1827.693223683953,1343.5657658699279,1166.839948420093,1108.4110470597755,609.1318682467903
cma,bbob_f009_i74_d10,9,10,74,1,contract,1343.5657658699279,1387.4282237638718,1343.5657658699279,1166.839948420093,616.8111591646298,238.87367927863167
cma,bbob_f009_i74_d10,9,10,74,1,reflect,1343.5657658699279,2940.6702765472687,1343.5657658699279,1166.839948420093,767.7686828222103,556.9758279392648
de,bbob_f010_i73_d10,10,10,73,0,pass,1017151.6098374203,5773026.6169299325,1017151.6098374203,1017151.6098374203,1017151.6098374203,116626.64436458926
de,bbob_f010_i73_d10,10,10,73,0,contract,1017151.6098374203,1484623.638076616,1017151.6098374203,1017151.6098374203,1017151.6098374203,116626.64436458926
de,bbob_f010_i73_d10,10,10,73,0,reflect,1017151.6098374203,3467722.3159855856,1017151.6098374203,1017151.6098374203,1017151.6098374203,116626.64436458926
pso,bbob_f010_i73_d10,10,10,73,0,pass,121500.27807835999,2492112.4463805663,121500.27807835999,121500.27807835999,121500.27807835999,61984.86860773605
pso,bbob_f010_i73_d10,10,10,73,0,contract,121500.27807835999,735267.5991635926,121500.27807835999,121500.27807835999,121500.27807835999,61984.86860773605
pso,bbob_f010_i73_d10,10,10,73,0,reflect,121500.27807835999,6317160.488298097,121500.27807835999,121500.27807835999,121500.27807835999,61984.86860773605
cma,bbob_f010_i73_d10,10,10,73,0,pass,56778.096389531114,62095.072029498835,56778.096389531114,56778.096389531114,15279.423126201369,15279.423126201369
cma,bbob_f010_i73_d10,10,10,73,0,contract,56778.096389531114,66892.5117277487,56778.096389531114,56778.096389531114,54559.24455526433,4482.595553206362
cma,bbob_f010_i73_d10,10,10,73,0,reflect,56778.096389531114,290301.7860795939,56778.096389531114,56778.096389531114,33610.44703951661,6550.769095176537
de,bbob_f010_i73_d10,10,10,73,1,pass,469870.0046984145,10407126.588270245,469870.0046984145,469870.0046984145,469870.0046984145,250054.22556404903
de,bbob_f010_i73_d10,10,10,73,1,contract,469870.0046984145,2648643.3851412633,469870.0046984145,469870.0046984145,469870.0046984145,239752.08425035703
de,bbob_f010_i73_d10,10,10,73,1,reflect,469870.0046984145,4566682.90182218,469870.0046984145,469870.0046984145,469870.0046984145,250054.22556404903
pso,bbob_f010_i73_d10,10,10,73,1,pass,184675.81227466877,4193702.506573124,184675.81227466877,184675.81227466877,112341.30122061142,79297.9272936056
pso,bbob_f010_i73_d10,10,10,73,1,contract,184675.81227466877,1645277.813477373,184675.81227466877,184675.81227466877,112341.30122061142,79297.9272936056
pso,bbob_f010_i73_d10,10,10,73,1,reflect,184675.81227466877,3031206.4090156574,184675.81227466877,184675.81227466877,112341.30122061142,79297.9272936056
cma,bbob_f010_i73_d10,10,10,73,1,pass,80887.68215580065,278086.01790582406,80887.68215580065,80887.68215580065,77931.56010592524,39735.414847324675
cma,bbob_f010_i73_d10,10,10,73,1,contract,80887.68215580065,110834.52838778864,80887.68215580065,80887.68215580065,80887.68215580065,48964.803817213025
cma,bbob_f010_i73_d10,10,10,73,1,reflect,80887.68215580065,379712.0707909412,80887.68215580065,80887.68215580065,73300.09396918192,28922.93406891247
de,bbob_f010_i74_d10,10,10,74,0,pass,650961.6313003963,5683835.881371797,650961.6313003963,650961.6313003963,463318.00978132425,342860.6493217332
de,bbob_f010_i74_d10,10,10,74,0,contract,650961.6313003963,1890605.7585313162,650961.6313003963,650961.6313003963,463318.00978132425,342860.6493217332
de,bbob_f010_i74_d10,10,10,74,0,reflect,650961.6313003963,975462.5339103778,650961.6313003963,650961.6313003963,463318.00978132425,342860.6493217332
pso,bbob_f010_i74_d10,10,10,74,0,pass,71559.01309197494,1159129.5923358868,71559.01309197494,67606.50300305594,67606.50300305594,51398.09226323067
pso,bbob_f010_i74_d10,10,10,74,0,contract,71559.01309197494,407583.72337081423,71559.01309197494,67606.50300305594,67606.50300305594,51398.09226323067
pso,bbob_f010_i74_d10,10,10,74,0,reflect,71559.01309197494,670830.5668681568,71559.01309197494,67606.50300305594,67606.50300305594,51398.09226323067
cma,bbob_f010_i74_d10,10,10,74,0,pass,123225.44573780589,569291.9159933387,123225.44573780589,123225.44573780589,75731.60501544362,33271.069007526545
cma,bbob_f010_i74_d10,10,10,74,0,contract,123225.44573780589,321151.74428654305,123225.44573780589,123225.44573780589,21075.39779184581,14422.209532014933
cma,bbob_f010_i74_d10,10,10,74,0,reflect,123225.44573780589,883086.9438363732,123225.44573780589,123225.44573780589,86251.91206911264,14127.989934522746
de,bbob_f010_i74_d10,10,10,74,1,pass,683072.8474351297,8385837.47886317,683072.8474351297,590766.0512876583,355368.7699411909,106495.87404103
de,bbob_f010_i74_d10,10,10,74,1,contract,683072.8474351297,2195856.281150763,683072.8474351297,590766.0512876583,355368.7699411909,106495.87404103
de,bbob_f010_i74_d10,10,10,74,1,reflect,683072.8474351297,3274318.6078237994,683072.8474351297,590766.0512876583,355368.7699411909,265941.0921514812
pso,bbob_f010_i74_d10,10,10,74,1,pass,76751.44919009937,1061800.6619341793,76751.44919009937,76751.44919009937,76751.44919009937,33575.63417926177
pso,bbob_f010_i74_d10,10,10,74,1,contract,76751.44919009937,361631.0730260293,76751.44919009937,76751.44919009937,76751.44919009937,33575.63417926177
pso,bbob_f010_i74_d10,10,10,74,1,reflect,76751.44919009937,630245.8757199246,76751.44919009937,76751.44919009937,76751.44919009937,33575.63417926177
cma,bbob_f010_i74_d10,10,10,74,1,pass,107506.10940529684,538457.5983019597,107506.10940529684,26885.755288462315,26885.755288462315,9108.534436255311
cma,bbob_f010_i74_d10,10,10,74,1,contract,107506.10940529684,209535.2886786536,107506.10940529684,26885.755288462315,26885.755288462315,16823.42206460456
cma,bbob_f010_i74_d10,10,10,74,1,reflect,107506.10940529684,604773.3698982936,107506.10940529684,26885.755288462315,26885.755288462315,9131.964582371636
de,bbob_f011_i73_d10,11,10,73,0,pass,674.358306167543,2102836.979303632,674.358306167543,661.3316342018086,340.40965357398363,340.40965357398363
de,bbob_f011_i73_d10,11,10,73,0,contract,674.358306167543,574571.9716777796,674.358306167543,661.3316342018086,340.40965357398363,340.40965357398363
de,bbob_f011_i73_d10,11,10,73,0,reflect,674.358306167543,4873478.346587395,674.358306167543,661.3316342018086,340.40965357398363,340.40965357398363
pso,bbob_f011_i73_d10,11,10,73,0,pass,272.4535769907651,1066649.318069121,272.4535769907651,272.4535769907651,272.4535769907651,272.4535769907651
pso,bbob_f011_i73_d10,11,10,73,0,contract,272.4535769907651,255208.85977284148,272.4535769907651,272.4535769907651,272.4535769907651,272.4535769907651
pso,bbob_f011_i73_d10,11,10,73,0,reflect,272.4535769907651,75268.33933915304,272.4535769907651,272.4535769907651,272.4535769907651,272.4535769907651
cma,bbob_f011_i73_d10,11,10,73,0,pass,488.9478155987895,1188.5685910037878,488.9478155987895,488.9478155987895,299.40962087703423,299.40962087703423
cma,bbob_f011_i73_d10,11,10,73,0,contract,488.9478155987895,4387.585812261502,488.9478155987895,488.9478155987895,318.1213854586246,241.76127149340005
cma,bbob_f011_i73_d10,11,10,73,0,reflect,488.9478155987895,2218509.130999242,488.9478155987895,488.9478155987895,196.00532110205728,196.00532110205728
de,bbob_f011_i73_d10,11,10,73,1,pass,214.3375420021489,1132977.7446222482,214.3375420021489,214.3375420021489,204.8794380035496,204.8794380035496
de,bbob_f011_i73_d10,11,10,73,1,contract,214.3375420021489,295597.0277070311,214.3375420021489,214.3375420021489,204.8794380035496,204.8794380035496
de,bbob_f011_i73_d10,11,10,73,1,reflect,214.3375420021489,10730404.444283126,214.3375420021489,214.3375420021489,204.8794380035496,204.8794380035496
pso,bbob_f011_i73_d10,11,10,73,1,pass,214.3375420021489,408007.8971307706,214.3375420021489,214.3375420021489,214.3375420021489,214.3375420021489
pso,bbob_f011_i73_d10,11,10,73,1,contract,214.3375420021489,155929.38178097812,214.3375420021489,214.3375420021489,214.3375420021489,214.3375420021489
pso,bbob_f011_i73_d10,11,10,73,1,reflect,214.3375420021489,6661311.987677901,214.3375420021489,214.3375420021489,214.3375420021489,214.3375420021489
cma,bbob_f011_i73_d10,11,10,73,1,pass,240.22369117237653,129721.98557314013,240.22369117237653,240.22369117237653,240.22369117237653,240.22369117237653
cma,bbob_f011_i73_d10,11,10,73,1,contract,240.22369117237653,42060.03623576661,240.22369117237653,240.22369117237653,240.22369117237653,240.22369117237653
cma,bbob_f011_i73_d10,11,10,73,1,reflect,240.22369117237653,48659.215120501,240.22369117237653,240.22369117237653,240.22369117237653,240.22369117237653
de,bbob_f011_i74_d10,11,10,74,0,pass,15987.501861928213,11347996.76917352,15987.501861928213,15987.501861928213,15987.501861928213,804.8112830623699
de,bbob_f011_i74_d10,11,10,74,0,contract,15987.501861928213,3870151.310193291,15987.501861928213,15987.501861928213,15987.501861928213,804.8112830623699
de,bbob_f011_i74_d10,11,10,74,0,reflect,15987.501861928213,682385.617038105,15987.501861928213,15987.501861928213,2020.222943113983,1548.4005130187757
pso,bbob_f011_i74_d10,11,10,74,0,pass,188.91524517913632,108284.36244729429,188.91524517913632,188.91524517913632,188.91524517913632,188.91524517913632
pso,bbob_f011_i74_d10,11,10,74,0,contract,188.91524517913632,33284.12867264347,188.91524517913632,188.91524517913632,188.91524517913632,188.91524517913632
pso,bbob_f011_i74_d10,11,10,74,0,reflect,188.91524517913632,2079557.5832869585,188.91524517913632,188.91524517913632,188.91524517913632,188.91524517913632
cma,bbob_f011_i74_d10,11,10,74,0,pass,80.84895233897409,1186.9625890483303,80.84895233897409,80.84895233897409,80.84895233897409,27.368799219225764
cma,bbob_f011_i74_d10,11,10,74,0,contract,80.84895233897409,41.78308913205709,41.78308913205709,41.78308913205709,41.78308913205709,41.78308913205709
cma,bbob_f011_i74_d10,11,10,74,0,reflect,80.84895233897409,12979.929446260672,80.84895233897409,80.84895233897409,48.412700251247614,23.577800013392775
de,bbob_f011_i74_d10,11,10,74,1,pass,1060.2373429916406,5958375.750311005,1060.2373429916406,1060.2373429916406,1060.2373429916406,146.6415812296902
de,bbob_f011_i74_d10,11,10,74,1,contract,1060.2373429916406,2249135.1627420946,1060.2373429916406,1060.2373429916406,1060.2373429916406,146.6415812296902
de,bbob_f011_i74_d10,11,10,74,1,reflect,1060.2373429916406,39518479.51045972,1060.2373429916406,1060.2373429916406,1060.2373429916406,146.6415812296902
pso,bbob_f011_i74_d10,11,10,74,1,pass,3601.36208923995,490319.74914428615,3601.36208923995,3601.36208923995,67.48703045988057,55.39183009500945
pso,bbob_f011_i74_d10,11,10,74,1,contract,3601.36208923995,112544.9161673292,3601.36208923995,3601.36208923995,67.48703045988057,55.39183009500945
pso,bbob_f011_i74_d10,11,10,74,1,reflect,3601.36208923995,8239932.98163586,3601.36208923995,3601.36208923995,67.48703045988057,55.39183009500945
cma,bbob_f011_i74_d10,11,10,74,1,pass,31.80659338153263,480879.3282160961,31.80659338153263,31.80659338153263,19.797943609972904,19.797943609972904
cma,bbob_f011_i74_d10,11,10,74,1,contract,31.80659338153263,129648.75241880017,31.80659338153263,31.80659338153263,31.80659338153263,31.80659338153263
cma,bbob_f011_i74_d10,11,10,74,1,reflect,31.80659338153263,67728.39694297567,31.80659338153263,31.80659338153263,31.80659338153263,13.01416174980853
de,bbob_f012_i73_d10,12,10,73,0,pass,31668614.025649372,502166120.9684698,31668614.025649372,31668614.025649372,31668614.025649372,24365746.63645687
de,bbob_f012_i73_d10,12,10,73,0,contract,31668614.025649372,122537767.06644113,31668614.025649372,31668614.025649372,31668614.025649372,24365746.63645687
de,bbob_f012_i73_d10,12,10,73,0,reflect,31668614.025649372,26395007.748382088,26395007.748382088,26395007.748382088,26395007.748382088,8430592.590846255
pso,bbob_f012_i73_d10,12,10,73,0,pass,7092920.252238527,47323460.002056964,7092920.252238527,6678447.060296875,6678447.060296875,2881935.3323519095
pso,bbob_f012_i73_d10,12,10,73,0,contract,7092920.252238527,15045025.422530426,7092920.252238527,6678447.060296875,6678447.060296875,2881935.3323519095
pso,bbob_f012_i73_d10,12,10,73,0,reflect,7092920.252238527,132578015.74253342,7092920.252238527,6678447.060296875,6678447.060296875,2881935.3323519095
cma,bbob_f012_i73_d10,12,10,73,0,pass,3245642.421391202,5366621.73139454,3245642.421391202,3245642.421391202,290490.3923896655,130580.71171303019
cma,bbob_f012_i73_d10,12,10,73,0,contract,3245642.421391202,3557114.108367548,3245642.421391202,3245642.421391202,1834997.3755664977,178076.0528300132
cma,bbob_f012_i73_d10,12,10,73,0,reflect,3245642.421391202,11268197.695174385,3245642.421391202,3245642.421391202,1492374.1663144305,102327.25854553719
de,bbob_f012_i73_d10,12,10,73,1,pass,33559884.41932336,73247722.50592661,33559884.41932336,33559884.41932336,32861313.965423748,26308577.972634133
de,bbob_f012_i73_d10,12,10,73,1,contract,33559884.41932336,23981049.54341779,23981049.54341779,23981049.54341779,23981049.54341779,20240182.926956072
de,bbob_f012_i73_d10,12,10,73,1,reflect,33559884.41932336,823234646.6272562,33559884.41932336,33559884.41932336,32861313.965423748,24407594.950615138
pso,bbob_f012_i73_d10,12,10,73,1,pass,6573067.612439986,24093183.44534528,6573067.612439986,6573067.612439986,4731716.457534635,2061004.0127797027
pso,bbob_f012_i73_d10,12,10,73,1,contract,6573067.612439986,12347128.753139086,6573067.612439986,6573067.612439986,4731716.457534635,2061004.0127797027
pso,bbob_f012_i73_d10,12,10,73,1,reflect,6573067.612439986,48263534.32260199,6573067.612439986,6573067.612439986,4731716.457534635,2061004.0127797027
cma,bbob_f012_i73_d10,12,10,73,1,pass,2775520.0611665756,2528926.354685258,2528926.354685258,1936237.9045093276,1118344.1601183887,77747.01579340827
cma,bbob_f012_i73_d10,12,10,73,1,contract,2775520.0611665756,2096570.8850624706,2096570.8850624706,1936237.9045093276,503982.23274997267,82208.75792538207
cma,bbob_f012_i73_d10,12,10,73,1,reflect,2775520.0611665756,5286025.724243227,2775520.0611665756,1936237.9045093276,924924.1671318501,138845.26551104337
de,bbob_f012_i74_d10,12,10,74,0,pass,33953448.17468465,220140295.8201929,33953448.17468465,33953448.17468465,33953448.17468465,11733277.573209332
de,bbob_f012_i74_d10,12,10,74,0,contract,33953448.17468465,82811930.59830503,33953448.17468465,33953448.17468465,29153290.940812252,20158873.75918774
de,bbob_f012_i74_d10,12,10,74,0,reflect,33953448.17468465,627009239.3152021,33953448.17468465,33953448.17468465,33953448.17468465,11733277.573209332
pso,bbob_f012_i74_d10,12,10,74,0,pass,9657575.310437292,18367444.82225591,9657575.310437292,6229780.218038214,6229780.218038214,2899505.1255962513
pso,bbob_f012_i74_d10,12,10,74,0,contract,9657575.310437292,12558676.460943965,9657575.310437292,6229780.218038214,6229780.218038214,2899505.1255962513
pso,bbob_f012_i74_d10,12,10,74,0,reflect,9657575.310437292,784250188.4030887,9657575.310437292,6229780.218038214,6229780.218038214,2899505.1255962513
cma,bbob_f012_i74_d10,12,10,74,0,pass,3758146.2078292216,5192242.833653681,3758146.2078292216,1589576.1831552694,875082.2677900535,86361.71989359916
cma,bbob_f012_i74_d10,12,10,74,0,contract,3758146.2078292216,3396239.123400733,3396239.123400733,1589576.1831552694,618298.5552535142,118873.2572664395
cma,bbob_f012_i74_d10,12,10,74,0,reflect,3758146.2078292216,7289977.21515156,3758146.2078292216,1589576.1831552694,709916.4159688103,128283.81440933977
de,bbob_f012_i74_d10,12,10,74,1,pass,54550946.25517529,484217411.3697131,54550946.25517529,54550946.25517529,27863359.181290597,27863359.181290597
de,bbob_f012_i74_d10,12,10,74,1,contract,54550946.25517529,157185192.04540125,54550946.25517529,54550946.25517529,27863359.181290597,27863359.181290597
de,bbob_f012_i74_d10,12,10,74,1,reflect,54550946.25517529,612261055.4327333,54550946.25517529,54550946.25517529,27863359.181290597,27863359.181290597
pso,bbob_f012_i74_d10,12,10,74,1,pass,6992177.792865173,30306808.95171756,6992177.792865173,6992177.792865173,3510675.2359790676,1797470.2977675984
pso,bbob_f012_i74_d10,12,10,74,1,contract,6992177.792865173,7313053.475435964,6992177.792865173,6992177.792865173,3510675.2359790676,1797470.2977675984
pso,bbob_f012_i74_d10,12,10,74,1,reflect,6992177.792865173,60816262.90987504,6992177.792865173,6992177.792865173,3510675.2359790676,1797470.2977675984
cma,bbob_f012_i74_d10,12,10,74,1,pass,1610405.8533362523,670253.5160972091,670253.5160972091,670253.5160972091,412558.5511647489,31470.365630868142
cma,bbob_f012_i74_d10,12,10,74,1,contract,1610405.8533362523,534440.0662745459,534440.0662745459,534440.0662745459,534440.0662745459,93991.98571416108
cma,bbob_f012_i74_d10,12,10,74,1,reflect,1610405.8533362523,5225967.073006759,1610405.8533362523,1227779.204605853,625082.5094046749,33555.098750777244
de,bbob_f013_i73_d10,13,10,73,0,pass,1089.9706939144085,1629.752005917595,1089.9706939144085,1089.9706939144085,1089.9706939144085,676.2312883641334
de,bbob_f013_i73_d10,13,10,73,0,contract,1089.9706939144085,993.0334089394519,993.0334089394519,993.0334089394519,993.0334089394519,676.2312883641334
de,bbob_f013_i73_d10,13,10,73,0,reflect,1089.9706939144085,1735.4657752771013,1089.9706939144085,1089.9706939144085,1089.9706939144085,676.2312883641334
pso,bbob_f013_i73_d10,13,10,73,0,pass,401.5040911191551,752.4899278371574,401.5040911191551,401.5040911191551,380.06194863357825,238.52226615817747
pso,bbob_f013_i73_d10,13,10,73,0,contract,401.5040911191551,546.9262798275643,401.5040911191551,401.5040911191551,380.06194863357825,238.52226615817747
pso,bbob_f013_i73_d10,13,10,73,0,reflect,401.5040911191551,1514.7349208044525,401.5040911191551,401.5040911191551,380.06194863357825,238.52226615817747
cma,bbob_f013_i73_d10,13,10,73,0,pass,195.25800277805877,336.95745391209,195.25800277805877,195.25800277805877,99.50827101273143,15.333257138179071
cma,bbob_f013_i73_d10,13,10,73,0,contract,195.25800277805877,233.04759631258966,195.25800277805877,195.25800277805877,141.92335267328508,-3.581700434650081
cma,bbob_f013_i73_d10,13,10,73,0,reflect,195.25800277805877,385.8407498275837,195.25800277805877,195.25800277805877,168.15537520979828,20.767812433621792
de,bbob_f013_i73_d10,13,10,73,1,pass,954.9584429146801,1064.5224105233692,954.9584429146801,954.9584429146801,930.4294356074294,678.2391657279463
de,bbob_f013_i73_d10,13,10,73,1,contract,954.9584429146801,901.2992466905954,901.2992466905954,901.2992466905954,901.2992466905954,678.2391657279463
de,bbob_f013_i73_d10,13,10,73,1,reflect,954.9584429146801,1740.5715884295018,954.9584429146801,954.9584429146801,930.4294356074294,652.919730759349
pso,bbob_f013_i73_d10,13,10,73,1,pass,460.5941648072468,1186.6313694879273,460.5941648072468,356.98512785756924,281.3580900868103,184.42142803164396
pso,bbob_f013_i73_d10,13,10,73,1,contract,460.5941648072468,681.8729337024532,460.5941648072468,356.98512785756924,281.3580900868103,184.42142803164396
pso,bbob_f013_i73_d10,13,10,73,1,reflect,460.5941648072468,1658.043182324935,460.5941648072468,356.98512785756924,281.3580900868103,184.42142803164396
cma,bbob_f013_i73_d10,13,10,73,1,pass,201.00126679444986,359.5190201143851,201.00126679444986,201.00126679444986,170.19878416187143,48.323895487399334
cma,bbob_f013_i73_d10,13,10,73,1,contract,201.00126679444986,227.53234905191422,201.00126679444986,201.00126679444986,201.00126679444986,23.36963241589701
cma,bbob_f013_i73_d10,13,10,73,1,reflect,201.00126679444986,411.97322212685947,201.00126679444986,201.00126679444986,161.15776708978677,81.52130288367849
de,bbob_f013_i74_d10,13,10,74,0,pass,866.6554131817593,2055.13831158274,866.6554131817593,866.6554131817593,866.6554131817593,482.1389791616534
de,bbob_f013_i74_d10,13,10,74,0,contract,866.6554131817593,1271.9523496339605,866.6554131817593,866.6554131817593,866.6554131817593,482.1389791616534
de,bbob_f013_i74_d10,13,10,74,0,reflect,866.6554131817593,1522.4075658284628,866.6554131817593,866.6554131817593,866.6554131817593,482.1389791616534
pso,bbob_f013_i74_d10,13,10,74,0,pass,300.03179336258813,626.4488235667397,300.03179336258813,300.03179336258813,288.9900289246758,68.46496053202898
pso,bbob_f013_i74_d10,13,10,74,0,contract,300.03179336258813,317.6044328280999,300.03179336258813,300.03179336258813,288.9900289246758,68.46496053202898
pso,bbob_f013_i74_d10,13,10,74,0,reflect,300.03179336258813,931.0882250808149,300.03179336258813,300.03179336258813,288.9900289246758,68.46496053202898
cma,bbob_f013_i74_d10,13,10,74,0,pass,53.09932494053626,22.77671722367657,22.77671722367657,22.77671722367657,-58.83074193282559,-162.28621802917996
cma,bbob_f013_i74_d10,13,10,74,0,contract,53.09932494053626,5.3996029312068,5.3996029312068,5.3996029312068,5.3996029312068,-153.94255591626518
cma,bbob_f013_i74_d10,13,10,74,0,reflect,53.09932494053626,309.9459490344067,53.09932494053626,28.492609405358678,-18.16435858885393,-165.6040394787148
de,bbob_f013_i74_d10,13,10,74,1,pass,622.4405736488624,1610.3341804718966,622.4405736488624,622.4405736488624,564.9464250339585,561.2673131785984
de,bbob_f013_i74_d10,13,10,74,1,contract,622.4405736488624,802.6636050493446,622.4405736488624,622.4405736488624,564.9464250339585,564.9464250339585
de,bbob_f013_i74_d10,13,10,74,1,reflect,622.4405736488624,2001.4352367430133,622.4405736488624,622.4405736488624,564.9464250339585,561.2673131785984
pso,bbob_f013_i74_d10,13,10,74,1,pass,98.66912480511976,149.41603307523874,98.66912480511976,98.66912480511976,75.31428519723337,-16.14000530122783
pso,bbob_f013_i74_d10,13,10,74,1,contract,98.66912480511976,81.98459046116247,81.98459046116247,81.98459046116247,35.294253108739184,35.294253108739184
pso,bbob_f013_i74_d10,13,10,74,1,reflect,98.66912480511976,721.40158963455,98.66912480511976,98.66912480511976,75.31428519723337,-16.14000530122783
cma,bbob_f013_i74_d10,13,10,74,1,pass,139.03086513919195,298.6978776625398,139.03086513919195,139.03086513919195,-11.964807844696622,-106.1289225320925
cma,bbob_f013_i74_d10,13,10,74,1,contract,139.03086513919195,187.14985469326942,139.03086513919195,139.03086513919195,116.15156244735729,-156.804071356201
cma,bbob_f013_i74_d10,13,10,74,1,reflect,139.03086513919195,412.85769384312414,139.03086513919195,139.03086513919195,40.66604838345094,-141.40237730882322
de,bbob_f014_i73_d10,14,10,73,0,pass,433.72910751949854,516.1257709276024,433.72910751949854,433.72910751949854,433.72910751949854,426.63107127325
de,bbob_f014_i73_d10,14,10,73,0,contract,433.72910751949854,436.0665583573329,433.72910751949854,433.72910751949854,433.72910751949854,426.6314483093205
de,bbob_f014_i73_d10,14,10,73,0,reflect,433.72910751949854,506.2450298191808,433.72910751949854,433.72910751949854,433.72910751949854,426.63107127325
pso,bbob_f014_i73_d10,14,10,73,0,pass,426.7106953090018,449.45899661254794,426.7106953090018,426.4982300255344,426.4982300255344,423.67914000109846
pso,bbob_f014_i73_d10,14,10,73,0,contract,426.7106953090018,428.3513833722697,426.7106953090018,426.4982300255344,426.4982300255344,423.67914000109846
pso,bbob_f014_i73_d10,14,10,73,0,reflect,426.7106953090018,444.8157579921249,426.7106953090018,426.4982300255344,426.4982300255344,423.67914000109846
cma,bbob_f014_i73_d10,14,10,73,0,pass,420.8803447355173,422.04092710074974,420.8803447355173,420.582291347949,420.1780112098278,419.7840601760611
cma,bbob_f014_i73_d10,14,10,73,0,contract,420.8803447355173,421.36614000185233,420.8803447355173,420.582291347949,420.28185148445357,419.7942362610859
cma,bbob_f014_i73_d10,14,10,73,0,reflect,420.8803447355173,421.13887830143227,420.8803447355173,420.582291347949,420.1655003034345,419.79470916375084
de,bbob_f014_i73_d10,14,10,73,1,pass,442.27118230560893,442.6110083942852,442.27118230560893,440.7452734322874,427.5449329264936,427.26102825715327
de,bbob_f014_i73_d10,14,10,73,1,contract,442.27118230560893,433.99318656669703,433.99318656669703,433.99318656669703,429.3004446826679,428.55707364971727
de,bbob_f014_i73_d10,14,10,73,1,reflect,442.27118230560893,478.49081928219056,442.27118230560893,440.7452734322874,427.5449329264936,427.5449329264936
pso,bbob_f014_i73_d10,14,10,73,1,pass,423.94637490309736,437.71587531277305,423.94637490309736,423.94637490309736,423.0925296012782,420.53746358818415
pso,bbob_f014_i73_d10,14,10,73,1,contract,423.94637490309736,426.8517449640922,423.94637490309736,423.94637490309736,423.0925296012782,420.53746358818415
pso,bbob_f014_i73_d10,14,10,73,1,reflect,423.94637490309736,453.4800452551221,423.94637490309736,423.94637490309736,423.0925296012782,420.53746358818415
cma,bbob_f014_i73_d10,14,10,73,1,pass,420.81386964842113,420.81584728987195,420.81386964842113,420.16864971728904,420.16864971728904,419.9890207047222
cma,bbob_f014_i73_d10,14,10,73,1,contract,420.81386964842113,420.37827222033997,420.37827222033997,420.16864971728904,420.16864971728904,419.8635065502121
cma,bbob_f014_i73_d10,14,10,73,1,reflect,420.81386964842113,424.82884392529206,420.81386964842113,420.16864971728904,420.12322237055935,419.85252248001126
de,bbob_f014_i74_d10,14,10,74,0,pass,17.0674803264743,102.44243956631745,17.0674803264743,17.0674803264743,17.0674803264743,17.0674803264743
de,bbob_f014_i74_d10,14,10,74,0,contract,17.0674803264743,38.80074078449636,17.0674803264743,17.0674803264743,17.0674803264743,17.0674803264743
de,bbob_f014_i74_d10,14,10,74,0,reflect,17.0674803264743,119.22263680985894,17.0674803264743,17.0674803264743,17.0674803264743,17.0674803264743
pso,bbob_f014_i74_d10,14,10,74,0,pass,14.14035590326359,41.75639184756308,14.14035590326359,14.14035590326359,12.636662092369033,8.942375279639755
pso,bbob_f014_i74_d10,14,10,74,0,contract,14.14035590326359,15.188295321517687,14.14035590326359,14.14035590326359,12.636662092369033,8.942375279639755
pso,bbob_f014_i74_d10,14,10,74,0,reflect,14.14035590326359,63.4762600101499,14.14035590326359,14.14035590326359,12.636662092369033,8.942375279639755
cma,bbob_f014_i74_d10,14,10,74,0,pass,9.20666293577757,9.816920511237225,9.20666293577757,9.184508588043292,8.488896789639933,7.958997958889014
cma,bbob_f014_i74_d10,14,10,74,0,contract,9.20666293577757,9.25926398170721,9.20666293577757,9.184508588043292,8.34247190683829,7.8341721165749245
cma,bbob_f014_i74_d10,14,10,74,0,reflect,9.20666293577757,10.948345617170112,9.20666293577757,9.184508588043292,8.441424354931419,7.8155382821865365
de,bbob_f014_i74_d10,14,10,74,1,pass,19.297255918517436,195.63835180185967,19.297255918517436,19.297255918517436,15.816929081470445,14.960271126326495
de,bbob_f014_i74_d10,14,10,74,1,contract,19.297255918517436,25.71268640427765,19.297255918517436,19.297255918517436,15.816929081470445,14.960271126326495
de,bbob_f014_i74_d10,14,10,74,1,reflect,19.297255918517436,129.80701448138225,19.297255918517436,19.297255918517436,15.816929081470445,14.960271126326495
pso,bbob_f014_i74_d10,14,10,74,1,pass,15.819137479967566,24.276834367363037,15.819137479967566,15.819137479967566,11.440672803646137,9.223855528433287
pso,bbob_f014_i74_d10,14,10,74,1,contract,15.819137479967566,18.44667241672656,15.819137479967566,15.819137479967566,11.440672803646137,9.223855528433287
pso,bbob_f014_i74_d10,14,10,74,1,reflect,15.819137479967566,53.64130708214597,15.819137479967566,15.819137479967566,11.440672803646137,9.223855528433287
cma,bbob_f014_i74_d10,14,10,74,1,pass,8.434539164223182,8.802639456451992,8.434539164223182,8.434539164223182,8.027764076405221,7.777888693271591
cma,bbob_f014_i74_d10,14,10,74,1,contract,8.434539164223182,8.460961765559498,8.434539164223182,8.434539164223182,8.14834444521608,7.742401015550412
cma,bbob_f014_i74_d10,14,10,74,1,reflect,8.434539164223182,10.120068777353971,8.434539164223182,8.434539164223182,8.227203329423723,7.772361046479547
de,bbob_f015_i73_d10,15,10,73,0,pass,274.00822420127326,454.73710744518814,274.00822420127326,274.00822420127326,274.00822420127326,167.37411462228062
de,bbob_f015_i73_d10,15,10,73,0,contract,274.00822420127326,242.27477134349516,242.27477134349516,242.27477134349516,242.27477134349516,164.3619359736445
de,bbob_f015_i73_d10,15,10,73,0,reflect,274.00822420127326,1720.857572537272,274.00822420127326,274.00822420127326,274.00822420127326,172.00524538574453
pso,bbob_f015_i73_d10,15,10,73,0,pass,102.85808132568121,332.0046171668209,102.85808132568121,102.85808132568121,90.8076328515741,46.94310886368493
pso,bbob_f015_i73_d10,15,10,73,0,contract,102.85808132568121,203.73354023580873,102.85808132568121,102.85808132568121,90.8076328515741,46.94310886368493
pso,bbob_f015_i73_d10,15,10,73,0,reflect,102.85808132568121,474.0718947867846,102.85808132568121,102.85808132568121,90.8076328515741,46.94310886368493
cma,bbob_f015_i73_d10,15,10,73,0,pass,40.22983451247768,118.7386755987479,40.22983451247768,40.22983451247768,33.21573862643527,3.1872449942087755
cma,bbob_f015_i73_d10,15,10,73,0,contract,40.22983451247768,56.984230697748586,40.22983451247768,40.22983451247768,40.22983451247768,27.88304046734268
cma,bbob_f015_i73_d10,15,10,73,0,reflect,40.22983451247768,204.179176154403,40.22983451247768,40.22983451247768,36.368843348077235,36.368843348077235
de,bbob_f015_i73_d10,15,10,73,1,pass,224.42875546603614,634.1145840131508,224.42875546603614,224.42875546603614,221.7054453047872,160.72609801174428
de,bbob_f015_i73_d10,15,10,73,1,contract,224.42875546603614,321.9062896714783,224.42875546603614,224.42875546603614,221.7054453047872,161.91173457036
de,bbob_f015_i73_d10,15,10,73,1,reflect,224.42875546603614,813.372046515259,224.42875546603614,224.42875546603614,221.7054453047872,160.72609801174428
pso,bbob_f015_i73_d10,15,10,73,1,pass,84.94683445064656,178.0330815665125,84.94683445064656,84.94683445064656,70.60911479489567,40.07685569181592
pso,bbob_f015_i73_d10,15,10,73,1,contract,84.94683445064656,70.37917997518713,70.37917997518713,70.37917997518713,69.21932975957354,59.23845664804861
pso,bbob_f015_i73_d10,15,10,73,1,reflect,84.94683445064656,288.89581349983854,84.94683445064656,84.94683445064656,70.60911479489567,40.07685569181592
cma,bbob_f015_i73_d10,15,10,73,1,pass,45.221730303197575,93.39900944441035,45.221730303197575,45.221730303197575,42.33325835753618,30.847210094991013
cma,bbob_f015_i73_d10,15,10,73,1,contract,45.221730303197575,101.8564664405844,45.221730303197575,45.221730303197575,45.221730303197575,45.221730303197575
cma,bbob_f015_i73_d10,15,10,73,1,reflect,45.221730303197575,76.46032241373194,45.221730303197575,45.221730303197575,45.221730303197575,28.088134603405337
de,bbob_f015_i74_d10,15,10,74,0,pass,-779.7747087688947,79.02771978635565,-779.7747087688947,-779.7747087688947,-779.7747087688947,-815.4701465929743
de,bbob_f015_i74_d10,15,10,74,0,contract,-779.7747087688947,-663.8430080651344,-779.7747087688947,-779.7747087688947,-779.7747087688947,-832.2671683483275
de,bbob_f015_i74_d10,15,10,74,0,reflect,-779.7747087688947,-175.68927065389641,-779.7747087688947,-779.7747087688947,-779.7747087688947,-815.4701465929743
pso,bbob_f015_i74_d10,15,10,74,0,pass,-905.0411353611955,-675.7034390509654,-905.0411353611955,-905.0411353611955,-905.0411353611955,-921.2867644385178
pso,bbob_f015_i74_d10,15,10,74,0,contract,-905.0411353611955,-802.1388651432894,-905.0411353611955,-905.0411353611955,-905.0411353611955,-921.2867644385178
pso,bbob_f015_i74_d10,15,10,74,0,reflect,-905.0411353611955,-633.9653008994517,-905.0411353611955,-905.0411353611955,-905.0411353611955,-921.2867644385178
cma,bbob_f015_i74_d10,15,10,74,0,pass,-916.115608637419,-906.1787714316963,-916.115608637419,-916.115608637419,-916.115608637419,-928.2283867817573
cma,bbob_f015_i74_d10,15,10,74,0,contract,-916.115608637419,-829.8374134540734,-916.115608637419,-916.115608637419,-916.115608637419,-931.1641170815758
cma,bbob_f015_i74_d10,15,10,74,0,reflect,-916.115608637419,-845.2384253018236,-916.115608637419,-916.115608637419,-921.0939137636663,-921.0939137636663
de,bbob_f015_i74_d10,15,10,74,1,pass,-777.111997267675,-396.93607908508375,-777.111997267675,-777.111997267675,-777.111997267675,-812.0110450515122
de,bbob_f015_i74_d10,15,10,74,1,contract,-777.111997267675,-748.241319558023,-777.111997267675,-777.111997267675,-777.111997267675,-849.8274800809543
de,bbob_f015_i74_d10,15,10,74,1,reflect,-777.111997267675,-282.61190887046905,-777.111997267675,-777.111997267675,-777.111997267675,-812.0110450515122
pso,bbob_f015_i74_d10,15,10,74,1,pass,-878.3467986431477,-782.8989000723489,-878.3467986431477,-878.3467986431477,-888.1091647382,-901.5579689948955
pso,bbob_f015_i74_d10,15,10,74,1,contract,-878.3467986431477,-836.4132839095702,-878.3467986431477,-878.3467986431477,-888.1091647382,-913.0402660112179
pso,bbob_f015_i74_d10,15,10,74,1,reflect,-878.3467986431477,-446.0050932444749,-878.3467986431477,-878.3467986431477,-888.1091647382,-913.0402660112179
cma,bbob_f015_i74_d10,15,10,74,1,pass,-916.9139642460037,-880.3288262795487,-916.9139642460037,-916.9139642460037,-916.9139642460037,-925.7751776067935
cma,bbob_f015_i74_d10,15,10,74,1,contract,-916.9139642460037,-873.1689298794997,-916.9139642460037,-916.9139642460037,-916.9139642460037,-943.1347271520688
cma,bbob_f015_i74_d10,15,10,74,1,reflect,-916.9139642460037,-824.9771946597941,-916.9139642460037,-916.9139642460037,-916.9139642460037,-938.6997742875109
de,bbob_f016_i73_d10,16,10,73,0,pass,753.299608300812,804.7149164225302,753.299608300812,753.299608300812,749.1132481501592,749.1132481501592
de,bbob_f016_i73_d10,16,10,73,0,contract,753.299608300812,835.9945284848549,753.299608300812,753.299608300812,749.1132481501592,749.1132481501592
de,bbob_f016_i73_d10,16,10,73,0,reflect,753.299608300812,835.7424787820264,753.299608300812,753.299608300812,749.1132481501592,749.1132481501592
pso,bbob_f016_i73_d10,16,10,73,0,pass,748.7154003192604,805.6087093630986,748.7154003192604,748.7154003192604,748.7154003192604,748.7154003192604
pso,bbob_f016_i73_d10,16,10,73,0,contract,748.7154003192604,792.2714062856255,748.7154003192604,748.7154003192604,748.7154003192604,748.7154003192604
pso,bbob_f016_i73_d10,16,10,73,0,reflect,748.7154003192604,831.4991512413145,748.7154003192604,748.7154003192604,748.7154003192604,748.7154003192604
cma,bbob_f016_i73_d10,16,10,73,0,pass,755.2255811612664,815.928569306144,755.2255811612664,755.2255811612664,755.2255811612664,746.0594896003981
cma,bbob_f016_i73_d10,16,10,73,0,contract,755.2255811612664,759.7225301114772,755.2255811612664,755.2255811612664,755.2255811612664,748.56676276237
cma,bbob_f016_i73_d10,16,10,73,0,reflect,755.2255811612664,840.1718548329876,755.2255811612664,755.2255811612664,755.2255811612664,754.2969818964744
de,bbob_f016_i73_d10,16,10,73,1,pass,758.9478428941089,854.6575108392244,758.9478428941089,757.4416314024759,757.4416314024759,750.8715965773108
de,bbob_f016_i73_d10,16,10,73,1,contract,758.9478428941089,800.8651021121602,758.9478428941089,757.4416314024759,757.4416314024759,750.8715965773108
de,bbob_f016_i73_d10,16,10,73,1,reflect,758.9478428941089,760.388679619374,758.9478428941089,757.4416314024759,757.4416314024759,750.8715965773108
pso,bbob_f016_i73_d10,16,10,73,1,pass,755.3432232497493,790.2531908911714,755.3432232497493,755.3432232497493,755.3432232497493,746.7129011235162
pso,bbob_f016_i73_d10,16,10,73,1,contract,755.3432232497493,875.0252533750005,755.3432232497493,755.3432232497493,755.3432232497493,746.7129011235162
pso,bbob_f016_i73_d10,16,10,73,1,reflect,755.3432232497493,763.8321915030746,755.3432232497493,755.3432232497493,755.3432232497493,746.7129011235162
cma,bbob_f016_i73_d10,16,10,73,1,pass,755.2089313170309,853.7742945849476,755.2089313170309,755.2089313170309,755.2089313170309,755.2089313170309
cma,bbob_f016_i73_d10,16,10,73,1,contract,755.2089313170309,849.0481698412955,755.2089313170309,755.2089313170309,755.2089313170309,752.1526353710179
cma,bbob_f016_i73_d10,16,10,73,1,reflect,755.2089313170309,796.5007529275563,755.2089313170309,755.2089313170309,755.2089313170309,750.6832646999914
de,bbob_f016_i74_d10,16,10,74,0,pass,97.05916666674348,203.05572556824143,97.05916666674348,97.05916666674348,87.81044001734114,87.81044001734114
de,bbob_f016_i74_d10,16,10,74,0,contract,97.05916666674348,147.0170335797876,97.05916666674348,97.05916666674348,87.81044001734114,87.81044001734114
de,bbob_f016_i74_d10,16,10,74,0,reflect,97.05916666674348,180.09768128089473,97.05916666674348,97.05916666674348,87.81044001734114,87.81044001734114
pso,bbob_f016_i74_d10,16,10,74,0,pass,98.49590545804575,189.95725690142842,98.49590545804575,98.49590545804575,98.49590545804575,98.49590545804575
pso,bbob_f016_i74_d10,16,10,74,0,contract,98.49590545804575,134.59676862071439,98.49590545804575,98.49590545804575,98.49590545804575,98.49590545804575
pso,bbob_f016_i74_d10,16,10,74,0,reflect,98.49590545804575,153.61380052970418,98.49590545804575,98.49590545804575,98.49590545804575,98.49590545804575
cma,bbob_f016_i74_d10,16,10,74,0,pass,100.77399713053451,164.59420844912142,100.77399713053451,100.77399713053451,100.77399713053451,98.5225679981148
cma,bbob_f016_i74_d10,16,10,74,0,contract,100.77399713053451,129.48793673120704,100.77399713053451,100.77399713053451,95.72812304480368,95.72812304480368
cma,bbob_f016_i74_d10,16,10,74,0,reflect,100.77399713053451,162.3835227621606,100.77399713053451,100.77399713053451,99.42834038848629,90.09252644187683
de,bbob_f016_i74_d10,16,10,74,1,pass,88.75400053543243,133.0250564987337,88.75400053543243,88.75400053543243,88.75400053543243,88.75400053543243
de,bbob_f016_i74_d10,16,10,74,1,contract,88.75400053543243,121.70192928639173,88.75400053543243,88.75400053543243,88.75400053543243,88.75400053543243
de,bbob_f016_i74_d10,16,10,74,1,reflect,88.75400053543243,123.7546428839683,88.75400053543243,88.75400053543243,88.75400053543243,88.75400053543243
pso,bbob_f016_i74_d10,16,10,74,1,pass,101.17008319574876,111.3844614704391,101.17008319574876,101.17008319574876,101.17008319574876,97.88874999058541
pso,bbob_f016_i74_d10,16,10,74,1,contract,101.17008319574876,129.221407835429,101.17008319574876,101.17008319574876,101.17008319574876,97.88874999058541
pso,bbob_f016_i74_d10,16,10,74,1,reflect,101.17008319574876,116.83722983290014,101.17008319574876,101.17008319574876,101.17008319574876,97.88874999058541
cma,bbob_f016_i74_d10,16,10,74,1,pass,103.19510254723355,148.7258877639515,103.19510254723355,103.19510254723355,102.65322547478968,92.83738556581136
cma,bbob_f016_i74_d10,16,10,74,1,contract,103.19510254723355,133.71121663680938,103.19510254723355,103.19510254723355,86.81225537585794,86.81225537585794
cma,bbob_f016_i74_d10,16,10,74,1,reflect,103.19510254723355,112.40797319504222,103.19510254723355,103.19510254723355,97.31194849641437,90.80512210273604
de,bbob_f017_i73_d10,17,10,73,0,pass,45.17938272663556,84.53321003067069,45.17938272663556,45.17938272663556,45.17938272663556,45.17938272663556
de,bbob_f017_i73_d10,17,10,73,0,contract,45.17938272663556,55.23587587125439,45.17938272663556,45.17938272663556,45.17938272663556,45.17938272663556
de,bbob_f017_i73_d10,17,10,73,0,reflect,45.17938272663556,98.05371114501773,45.17938272663556,45.17938272663556,45.17938272663556,45.17938272663556
pso,bbob_f017_i73_d10,17,10,73,0,pass,46.78015307921193,49.15882956359819,46.78015307921193,46.78015307921193,46.72990269617799,44.9448454468479
pso,bbob_f017_i73_d10,17,10,73,0,contract,46.78015307921193,52.6875874120722,46.78015307921193,46.78015307921193,46.72990269617799,44.9448454468479
pso,bbob_f017_i73_d10,17,10,73,0,reflect,46.78015307921193,87.14401873885701,46.78015307921193,46.78015307921193,46.72990269617799,44.9448454468479
cma,bbob_f017_i73_d10,17,10,73,0,pass,42.25397576900729,45.63301611200366,42.25397576900729,42.25397576900729,42.25397576900729,41.89618357725722
cma,bbob_f017_i73_d10,17,10,73,0,contract,42.25397576900729,43.884068540850386,42.25397576900729,42.25397576900729,42.25397576900729,41.22248687469753
cma,bbob_f017_i73_d10,17,10,73,0,reflect,42.25397576900729,44.76468301090392,42.25397576900729,42.25397576900729,42.25397576900729,41.10902768195874
de,bbob_f017_i73_d10,17,10,73,1,pass,44.927707376783474,82.62816642835995,44.927707376783474,44.927707376783474,44.927707376783474,44.927707376783474
de,bbob_f017_i73_d10,17,10,73,1,contract,44.927707376783474,56.03191687777945,44.927707376783474,44.927707376783474,44.927707376783474,44.927707376783474
de,bbob_f017_i73_d10,17,10,73,1,reflect,44.927707376783474,56.33585527396308,44.927707376783474,44.927707376783474,44.927707376783474,44.927707376783474
pso,bbob_f017_i73_d10,17,10,73,1,pass,47.07766485132765,44.506206234187715,44.506206234187715,44.506206234187715,44.506206234187715,41.1070518873986
pso,bbob_f017_i73_d10,17,10,73,1,contract,47.07766485132765,45.616410928228255,45.616410928228255,45.616410928228255,45.616410928228255,42.25990041230047
pso,bbob_f017_i73_d10,17,10,73,1,reflect,47.07766485132765,92.31751852584225,47.07766485132765,47.07766485132765,46.148340398330234,45.45197064283858
cma,bbob_f017_i73_d10,17,10,73,1,pass,42.474363858629665,41.81045379890824,41.81045379890824,41.81045379890824,41.81045379890824,41.155054751450315
cma,bbob_f017_i73_d10,17,10,73,1,contract,42.474363858629665,42.762867374960834,42.474363858629665,42.15099591370931,41.91398123151378,40.13257689324192
cma,bbob_f017_i73_d10,17,10,73,1,reflect,42.474363858629665,48.27228578200809,42.474363858629665,42.15099591370931,41.578044856413364,40.071498642985745
de,bbob_f017_i74_d10,17,10,74,0,pass,-19.667345889094268,17.20634003472749,-19.667345889094268,-19.667345889094268,-20.817398760690423,-24.31643429860093
de,bbob_f017_i74_d10,17,10,74,0,contract,-19.667345889094268,-13.262370311196829,-19.667345889094268,-19.667345889094268,-20.817398760690423,-25.426951492421797
de,bbob_f017_i74_d10,17,10,74,0,reflect,-19.667345889094268,21.19416593198224,-19.667345889094268,-19.667345889094268,-20.817398760690423,-24.31643429860093
pso,bbob_f017_i74_d10,17,10,74,0,pass,-26.60376117621927,-16.195722638482344,-26.60376117621927,-27.35273182184693,-27.97588740859211,-29.210532452494935
pso,bbob_f017_i74_d10,17,10,74,0,contract,-26.60376117621927,-21.706543403094848,-26.60376117621927,-27.35273182184693,-27.97588740859211,-29.210532452494935
pso,bbob_f017_i74_d10,17,10,74,0,reflect,-26.60376117621927,9.409196660615578,-26.60376117621927,-27.35273182184693,-27.97588740859211,-29.210532452494935
cma,bbob_f017_i74_d10,17,10,74,0,pass,-27.816618051225728,-26.464056677007502,-27.816618051225728,-29.494991944084507,-29.494991944084507,-31.329084839617494
cma,bbob_f017_i74_d10,17,10,74,0,contract,-27.816618051225728,-26.734977714565968,-27.816618051225728,-29.494991944084507,-29.494991944084507,-31.009225841578054
cma,bbob_f017_i74_d10,17,10,74,0,reflect,-27.816618051225728,-20.766997085551942,-27.816618051225728,-29.494991944084507,-29.494991944084507,-31.33675168994947
de,bbob_f017_i74_d10,17,10,74,1,pass,-24.846946842780817,-5.719505312768412,-24.846946842780817,-24.846946842780817,-24.846946842780817,-26.09084338048411
de,bbob_f017_i74_d10,17,10,74,1,contract,-24.846946842780817,-25.131802108438507,-25.131802108438507,-25.131802108438507,-25.131802108438507,-26.09084338048411
de,bbob_f017_i74_d10,17,10,74,1,reflect,-24.846946842780817,98.36866901316245,-24.846946842780817,-24.846946842780817,-24.846946842780817,-26.09084338048411
pso,bbob_f017_i74_d10,17,10,74,1,pass,-26.873490973979607,-16.221904983966294,-26.873490973979607,-26.873490973979607,-27.417373894276466,-29.1644163568175
pso,bbob_f017_i74_d10,17,10,74,1,contract,-26.873490973979607,-20.52962898283707,-26.873490973979607,-26.873490973979607,-27.417373894276466,-29.1644163568175
pso,bbob_f017_i74_d10,17,10,74,1,reflect,-26.873490973979607,0.40680382770770507,-26.873490973979607,-26.873490973979607,-27.417373894276466,-29.1644163568175
cma,bbob_f017_i74_d10,17,10,74,1,pass,-27.90008956807881,-28.01144159164315,-28.01144159164315,-28.999544445086652,-29.573403253196492,-31.403555833133733
cma,bbob_f017_i74_d10,17,10,74,1,contract,-27.90008956807881,-28.387221259471147,-28.387221259471147,-28.999544445086652,-29.308823860571476,-31.393877332180857
cma,bbob_f017_i74_d10,17,10,74,1,reflect,-27.90008956807881,-26.153657358223008,-27.90008956807881,-28.999544445086652,-29.267462092465713,-30.62972067808136
de,bbob_f018_i73_d10,18,10,73,0,pass,80.65405079917338,146.38044530865966,80.65405079917338,80.65405079917338,80.65405079917338,66.67859077048024
de,bbob_f018_i73_d10,18,10,73,0,contract,80.65405079917338,85.09293328373559,80.65405079917338,80.65405079917338,80.65405079917338,68.22714626462972
de,bbob_f018_i73_d10,18,10,73,0,reflect,80.65405079917338,187.80241481777938,80.65405079917338,80.65405079917338,80.65405079917338,66.67859077048024
pso,bbob_f018_i73_d10,18,10,73,0,pass,51.94502884738041,79.89255013123429,51.94502884738041,51.94502884738041,51.94502884738041,51.932620952354476
pso,bbob_f018_i73_d10,18,10,73,0,contract,51.94502884738041,66.84190303774452,51.94502884738041,51.94502884738041,51.94502884738041,51.932620952354476
pso,bbob_f018_i73_d10,18,10,73,0,reflect,51.94502884738041,77.80991806767133,51.94502884738041,51.94502884738041,51.94502884738041,51.932620952354476
cma,bbob_f018_i73_d10,18,10,73,0,pass,49.69827544156041,61.70951675946876,49.69827544156041,49.69827544156041,46.608107421466045,42.6480923307613
cma,bbob_f018_i73_d10,18,10,73,0,contract,49.69827544156041,63.09310566499804,49.69827544156041,49.69827544156041,48.157096060211636,43.18721636367288
cma,bbob_f018_i73_d10,18,10,73,0,reflect,49.69827544156041,60.074817187876015,49.69827544156041,49.69827544156041,46.934221285551864,41.07196771416876
de,bbob_f018_i73_d10,18,10,73,1,pass,80.5506706492423,149.15073630022584,80.5506706492423,80.5506706492423,80.5506706492423,57.57330552528987
de,bbob_f018_i73_d10,18,10,73,1,contract,80.5506706492423,104.65933525309268,80.5506706492423,80.5506706492423,76.03135362054095,61.27718489808251
de,bbob_f018_i73_d10,18,10,73,1,reflect,80.5506706492423,249.1791731299013,80.5506706492423,80.5506706492423,80.5506706492423,57.57330552528987
pso,bbob_f018_i73_d10,18,10,73,1,pass,55.6076426259037,69.98031973283041,55.6076426259037,53.76820278790336,53.76820278790336,47.308725346611986
pso,bbob_f018_i73_d10,18,10,73,1,contract,55.6076426259037,61.82898211582777,55.6076426259037,53.76820278790336,53.76820278790336,47.308725346611986
pso,bbob_f018_i73_d10,18,10,73,1,reflect,55.6076426259037,90.99490368026562,55.6076426259037,53.76820278790336,53.76820278790336,49.713745679806514
cma,bbob_f018_i73_d10,18,10,73,1,pass,52.30091821148128,49.95310837481704,49.95310837481704,49.95310837481704,45.78948039491668,43.84078814598184
cma,bbob_f018_i73_d10,18,10,73,1,contract,52.30091821148128,48.640141475534136,48.640141475534136,48.640141475534136,46.62348672920966,43.12382589516265
cma,bbob_f018_i73_d10,18,10,73,1,reflect,52.30091821148128,65.91636890096792,52.30091821148128,50.431415653180125,47.81755340924748,42.76785530617245
de,bbob_f018_i74_d10,18,10,74,0,pass,8.243877857401088,250.6782332279766,8.243877857401088,8.243877857401088,8.243877857401088,3.5986054366776443
de,bbob_f018_i74_d10,18,10,74,0,contract,8.243877857401088,19.60707626608194,8.243877857401088,8.243877857401088,8.243877857401088,6.720708465161749
de,bbob_f018_i74_d10,18,10,74,0,reflect,8.243877857401088,40.3366136647484,8.243877857401088,8.243877857401088,8.243877857401088,-5.98362447882079
pso,bbob_f018_i74_d10,18,10,74,0,pass,-9.576311374743785,24.965156518586348,-9.576311374743785,-9.576311374743785,-11.767323849661143,-17.417528006249768
pso,bbob_f018_i74_d10,18,10,74,0,contract,-9.576311374743785,17.45497530326935,-9.576311374743785,-9.576311374743785,-11.767323849661143,-17.417528006249768
pso,bbob_f018_i74_d10,18,10,74,0,reflect,-9.576311374743785,296.7439819315515,-9.576311374743785,-9.576311374743785,-11.767323849661143,-17.417528006249768
cma,bbob_f018_i74_d10,18,10,74,0,pass,-24.182910872666245,-8.126043324421644,-24.182910872666245,-24.182910872666245,-24.182910872666245,-29.30151439390966
cma,bbob_f018_i74_d10,18,10,74,0,contract,-24.182910872666245,-16.670984643077645,-24.182910872666245,-24.182910872666245,-24.182910872666245,-28.24222129134965
cma,bbob_f018_i74_d10,18,10,74,0,reflect,-24.182910872666245,22.993278541446905,-24.182910872666245,-24.182910872666245,-24.182910872666245,-29.57088566533918
de,bbob_f018_i74_d10,18,10,74,1,pass,6.696039575295572,30.94285630337901,6.696039575295572,6.696039575295572,-7.874943063831374,-7.874943063831374
de,bbob_f018_i74_d10,18,10,74,1,contract,6.696039575295572,47.88586226415404,6.696039575295572,6.696039575295572,-7.874943063831374,-7.874943063831374
de,bbob_f018_i74_d10,18,10,74,1,reflect,6.696039575295572,1120.0578509151499,6.696039575295572,6.696039575295572,-7.874943063831374,-7.874943063831374
pso,bbob_f018_i74_d10,18,10,74,1,pass,6.696039575295572,20.908887289851947,6.696039575295572,1.9199092783093548,-4.702463466160445,-4.983515045517397
pso,bbob_f018_i74_d10,18,10,74,1,contract,6.696039575295572,42.008172147698644,6.696039575295572,1.9199092783093548,-4.702463466160445,-4.983515045517397
pso,bbob_f018_i74_d10,18,10,74,1,reflect,6.696039575295572,92.81590758402987,6.696039575295572,1.9199092783093548,-4.702463466160445,-4.983515045517397
cma,bbob_f018_i74_d10,18,10,74,1,pass,-21.89835000419869,-7.428793588353134,-21.89835000419869,-21.89835000419869,-24.360733454051864,-28.995160203231226
cma,bbob_f018_i74_d10,18,10,74,1,contract,-21.89835000419869,-9.672610843152373,-21.89835000419869,-21.89835000419869,-22.99511168421914,-28.15083256581616
cma,bbob_f018_i74_d10,18,10,74,1,reflect,-21.89835000419869,-7.58185779496392,-21.89835000419869,-21.89835000419869,-21.89835000419869,-28.68079905351774
de,bbob_f019_i73_d10,19,10,73,0,pass,-13.876211897044227,143.21254793505435,-13.876211897044227,-13.876211897044227,-13.876211897044227,-14.31811373965996
de,bbob_f019_i73_d10,19,10,73,0,contract,-13.876211897044227,-0.2996864255895382,-13.876211897044227,-13.876211897044227,-13.876211897044227,-15.180306292937901
de,bbob_f019_i73_d10,19,10,73,0,reflect,-13.876211897044227,64.00104575062873,-13.876211897044227,-13.876211897044227,-13.876211897044227,-14.31811373965996
pso,bbob_f019_i73_d10,19,10,73,0,pass,-18.870262826813573,-4.804295255718621,-18.870262826813573,-18.870262826813573,-20.584514418701197,-20.584514418701197
pso,bbob_f019_i73_d10,19,10,73,0,contract,-18.870262826813573,-13.236101568425397,-18.870262826813573,-18.870262826813573,-20.584514418701197,-20.584514418701197
pso,bbob_f019_i73_d10,19,10,73,0,reflect,-18.870262826813573,20.136417880463288,-18.870262826813573,-18.870262826813573,-20.584514418701197,-20.584514418701197
cma,bbob_f019_i73_d10,19,10,73,0,pass,-18.488332782098272,-12.137255950297984,-18.488332782098272,-18.488332782098272,-19.93760919945028,-21.89171059552094
cma,bbob_f019_i73_d10,19,10,73,0,contract,-18.488332782098272,-15.044912378097449,-18.488332782098272,-18.488332782098272,-19.43439547962526,-21.86551114213482
cma,bbob_f019_i73_d10,19,10,73,0,reflect,-18.488332782098272,-6.28880638567291,-18.488332782098272,-18.488332782098272,-18.488332782098272,-20.368350026303837
de,bbob_f019_i73_d10,19,10,73,1,pass,-11.82055371708552,27.174932673407806,-11.82055371708552,-11.82055371708552,-11.82055371708552,-14.436603945799764
de,bbob_f019_i73_d10,19,10,73,1,contract,-11.82055371708552,-15.604254124660823,-15.604254124660823,-15.604254124660823,-15.604254124660823,-15.604254124660823
de,bbob_f019_i73_d10,19,10,73,1,reflect,-11.82055371708552,58.576961102937304,-11.82055371708552,-11.82055371708552,-11.82055371708552,-14.436603945799764
pso,bbob_f019_i73_d10,19,10,73,1,pass,-19.146113042514518,-7.821626784301781,-19.146113042514518,-19.146113042514518,-19.146113042514518,-20.231679436868585
pso,bbob_f019_i73_d10,19,10,73,1,contract,-19.146113042514518,-13.978447683828472,-19.146113042514518,-19.146113042514518,-19.146113042514518,-20.231679436868585
pso,bbob_f019_i73_d10,19,10,73,1,reflect,-19.146113042514518,12.732543440371206,-19.146113042514518,-19.146113042514518,-19.146113042514518,-20.231679436868585
cma,bbob_f019_i73_d10,19,10,73,1,pass,-19.9909481864582,-15.42995280795132,-19.9909481864582,-19.9909481864582,-19.9909481864582,-20.97101949834522
cma,bbob_f019_i73_d10,19,10,73,1,contract,-19.9909481864582,-15.328752155363944,-19.9909481864582,-19.9909481864582,-20.634702064899976,-20.789453242930467
cma,bbob_f019_i73_d10,19,10,73,1,reflect,-19.9909481864582,-16.42458148044763,-19.9909481864582,-19.9909481864582,-19.9909481864582,-20.143025705558337
de,bbob_f019_i74_d10,19,10,74,0,pass,-21.76491395244969,13.340432028359693,-21.76491395244969,-21.76491395244969,-21.76491395244969,-21.76491395244969
de,bbob_f019_i74_d10,19,10,74,0,contract,-21.76491395244969,-18.82045780889938,-21.76491395244969,-21.76491395244969,-21.76491395244969,-21.76491395244969
de,bbob_f019_i74_d10,19,10,74,0,reflect,-21.76491395244969,177.18939078726916,-21.76491395244969,-21.76491395244969,-21.76491395244969,-21.76491395244969
pso,bbob_f019_i74_d10,19,10,74,0,pass,-22.074302291293957,-3.729267794860622,-22.074302291293957,-22.074302291293957,-22.074302291293957,-22.125347229277796
pso,bbob_f019_i74_d10,19,10,74,0,contract,-22.074302291293957,-14.612640817372998,-22.074302291293957,-22.074302291293957,-22.074302291293957,-22.125347229277796
pso,bbob_f019_i74_d10,19,10,74,0,reflect,-22.074302291293957,-11.288331631638364,-22.074302291293957,-22.074302291293957,-22.074302291293957,-22.125347229277796
cma,bbob_f019_i74_d10,19,10,74,0,pass,-24.64472204038775,-19.168223791504467,-24.64472204038775,-24.64472204038775,-26.308877824526313,-26.308877824526313
cma,bbob_f019_i74_d10,19,10,74,0,contract,-24.64472204038775,-19.358725439863267,-24.64472204038775,-24.64472204038775,-25.685312157244464,-25.685312157244464
cma,bbob_f019_i74_d10,19,10,74,0,reflect,-24.64472204038775,-15.984518530463607,-24.64472204038775,-24.64472204038775,-26.74972008806761,-26.74972008806761
de,bbob_f019_i74_d10,19,10,74,1,pass,-14.93644146190535,0.2494324541949382,-14.93644146190535,-14.93644146190535,-16.745263965123605,-19.05357749352167
de,bbob_f019_i74_d10,19,10,74,1,contract,-14.93644146190535,-19.454306152527195,-19.454306152527195,-19.454306152527195,-20.32249017857279,-20.32249017857279
de,bbob_f019_i74_d10,19,10,74,1,reflect,-14.93644146190535,57.368678319204086,-14.93644146190535,-14.93644146190535,-16.745263965123605,-19.05357749352167
pso,bbob_f019_i74_d10,19,10,74,1,pass,-21.828383454258717,-12.638040114105923,-21.828383454258717,-21.828383454258717,-21.828383454258717,-24.205862582361185
pso,bbob_f019_i74_d10,19,10,74,1,contract,-21.828383454258717,-15.037262887201656,-21.828383454258717,-21.828383454258717,-21.828383454258717,-24.205862582361185
pso,bbob_f019_i74_d10,19,10,74,1,reflect,-21.828383454258717,38.29681647710928,-21.828383454258717,-21.828383454258717,-21.828383454258717,-24.205862582361185
cma,bbob_f019_i74_d10,19,10,74,1,pass,-24.617930772769103,-18.1642933696671,-24.617930772769103,-24.617930772769103,-24.617930772769103,-25.046888748581193
cma,bbob_f019_i74_d10,19,10,74,1,contract,-24.617930772769103,-21.98764110016645,-24.617930772769103,-24.617930772769103,-24.617930772769103,-24.790794692062292
cma,bbob_f019_i74_d10,19,10,74,1,reflect,-24.617930772769103,-18.862835112431686,-24.617930772769103,-24.617930772769103,-24.617930772769103,-24.911642752199405
de,bbob_f020_i73_d10,20,10,73,0,pass,3889.984491568867,94949.18782741245,3889.984491568867,3889.984491568867,3889.984491568867,3889.984491568867
de,bbob_f020_i73_d10,20,10,73,0,contract,3889.984491568867,19165.74681850775,3889.984491568867,3889.984491568867,3889.984491568867,3889.984491568867
de,bbob_f020_i73_d10,20,10,73,0,reflect,3889.984491568867,110096.67651997981,3889.984491568867,3889.984491568867,3889.984491568867,3889.984491568867
pso,bbob_f020_i73_d10,20,10,73,0,pass,-141.96035166040963,4459.776162224696,-141.96035166040963,-141.96035166040963,-141.96035166040963,-245.10443672757057
pso,bbob_f020_i73_d10,20,10,73,0,contract,-141.96035166040963,716.4025013122321,-141.96035166040963,-141.96035166040963,-141.96035166040963,-245.10443672757057
pso,bbob_f020_i73_d10,20,10,73,0,reflect,-141.96035166040963,145106.82650560257,-141.96035166040963,-141.96035166040963,-141.96035166040963,-245.10443672757057
cma,bbob_f020_i73_d10,20,10,73,0,pass,-245.21020345485226,-243.9857658205301,-245.21020345485226,-245.21020345485226,-245.5230867750474,-246.02439713252144
cma,bbob_f020_i73_d10,20,10,73,0,contract,-245.21020345485226,-244.02246625604997,-245.21020345485226,-245.21020345485226,-245.59360867674678,-245.90912713847854
cma,bbob_f020_i73_d10,20,10,73,0,reflect,-245.21020345485226,693.2479420957807,-245.21020345485226,-245.21020345485226,-245.6066296539989,-245.6919704777643
de,bbob_f020_i73_d10,20,10,73,1,pass,13722.053743413082,121038.56491021308,13722.053743413082,9197.323875923319,8160.351863103714,3208.613014263123
de,bbob_f020_i73_d10,20,10,73,1,contract,13722.053743413082,19143.300394162878,13722.053743413082,9197.323875923319,8160.351863103714,3208.613014263123
de,bbob_f020_i73_d10,20,10,73,1,reflect,13722.053743413082,80234.06334097966,13722.053743413082,9197.323875923319,8160.351863103714,3208.613014263123
pso,bbob_f020_i73_d10,20,10,73,1,pass,-219.94847355295187,12966.038226719162,-219.94847355295187,-219.94847355295187,-244.89592635115395,-245.4084410639961
pso,bbob_f020_i73_d10,20,10,73,1,contract,-219.94847355295187,1085.541402462731,-219.94847355295187,-219.94847355295187,-244.89592635115395,-245.4084410639961
pso,bbob_f020_i73_d10,20,10,73,1,reflect,-219.94847355295187,35254.33070364675,-219.94847355295187,-219.94847355295187,-244.89592635115395,-245.4084410639961
cma,bbob_f020_i73_d10,20,10,73,1,pass,-245.30360571351324,-244.77558852522907,-245.30360571351324,-245.44815530392194,-245.44815530392194,-245.80992961639643
cma,bbob_f020_i73_d10,20,10,73,1,contract,-245.30360571351324,-244.03323805151123,-245.30360571351324,-245.44815530392194,-245.64856801129628,-245.81082081859492
cma,bbob_f020_i73_d10,20,10,73,1,reflect,-245.30360571351324,-244.30008174850494,-245.30360571351324,-245.44815530392194,-245.58923948004133,-245.8264487185696
de,bbob_f020_i74_d10,20,10,74,0,pass,1505.3956886565734,67027.8974935164,1505.3956886565734,1505.3956886565734,1505.3956886565734,1505.3956886565734
de,bbob_f020_i74_d10,20,10,74,0,contract,1505.3956886565734,4518.523918130056,1505.3956886565734,1505.3956886565734,1505.3956886565734,1505.3956886565734
de,bbob_f020_i74_d10,20,10,74,0,reflect,1505.3956886565734,102716.71886810845,1505.3956886565734,1505.3956886565734,1505.3956886565734,1505.3956886565734
pso,bbob_f020_i74_d10,20,10,74,0,pass,80.44761034973662,9206.133129398015,80.44761034973662,80.44761034973662,23.45549985922682,-64.16463122711559
pso,bbob_f020_i74_d10,20,10,74,0,contract,80.44761034973662,1830.9010066966255,80.44761034973662,80.44761034973662,23.45549985922682,-64.16463122711559
pso,bbob_f020_i74_d10,20,10,74,0,reflect,80.44761034973662,69294.52267940919,80.44761034973662,80.44761034973662,23.45549985922682,-64.16463122711559
cma,bbob_f020_i74_d10,20,10,74,0,pass,-64.29829804369139,-62.29815776859031,-64.29829804369139,-64.29829804369139,-64.82165473027979,-64.96580240688198
cma,bbob_f020_i74_d10,20,10,74,0,contract,-64.29829804369139,-63.046620337584315,-64.29829804369139,-64.29829804369139,-64.59532154314554,-64.86583113300725
cma,bbob_f020_i74_d10,20,10,74,0,reflect,-64.29829804369139,613.5727998237093,-64.29829804369139,-64.29829804369139,-64.50359176708933,-64.93638137365865
de,bbob_f020_i74_d10,20,10,74,1,pass,3645.0153336949293,34096.40422153286,3645.0153336949293,3645.0153336949293,3645.0153336949293,3609.8572666296027
de,bbob_f020_i74_d10,20,10,74,1,contract,3645.0153336949293,2331.7869184411175,2331.7869184411175,2331.7869184411175,2331.7869184411175,2331.7869184411175
de,bbob_f020_i74_d10,20,10,74,1,reflect,3645.0153336949293,68097.00298324415,3645.0153336949293,3645.0153336949293,3645.0153336949293,3609.8572666296027
pso,bbob_f020_i74_d10,20,10,74,1,pass,413.65280007201494,4523.169527725511,413.65280007201494,413.65280007201494,-18.541067217088923,-49.038348860930995
pso,bbob_f020_i74_d10,20,10,74,1,contract,413.65280007201494,598.7038141891198,413.65280007201494,413.65280007201494,-18.541067217088923,-49.038348860930995
pso,bbob_f020_i74_d10,20,10,74,1,reflect,413.65280007201494,13925.49707579585,413.65280007201494,413.65280007201494,-18.541067217088923,-49.038348860930995
cma,bbob_f020_i74_d10,20,10,74,1,pass,-63.7250325967117,135.6866454656759,-63.7250325967117,-64.00617583197901,-64.18258935496677,-64.82372977545418
cma,bbob_f020_i74_d10,20,10,74,1,contract,-63.7250325967117,-63.57820077875854,-63.7250325967117,-64.00617583197901,-64.82166269677164,-64.82166269677164
cma,bbob_f020_i74_d10,20,10,74,1,reflect,-63.7250325967117,927.37018716632,-63.7250325967117,-64.00617583197901,-64.41400965515085,-65.04334498559606
de,bbob_f021_i73_d10,21,10,73,0,pass,33.84337895064145,57.87086368078005,33.84337895064145,33.84337895064145,33.84337895064145,33.84337895064145
de,bbob_f021_i73_d10,21,10,73,0,contract,33.84337895064145,55.89072083049447,33.84337895064145,33.84337895064145,33.84337895064145,33.84337895064145
de,bbob_f021_i73_d10,21,10,73,0,reflect,33.84337895064145,48.098158047975915,33.84337895064145,33.84337895064145,33.84337895064145,33.84337895064145
pso,bbob_f021_i73_d10,21,10,73,0,pass,-15.721799719179604,10.891398254402969,-15.721799719179604,-16.344792799209948,-18.53271822502286,-21.27418377506142
pso,bbob_f021_i73_d10,21,10,73,0,contract,-15.721799719179604,-14.16486764167389,-15.721799719179604,-16.344792799209948,-18.53271822502286,-21.27418377506142
pso,bbob_f021_i73_d10,21,10,73,0,reflect,-15.721799719179604,46.863075380905556,-15.721799719179604,-16.344792799209948,-18.53271822502286,-21.27418377506142
cma,bbob_f021_i73_d10,21,10,73,0,pass,8.47160134388563,29.513679078839143,8.47160134388563,8.47160134388563,-9.146248186009899,-19.39895839277355
cma,bbob_f021_i73_d10,21,10,73,0,contract,8.47160134388563,17.66251510226532,8.47160134388563,8.47160134388563,-4.489054959342624,-17.46284905360293
cma,bbob_f021_i73_d10,21,10,73,0,reflect,8.47160134388563,18.223942548035833,8.47160134388563,8.47160134388563,-7.650218710122282,-19.863028233620184
de,bbob_f021_i73_d10,21,10,73,1,pass,36.69955838916988,61.81157310463409,36.69955838916988,36.69955838916988,36.69955838916988,27.82933565730426
de,bbob_f021_i73_d10,21,10,73,1,contract,36.69955838916988,59.43017213045009,36.69955838916988,36.69955838916988,36.69955838916988,27.82933565730426
de,bbob_f021_i73_d10,21,10,73,1,reflect,36.69955838916988,62.84261895078387,36.69955838916988,36.69955838916988,36.69955838916988,27.82933565730426
pso,bbob_f021_i73_d10,21,10,73,1,pass,3.40743515742561,58.96001655911205,3.40743515742561,3.40743515742561,3.40743515742561,-3.8920116981570523
pso,bbob_f021_i73_d10,21,10,73,1,contract,3.40743515742561,45.47067378725929,3.40743515742561,3.40743515742561,3.40743515742561,-3.8920116981570523
pso,bbob_f021_i73_d10,21,10,73,1,reflect,3.40743515742561,58.079778952356094,3.40743515742561,3.40743515742561,3.40743515742561,-3.8920116981570523
cma,bbob_f021_i73_d10,21,10,73,1,pass,13.829435864641848,41.038452096234465,13.829435864641848,13.102904896454252,-8.063340134903028,-14.088277810590611
cma,bbob_f021_i73_d10,21,10,73,1,contract,13.829435864641848,22.99127284191658,13.829435864641848,13.102904896454252,-7.993101504810374,-13.26872580877054
cma,bbob_f021_i73_d10,21,10,73,1,reflect,13.829435864641848,49.387894955896996,13.829435864641848,13.102904896454252,-10.966537703440666,-14.433227283218713
de,bbob_f021_i74_d10,21,10,74,0,pass,-282.4607877440224,-246.7050609246782,-282.4607877440224,-282.4607877440224,-282.4607877440224,-282.4607877440224
de,bbob_f021_i74_d10,21,10,74,0,contract,-282.4607877440224,-250.69819933006892,-282.4607877440224,-282.4607877440224,-282.4607877440224,-282.4607877440224
de,bbob_f021_i74_d10,21,10,74,0,reflect,-282.4607877440224,-246.82510895953126,-282.4607877440224,-282.4607877440224,-282.4607877440224,-282.4607877440224
pso,bbob_f021_i74_d10,21,10,74,0,pass,-306.70580676580323,-313.8457593338399,-313.8457593338399,-315.2256539309375,-325.415060726161,-326.83797331860507
pso,bbob_f021_i74_d10,21,10,74,0,contract,-306.70580676580323,-314.30467237471015,-314.30467237471015,-315.45986290979147,-324.8326032449766,-326.74524697405997
pso,bbob_f021_i74_d10,21,10,74,0,reflect,-306.70580676580323,-256.70796999759443,-306.70580676580323,-307.78960210355683,-323.47788542595544,-324.83641267005027
cma,bbob_f021_i74_d10,21,10,74,0,pass,-306.85710726649774,-297.0424678511064,-306.85710726649774,-306.85710726649774,-307.60645143189856,-309.4232117482576
cma,bbob_f021_i74_d10,21,10,74,0,contract,-306.85710726649774,-301.2297493883406,-306.85710726649774,-306.85710726649774,-306.85710726649774,-309.12758971085935
cma,bbob_f021_i74_d10,21,10,74,0,reflect,-306.85710726649774,-260.54834195086954,-306.85710726649774,-306.85710726649774,-306.85710726649774,-308.9559188397674
de,bbob_f021_i74_d10,21,10,74,1,pass,-296.3876356323046,-274.5989883786359,-296.3876356323046,-296.3876356323046,-296.3876356323046,-296.3876356323046
de,bbob_f021_i74_d10,21,10,74,1,contract,-296.3876356323046,-253.75834178365818,-296.3876356323046,-296.3876356323046,-296.3876356323046,-296.3876356323046
de,bbob_f021_i74_d10,21,10,74,1,reflect,-296.3876356323046,-249.21035808690573,-296.3876356323046,-296.3876356323046,-296.3876356323046,-296.3876356323046
pso,bbob_f021_i74_d10,21,10,74,1,pass,-315.1555550114271,-288.30507693920936,-315.1555550114271,-315.1555550114271,-316.2187620881931,-321.53237316460877
pso,bbob_f021_i74_d10,21,10,74,1,contract,-315.1555550114271,-310.4441378723298,-315.1555550114271,-315.1555550114271,-316.2187620881931,-321.53237316460877
pso,bbob_f021_i74_d10,21,10,74,1,reflect,-315.1555550114271,-246.6297596329817,-315.1555550114271,-315.1555550114271,-316.2187620881931,-321.53237316460877
cma,bbob_f021_i74_d10,21,10,74,1,pass,-323.5489147832263,-323.2500101670188,-323.5489147832263,-324.38201648960205,-324.80938071938283,-326.0180614838746
cma,bbob_f021_i74_d10,21,10,74,1,contract,-323.5489147832263,-323.4802823285313,-323.5489147832263,-324.38201648960205,-325.2454697494013,-326.0479336901362
cma,bbob_f021_i74_d10,21,10,74,1,reflect,-323.5489147832263,-314.82032471254735,-323.5489147832263,-324.38201648960205,-325.0432857325342,-325.95885948066285
de,bbob_f022_i73_d10,22,10,73,0,pass,-51.24814233802017,-38.197012960549046,-51.24814233802017,-51.24814233802017,-51.24814233802017,-59.267817640812865
de,bbob_f022_i73_d10,22,10,73,0,contract,-51.24814233802017,-35.247267216260695,-51.24814233802017,-51.24814233802017,-51.24814233802017,-59.267817640812865
de,bbob_f022_i73_d10,22,10,73,0,reflect,-51.24814233802017,-34.030393793042165,-51.24814233802017,-51.24814233802017,-51.24814233802017,-59.267817640812865
pso,bbob_f022_i73_d10,22,10,73,0,pass,-95.79850497739416,-38.00813629937086,-95.79850497739416,-95.79850497739416,-95.79850497739416,-97.68297167353352
pso,bbob_f022_i73_d10,22,10,73,0,contract,-95.79850497739416,-53.94987942557542,-95.79850497739416,-95.79850497739416,-95.79850497739416,-97.68297167353352
pso,bbob_f022_i73_d10,22,10,73,0,reflect,-95.79850497739416,-35.16519196204942,-95.79850497739416,-95.79850497739416,-95.79850497739416,-97.68297167353352
cma,bbob_f022_i73_d10,22,10,73,0,pass,-109.07857663061031,-107.66540639645291,-109.07857663061031,-109.07857663061031,-111.29560514650278,-112.05102120497992
cma,bbob_f022_i73_d10,22,10,73,0,contract,-109.07857663061031,-110.98042485996075,-110.98042485996075,-110.98042485996075,-111.22429212691443,-112.07022251912406
cma,bbob_f022_i73_d10,22,10,73,0,reflect,-109.07857663061031,-92.84853285921909,-109.07857663061031,-109.07857663061031,-110.4354258036725,-111.98795268289831
de,bbob_f022_i73_d10,22,10,73,1,pass,-53.37517819783068,-35.705512809844834,-53.37517819783068,-53.37517819783068,-53.37517819783068,-53.37517819783068
de,bbob_f022_i73_d10,22,10,73,1,contract,-53.37517819783068,-40.79634140348463,-53.37517819783068,-53.37517819783068,-53.37517819783068,-53.37517819783068
de,bbob_f022_i73_d10,22,10,73,1,reflect,-53.37517819783068,-33.14879790425512,-53.37517819783068,-53.37517819783068,-53.37517819783068,-53.37517819783068
pso,bbob_f022_i73_d10,22,10,73,1,pass,-82.24393865958474,-53.61928954128409,-82.24393865958474,-82.24393865958474,-86.72832683241698,-91.68348256591024
pso,bbob_f022_i73_d10,22,10,73,1,contract,-82.24393865958474,-73.46425794720355,-82.24393865958474,-82.24393865958474,-86.72832683241698,-91.68348256591024
pso,bbob_f022_i73_d10,22,10,73,1,reflect,-82.24393865958474,-49.54152304902006,-82.24393865958474,-82.24393865958474,-86.72832683241698,-91.68348256591024
cma,bbob_f022_i73_d10,22,10,73,1,pass,-102.1764880945163,-85.27539351771212,-102.1764880945163,-102.1764880945163,-103.592416080079,-111.56906003451607
cma,bbob_f022_i73_d10,22,10,73,1,contract,-102.1764880945163,-100.0371716392751,-102.1764880945163,-102.1764880945163,-102.1764880945163,-111.43249437504191
cma,bbob_f022_i73_d10,22,10,73,1,reflect,-102.1764880945163,-55.020081469204555,-102.1764880945163,-102.1764880945163,-106.65896912757779,-111.59248389688258
de,bbob_f022_i74_d10,22,10,74,0,pass,71.1339770385989,88.56982315680521,71.1339770385989,71.1339770385989,71.1339770385989,71.1339770385989
de,bbob_f022_i74_d10,22,10,74,0,contract,71.1339770385989,94.74233174591966,71.1339770385989,71.1339770385989,71.1339770385989,71.1339770385989
de,bbob_f022_i74_d10,22,10,74,0,reflect,71.1339770385989,94.65010000010572,71.1339770385989,71.1339770385989,71.1339770385989,71.1339770385989
pso,bbob_f022_i74_d10,22,10,74,0,pass,47.961672166150024,87.4332079999304,47.961672166150024,47.961672166150024,45.52707581334987,33.97768312990344
pso,bbob_f022_i74_d10,22,10,74,0,contract,47.961672166150024,69.3607703984691,47.961672166150024,47.961672166150024,45.52707581334987,33.97768312990344
pso,bbob_f022_i74_d10,22,10,74,0,reflect,47.961672166150024,91.42145354767587,47.961672166150024,47.961672166150024,45.52707581334987,33.97768312990344
cma,bbob_f022_i74_d10,22,10,74,0,pass,35.221583333746466,47.09688658253651,35.221583333746466,30.924111394433513,21.93614560472415,12.711839129581515
cma,bbob_f022_i74_d10,22,10,74,0,contract,35.221583333746466,35.257712437269085,35.221583333746466,30.924111394433513,30.12913052983842,12.635702378772315
cma,bbob_f022_i74_d10,22,10,74,0,reflect,35.221583333746466,80.69628643041912,35.221583333746466,30.924111394433513,30.924111394433513,15.113100952195738
de,bbob_f022_i74_d10,22,10,74,1,pass,73.0288989597798,94.6621148200563,73.0288989597798,73.0288989597798,73.0288989597798,57.792805218856046
de,bbob_f022_i74_d10,22,10,74,1,contract,73.0288989597798,83.36841424289493,73.0288989597798,73.0288989597798,73.0288989597798,57.792805218856046
de,bbob_f022_i74_d10,22,10,74,1,reflect,73.0288989597798,97.30274106564121,73.0288989597798,73.0288989597798,73.0288989597798,57.792805218856046
pso,bbob_f022_i74_d10,22,10,74,1,pass,34.33151769994829,85.5091366109684,34.33151769994829,34.33151769994829,34.33151769994829,22.30999332236759
pso,bbob_f022_i74_d10,22,10,74,1,contract,34.33151769994829,71.39130930577718,34.33151769994829,34.33151769994829,34.33151769994829,22.30999332236759
pso,bbob_f022_i74_d10,22,10,74,1,reflect,34.33151769994829,86.22849748701076,34.33151769994829,34.33151769994829,34.33151769994829,22.30999332236759
cma,bbob_f022_i74_d10,22,10,74,1,pass,29.22482072989523,30.71361727862892,29.22482072989523,29.22482072989523,26.62310035333751,25.511982646631544
cma,bbob_f022_i74_d10,22,10,74,1,contract,29.22482072989523,29.779633058558883,29.22482072989523,29.22482072989523,27.854112821451434,25.56338440140664
cma,bbob_f022_i74_d10,22,10,74,1,reflect,29.22482072989523,32.07142537916421,29.22482072989523,29.22482072989523,27.287684317712547,25.643963818079662
de,bbob_f023_i73_d10,23,10,73,0,pass,-181.26885788489304,-174.75579275766123,-181.26885788489304,-182.6253109138147,-184.83485876135038,-184.83485876135038
de,bbob_f023_i73_d10,23,10,73,0,contract,-181.26885788489304,-163.28260747931174,-181.26885788489304,-182.6253109138147,-183.652798986811,-183.652798986811
de,bbob_f023_i73_d10,23,10,73,0,reflect,-181.26885788489304,-169.36700315849532,-181.26885788489304,-182.6253109138147,-183.652798986811,-183.652798986811
pso,bbob_f023_i73_d10,23,10,73,0,pass,-183.63934596513647,-173.6695413767723,-183.63934596513647,-184.35137642305298,-184.35137642305298,-184.35137642305298
pso,bbob_f023_i73_d10,23,10,73,0,contract,-183.63934596513647,-177.84039529925948,-183.63934596513647,-184.35137642305298,-184.35137642305298,-184.35137642305298
pso,bbob_f023_i73_d10,23,10,73,0,reflect,-183.63934596513647,-180.11498708664323,-183.63934596513647,-184.35137642305298,-184.35137642305298,-184.35137642305298
cma,bbob_f023_i73_d10,23,10,73,0,pass,-182.9402231926558,-169.87543284209875,-182.9402231926558,-182.9402231926558,-182.9402231926558,-182.9402231926558
cma,bbob_f023_i73_d10,23,10,73,0,contract,-182.9402231926558,-164.0269590269672,-182.9402231926558,-182.9402231926558,-183.63817985099575,-183.93980765206763
cma,bbob_f023_i73_d10,23,10,73,0,reflect,-182.9402231926558,-178.8568350378048,-182.9402231926558,-182.9402231926558,-182.9402231926558,-183.14230565185443
de,bbob_f023_i73_d10,23,10,73,1,pass,-183.45515966011232,-180.4607005123358,-183.45515966011232,-183.45515966011232,-183.45515966011232,-184.2141600530972
de,bbob_f023_i73_d10,23,10,73,1,contract,-183.45515966011232,-182.1883963889355,-183.45515966011232,-183.45515966011232,-183.45515966011232,-184.2141600530972
de,bbob_f023_i73_d10,23,10,73,1,reflect,-183.45515966011232,-161.845265608663,-183.45515966011232,-183.45515966011232,-183.45515966011232,-184.2141600530972
pso,bbob_f023_i73_d10,23,10,73,1,pass,-183.12874081378243,-181.28487594757794,-183.12874081378243,-183.12874081378243,-183.12874081378243,-183.59840255933966
pso,bbob_f023_i73_d10,23,10,73,1,contract,-183.12874081378243,-174.46837425518905,-183.12874081378243,-183.12874081378243,-183.12874081378243,-183.59840255933966
pso,bbob_f023_i73_d10,23,10,73,1,reflect,-183.12874081378243,-166.51610654423794,-183.12874081378243,-183.12874081378243,-183.12874081378243,-183.59840255933966
cma,bbob_f023_i73_d10,23,10,73,1,pass,-184.1410458525167,-170.9423112200808,-184.1410458525167,-184.1410458525167,-184.1410458525167,-184.1410458525167
cma,bbob_f023_i73_d10,23,10,73,1,contract,-184.1410458525167,-179.86524351814157,-184.1410458525167,-184.1410458525167,-184.1410458525167,-184.1410458525167
cma,bbob_f023_i73_d10,23,10,73,1,reflect,-184.1410458525167,-173.2046100354361,-184.1410458525167,-184.1410458525167,-184.1410458525167,-184.1410458525167
de,bbob_f023_i74_d10,23,10,74,0,pass,589.3586905564307,612.9949246799376,589.3586905564307,589.3586905564307,589.3586905564307,589.0318859791868
de,bbob_f023_i74_d10,23,10,74,0,contract,589.3586905564307,596.1836297583723,589.3586905564307,589.3586905564307,589.3586905564307,589.0318859791868
de,bbob_f023_i74_d10,23,10,74,0,reflect,589.3586905564307,599.6866476263419,589.3586905564307,589.3586905564307,589.3586905564307,589.0318859791868
pso,bbob_f023_i74_d10,23,10,74,0,pass,589.1822325424905,603.0585656555157,589.1822325424905,589.1822325424905,589.1822325424905,589.1822325424905
pso,bbob_f023_i74_d10,23,10,74,0,contract,589.1822325424905,596.3424972730871,589.1822325424905,589.1822325424905,589.1822325424905,589.1822325424905
pso,bbob_f023_i74_d10,23,10,74,0,reflect,589.1822325424905,594.2590741677562,589.1822325424905,589.1822325424905,589.1822325424905,589.1822325424905
cma,bbob_f023_i74_d10,23,10,74,0,pass,588.0398676668842,594.6602143592478,588.0398676668842,588.0398676668842,588.0398676668842,588.0398676668842
cma,bbob_f023_i74_d10,23,10,74,0,contract,588.0398676668842,605.3132934134429,588.0398676668842,588.0398676668842,588.0398676668842,587.9059130759251
cma,bbob_f023_i74_d10,23,10,74,0,reflect,588.0398676668842,603.8836387911894,588.0398676668842,588.0398676668842,588.0398676668842,588.0398676668842
de,bbob_f023_i74_d10,23,10,74,1,pass,588.299205460576,600.4011239956945,588.299205460576,588.299205460576,588.299205460576,588.299205460576
de,bbob_f023_i74_d10,23,10,74,1,contract,588.299205460576,604.1664948734606,588.299205460576,588.299205460576,588.299205460576,588.299205460576
de,bbob_f023_i74_d10,23,10,74,1,reflect,588.299205460576,600.31302325184,588.299205460576,588.299205460576,588.299205460576,588.299205460576
pso,bbob_f023_i74_d10,23,10,74,1,pass,589.730961791621,596.1099182993847,589.730961791621,589.730961791621,588.7276056907119,588.7276056907119
pso,bbob_f023_i74_d10,23,10,74,1,contract,589.730961791621,598.6112816457626,589.730961791621,589.730961791621,588.7276056907119,588.7276056907119
pso,bbob_f023_i74_d10,23,10,74,1,reflect,589.730961791621,602.0812010881654,589.730961791621,589.730961791621,588.7276056907119,588.7276056907119
cma,bbob_f023_i74_d10,23,10,74,1,pass,588.1437749944924,593.4915167364139,588.1437749944924,588.1437749944924,588.1437749944924,588.1437749944924
cma,bbob_f023_i74_d10,23,10,74,1,contract,588.1437749944924,600.3719173442611,588.1437749944924,588.1437749944924,588.1437749944924,588.1437749944924
cma,bbob_f023_i74_d10,23,10,74,1,reflect,588.1437749944924,592.6721421117218,588.1437749944924,588.1437749944924,588.1437749944924,588.1437749944924
de,bbob_f024_i73_d10,24,10,73,0,pass,-19.922134155132284,88.4623648467749,-19.922134155132284,-19.922134155132284,-19.922134155132284,-19.922134155132284
de,bbob_f024_i73_d10,24,10,73,0,contract,-19.922134155132284,-7.316671260208352,-19.922134155132284,-19.922134155132284,-19.922134155132284,-41.712553890300256
de,bbob_f024_i73_d10,24,10,73,0,reflect,-19.922134155132284,402.65643920843877,-19.922134155132284,-19.922134155132284,-19.922134155132284,-41.712553890300256
pso,bbob_f024_i73_d10,24,10,73,0,pass,-87.31052244862968,25.47577123050266,-87.31052244862968,-90.3583752527876,-107.64314159923445,-107.83286424171936
pso,bbob_f024_i73_d10,24,10,73,0,contract,-87.31052244862968,-32.77126557447815,-87.31052244862968,-90.3583752527876,-107.64314159923445,-107.83286424171936
pso,bbob_f024_i73_d10,24,10,73,0,reflect,-87.31052244862968,56.94159236535205,-87.31052244862968,-90.3583752527876,-107.64314159923445,-107.83286424171936
cma,bbob_f024_i73_d10,24,10,73,0,pass,-101.72663496355202,-70.09528124681563,-101.72663496355202,-101.72663496355202,-123.36199542941101,-132.55555905530738
cma,bbob_f024_i73_d10,24,10,73,0,contract,-101.72663496355202,-79.489057884977,-101.72663496355202,-101.72663496355202,-107.3388074663176,-131.425039726588
cma,bbob_f024_i73_d10,24,10,73,0,reflect,-101.72663496355202,-52.1844040824235,-101.72663496355202,-101.72663496355202,-128.57814375080375,-128.57814375080375
de,bbob_f024_i73_d10,24,10,73,1,pass,-46.50391339759878,183.34304316309226,-46.50391339759878,-46.50391339759878,-46.50391339759878,-60.429497715176865
de,bbob_f024_i73_d10,24,10,73,1,contract,-46.50391339759878,13.297026959688424,-46.50391339759878,-46.50391339759878,-46.50391339759878,-60.429497715176865
de,bbob_f024_i73_d10,24,10,73,1,reflect,-46.50391339759878,199.52652311122438,-46.50391339759878,-46.50391339759878,-46.50391339759878,-60.429497715176865
pso,bbob_f024_i73_d10,24,10,73,1,pass,-70.64599220030681,67.66374578363207,-70.64599220030681,-70.64599220030681,-70.64599220030681,-113.96700923731345
pso,bbob_f024_i73_d10,24,10,73,1,contract,-70.64599220030681,1.5977042891778979,-70.64599220030681,-70.64599220030681,-70.64599220030681,-113.96700923731345
pso,bbob_f024_i73_d10,24,10,73,1,reflect,-70.64599220030681,231.18412954981943,-70.64599220030681,-70.64599220030681,-70.64599220030681,-113.96700923731345
cma,bbob_f024_i73_d10,24,10,73,1,pass,-100.67427544813631,-91.2353083916498,-100.67427544813631,-100.67427544813631,-110.68891210051314,-138.97896283066837
cma,bbob_f024_i73_d10,24,10,73,1,contract,-100.67427544813631,-71.14871327983249,-100.67427544813631,-100.67427544813631,-137.12183483067224,-137.12183483067224
cma,bbob_f024_i73_d10,24,10,73,1,reflect,-100.67427544813631,-34.78241077847332,-100.67427544813631,-100.67427544813631,-114.08543798423777,-123.82114568354311
de,bbob_f024_i74_d10,24,10,74,0,pass,199.05691069792107,374.6055005628172,199.05691069792107,199.05691069792107,199.05691069792107,199.05691069792107
de,bbob_f024_i74_d10,24,10,74,0,contract,199.05691069792107,193.79854320557882,193.79854320557882,193.79854320557882,193.79854320557882,193.79854320557882
de,bbob_f024_i74_d10,24,10,74,0,reflect,199.05691069792107,437.7074402974748,199.05691069792107,199.05691069792107,199.05691069792107,199.05691069792107
pso,bbob_f024_i74_d10,24,10,74,0,pass,121.85319583176081,341.18866917189166,121.85319583176081,121.85319583176081,121.85319583176081,114.18796994870692
pso,bbob_f024_i74_d10,24,10,74,0,contract,121.85319583176081,242.53294005477647,121.85319583176081,121.85319583176081,121.85319583176081,114.18796994870692
pso,bbob_f024_i74_d10,24,10,74,0,reflect,121.85319583176081,488.65154304508667,121.85319583176081,121.85319583176081,121.85319583176081,114.18796994870692
cma,bbob_f024_i74_d10,24,10,74,0,pass,115.40603219033534,222.87958827064648,115.40603219033534,115.40603219033534,115.40603219033534,115.40603219033534
cma,bbob_f024_i74_d10,24,10,74,0,contract,115.40603219033534,172.2547945488675,115.40603219033534,115.40603219033534,115.40603219033534,107.55077987690817
cma,bbob_f024_i74_d10,24,10,74,0,reflect,115.40603219033534,195.39874229759494,115.40603219033534,115.40603219033534,115.40603219033534,107.32783363588962
de,bbob_f024_i74_d10,24,10,74,1,pass,182.18375592882742,324.51120505197804,182.18375592882742,182.18375592882742,182.18375592882742,182.18375592882742
de,bbob_f024_i74_d10,24,10,74,1,contract,182.18375592882742,216.63777274953594,182.18375592882742,182.18375592882742,182.18375592882742,182.18375592882742
de,bbob_f024_i74_d10,24,10,74,1,reflect,182.18375592882742,554.9643994158251,182.18375592882742,182.18375592882742,182.18375592882742,182.18375592882742
pso,bbob_f024_i74_d10,24,10,74,1,pass,161.71097687601474,314.48245666530454,161.71097687601474,161.71097687601474,161.71097687601474,142.1561175377065
pso,bbob_f024_i74_d10,24,10,74,1,contract,161.71097687601474,261.04992885141314,161.71097687601474,161.71097687601474,161.71097687601474,142.1561175377065
pso,bbob_f024_i74_d10,24,10,74,1,reflect,161.71097687601474,460.78595663072844,161.71097687601474,161.71097687601474,161.71097687601474,142.1561175377065
cma,bbob_f024_i74_d10,24,10,74,1,pass,121.14088291866244,170.6428418260322,121.14088291866244,121.14088291866244,121.14088291866244,98.7735438833503
cma,bbob_f024_i74_d10,24,10,74,1,contract,121.14088291866244,164.90989630170083,121.14088291866244,121.14088291866244,121.14088291866244,121.14088291866244
cma,bbob_f024_i74_d10,24,10,74,1,reflect,121.14088291866244,196.08511388104677,121.14088291866244,121.14088291866244,121.14088291866244,116.99668628970244
