host,problem,function,dimension,instance,seed,action,baseline_best,first_f,best_h1,best_h10,best_h50,best_h400
de,bbob_f001_i77_d20,1,20,77,0,pass,460.5405543545771,573.895181729612,460.5405543545771,460.5405543545771,460.5405543545771,440.9194522142986
de,bbob_f001_i77_d20,1,20,77,0,contract,460.5405543545771,444.55242454863276,444.55242454863276,444.55242454863276,444.55242454863276,440.9194522142986
de,bbob_f001_i77_d20,1,20,77,0,reflect,460.5405543545771,773.892586242024,460.5405543545771,460.5405543545771,460.5405543545771,440.9194522142986
pso,bbob_f001_i77_d20,1,20,77,0,pass,398.7543080898371,484.77687870989394,398.7543080898371,398.7543080898371,398.7543080898371,371.6944779421182
pso,bbob_f001_i77_d20,1,20,77,0,contract,398.7543080898371,426.78119683517593,398.7543080898371,398.7543080898371,398.7543080898371,371.6944779421182
pso,bbob_f001_i77_d20,1,20,77,0,reflect,398.7543080898371,509.3168844516556,398.7543080898371,398.7543080898371,398.7543080898371,371.6944779421182
cma,bbob_f001_i77_d20,1,20,77,0,pass,358.12091299876835,361.29947460611425,358.12091299876835,358.12091299876835,356.97387580508234,356.2025590990226
cma,bbob_f001_i77_d20,1,20,77,0,contract,358.12091299876835,358.83017419951386,358.12091299876835,358.12091299876835,357.80734905355615,356.2230364959606
cma,bbob_f001_i77_d20,1,20,77,0,reflect,358.12091299876835,361.2465628410341,358.12091299876835,358.12091299876835,358.12091299876835,356.20890782170414
de,bbob_f001_i77_d20,1,20,77,1,pass,480.1342101414197,690.4582040760054,480.1342101414197,480.1342101414197,480.1342101414197,477.4718787681078
de,bbob_f001_i77_d20,1,20,77,1,contract,480.1342101414197,478.6316657073958,478.6316657073958,478.6316657073958,478.6316657073958,477.4718787681078
de,bbob_f001_i77_d20,1,20,77,1,reflect,480.1342101414197,641.5672368165303,480.1342101414197,480.1342101414197,480.1342101414197,477.4718787681078
pso,bbob_f001_i77_d20,1,20,77,1,pass,396.6265317751131,468.1897550776022,396.6265317751131,396.6265317751131,389.71052005301647,370.1211820964941
pso,bbob_f001_i77_d20,1,20,77,1,contract,396.6265317751131,416.99067189026863,396.6265317751131,396.6265317751131,389.71052005301647,370.1211820964941
pso,bbob_f001_i77_d20,1,20,77,1,reflect,396.6265317751131,545.5741174841123,396.6265317751131,396.6265317751131,389.71052005301647,370.1211820964941
cma,bbob_f001_i77_d20,1,20,77,1,pass,360.577014161979,362.3890699157064,360.577014161979,358.9546180853147,357.4755233417912,356.32740418507393
cma,bbob_f001_i77_d20,1,20,77,1,contract,360.577014161979,360.2537780351809,360.2537780351809,360.2537780351809,358.9646099338472,356.2836393772817
cma,bbob_f001_i77_d20,1,20,77,1,reflect,360.577014161979,369.04826584530593,360.577014161979,360.577014161979,359.26452000608765,356.47233630497965
de,bbob_f001_i78_d20,1,20,78,0,pass,-395.0192060369075,-302.3138663208547,-395.0192060369075,-395.0192060369075,-395.0192060369075,-407.6501883317187
de,bbob_f001_i78_d20,1,20,78,0,contract,-395.0192060369075,-396.3727579851893,-396.3727579851893,-396.3727579851893,-396.3727579851893,-396.3727579851893
de,bbob_f001_i78_d20,1,20,78,0,reflect,-395.0192060369075,-237.89571208870535,-395.0192060369075,-395.0192060369075,-395.0192060369075,-407.6501883317187
pso,bbob_f001_i78_d20,1,20,78,0,pass,-459.4694494158338,-409.5334714688236,-459.4694494158338,-459.4694494158338,-460.1089422252829,-463.4234152445092
pso,bbob_f001_i78_d20,1,20,78,0,contract,-459.4694494158338,-445.10202651485054,-459.4694494158338,-459.4694494158338,-460.1089422252829,-463.4234152445092
pso,bbob_f001_i78_d20,1,20,78,0,reflect,-459.4694494158338,-331.0251737359865,-459.4694494158338,-459.4694494158338,-460.1089422252829,-463.4234152445092
cma,bbob_f001_i78_d20,1,20,78,0,pass,-473.3475424803472,-469.6361879781927,-473.3475424803472,-473.3475424803472,-473.96509321638734,-475.5938329240641
cma,bbob_f001_i78_d20,1,20,78,0,contract,-473.3475424803472,-473.095829885097,-473.3475424803472,-473.3475424803472,-473.6486681740485,-475.53866290553094
cma,bbob_f001_i78_d20,1,20,78,0,reflect,-473.3475424803472,-467.81564434675647,-473.3475424803472,-473.3475424803472,-473.52506829978853,-475.591788756868
de,bbob_f001_i78_d20,1,20,78,1,pass,-342.2334320361336,-246.20601244417665,-342.2334320361336,-371.6087823371172,-371.6087823371172,-389.13832935702357
de,bbob_f001_i78_d20,1,20,78,1,contract,-342.2334320361336,-398.30365647922144,-398.30365647922144,-398.30365647922144,-398.30365647922144,-398.30365647922144
de,bbob_f001_i78_d20,1,20,78,1,reflect,-342.2334320361336,-107.41166024662755,-342.2334320361336,-371.6087823371172,-371.6087823371172,-389.13832935702357
pso,bbob_f001_i78_d20,1,20,78,1,pass,-439.91865244116264,-366.21709028349113,-439.91865244116264,-439.91865244116264,-439.91865244116264,-456.9868580856673
pso,bbob_f001_i78_d20,1,20,78,1,contract,-439.91865244116264,-417.2037240550246,-439.91865244116264,-439.91865244116264,-439.91865244116264,-456.9868580856673
pso,bbob_f001_i78_d20,1,20,78,1,reflect,-439.91865244116264,-329.4233497312159,-439.91865244116264,-439.91865244116264,-439.91865244116264,-456.9868580856673
cma,bbob_f001_i78_d20,1,20,78,1,pass,-470.23004086578766,-468.0226401987958,-470.23004086578766,-470.23004086578766,-472.79705551834866,-475.58032913901854
cma,bbob_f001_i78_d20,1,20,78,1,contract,-470.23004086578766,-470.31854912716136,-470.31854912716136,-470.31854912716136,-473.16745967503164,-475.5113183889212
cma,bbob_f001_i78_d20,1,20,78,1,reflect,-470.23004086578766,-464.9779774285053,-470.23004086578766,-470.23004086578766,-472.86917757289126,-475.54154601722456
de,bbob_f002_i77_d20,2,20,77,0,pass,2747765.685513772,17790891.268162135,2747765.685513772,2747765.685513772,2747765.685513772,607523.228934381
de,bbob_f002_i77_d20,2,20,77,0,contract,2747765.685513772,5245565.48891241,2747765.685513772,2747765.685513772,2747765.685513772,607523.228934381
de,bbob_f002_i77_d20,2,20,77,0,reflect,2747765.685513772,14432403.728549356,2747765.685513772,2747765.685513772,2747765.685513772,607523.228934381
pso,bbob_f002_i77_d20,2,20,77,0,pass,623266.8919872752,1000644.6037514714,623266.8919872752,623266.8919872752,497139.9147741958,279356.81442778034
pso,bbob_f002_i77_d20,2,20,77,0,contract,623266.8919872752,691187.14776094,623266.8919872752,623266.8919872752,497139.9147741958,279356.81442778034
pso,bbob_f002_i77_d20,2,20,77,0,reflect,623266.8919872752,4357308.413786496,623266.8919872752,623266.8919872752,497139.9147741958,279356.81442778034
cma,bbob_f002_i77_d20,2,20,77,0,pass,272219.84875579097,3540730.348072416,272219.84875579097,272219.84875579097,272219.84875579097,48419.72397364296
cma,bbob_f002_i77_d20,2,20,77,0,contract,272219.84875579097,1414166.9314271687,272219.84875579097,272219.84875579097,248710.93601595814,53993.010779859986
cma,bbob_f002_i77_d20,2,20,77,0,reflect,272219.84875579097,2099113.781161141,272219.84875579097,272219.84875579097,265862.27817359305,55393.595534887376
de,bbob_f002_i77_d20,2,20,77,1,pass,1824552.286629497,12366811.294547493,1824552.286629497,1824552.286629497,1824552.286629497,1524352.1402839937
de,bbob_f002_i77_d20,2,20,77,1,contract,1824552.286629497,4133576.4311155085,1824552.286629497,1824552.286629497,1824552.286629497,1524352.1402839937
de,bbob_f002_i77_d20,2,20,77,1,reflect,1824552.286629497,28132382.571550198,1824552.286629497,1824552.286629497,1824552.286629497,1505421.2649644734
pso,bbob_f002_i77_d20,2,20,77,1,pass,471492.27495817136,8856114.20132437,471492.27495817136,460389.582218646,460389.582218646,137778.84770093547
pso,bbob_f002_i77_d20,2,20,77,1,contract,471492.27495817136,2557467.995246653,471492.27495817136,460389.582218646,460389.582218646,137778.84770093547
pso,bbob_f002_i77_d20,2,20,77,1,reflect,471492.27495817136,12280454.381128592,471492.27495817136,460389.582218646,460389.582218646,137778.84770093547
cma,bbob_f002_i77_d20,2,20,77,1,pass,252119.20266078427,2663696.8317546747,252119.20266078427,252119.20266078427,252119.20266078427,47235.219644590536
cma,bbob_f002_i77_d20,2,20,77,1,contract,252119.20266078427,1433795.9297566838,252119.20266078427,252119.20266078427,252119.20266078427,99222.62907834475
cma,bbob_f002_i77_d20,2,20,77,1,reflect,252119.20266078427,1458574.3996775956,252119.20266078427,252119.20266078427,209409.86429376662,85449.58519245626
de,bbob_f002_i78_d20,2,20,78,0,pass,1964114.1289100046,14405463.32624835,1964114.1289100046,1964114.1289100046,1620576.4799009347,1110392.2315875723
de,bbob_f002_i78_d20,2,20,78,0,contract,1964114.1289100046,3731465.0635557873,1964114.1289100046,1964114.1289100046,1964114.1289100046,1110392.2315875723
de,bbob_f002_i78_d20,2,20,78,0,reflect,1964114.1289100046,18575257.91775539,1964114.1289100046,1964114.1289100046,1620576.4799009347,1110392.2315875723
pso,bbob_f002_i78_d20,2,20,78,0,pass,212144.15679072964,845074.5210240937,212144.15679072964,212144.15679072964,212144.15679072964,162561.0580948774
pso,bbob_f002_i78_d20,2,20,78,0,contract,212144.15679072964,352792.31553589203,212144.15679072964,212144.15679072964,212144.15679072964,162561.0580948774
pso,bbob_f002_i78_d20,2,20,78,0,reflect,212144.15679072964,3018137.0889883675,212144.15679072964,212144.15679072964,212144.15679072964,162561.0580948774
cma,bbob_f002_i78_d20,2,20,78,0,pass,215562.10327774193,2958493.375278836,215562.10327774193,215562.10327774193,202691.48862336582,57857.36161034802
cma,bbob_f002_i78_d20,2,20,78,0,contract,215562.10327774193,805740.6238930038,215562.10327774193,215562.10327774193,140898.27268146264,33179.68464116086
cma,bbob_f002_i78_d20,2,20,78,0,reflect,215562.10327774193,431127.1409103262,215562.10327774193,215562.10327774193,201799.29005510814,98678.5935683344
de,bbob_f002_i78_d20,2,20,78,1,pass,2426905.6817121007,21453167.871737182,2426905.6817121007,2245839.25188594,2245839.25188594,927098.0974830238
de,bbob_f002_i78_d20,2,20,78,1,contract,2426905.6817121007,5643841.266684227,2426905.6817121007,2245839.25188594,2245839.25188594,715834.5904229005
de,bbob_f002_i78_d20,2,20,78,1,reflect,2426905.6817121007,51094723.49364394,2426905.6817121007,2245839.25188594,2245839.25188594,927098.0974830238
pso,bbob_f002_i78_d20,2,20,78,1,pass,457470.07858261885,3469555.333814485,457470.07858261885,457470.07858261885,457470.07858261885,176878.78821175484
pso,bbob_f002_i78_d20,2,20,78,1,contract,457470.07858261885,1329061.6323007445,457470.07858261885,457470.07858261885,457470.07858261885,176878.78821175484
pso,bbob_f002_i78_d20,2,20,78,1,reflect,457470.07858261885,5486284.509775854,457470.07858261885,457470.07858261885,457470.07858261885,176878.78821175484
cma,bbob_f002_i78_d20,2,20,78,1,pass,331929.4931264916,996586.5708563208,331929.4931264916,331929.4931264916,331929.4931264916,58170.10128750587
cma,bbob_f002_i78_d20,2,20,78,1,contract,331929.4931264916,479230.8880046123,331929.4931264916,331929.4931264916,266077.8726130614,56863.35897447927
cma,bbob_f002_i78_d20,2,20,78,1,reflect,331929.4931264916,1402831.0222519333,331929.4931264916,331929.4931264916,303965.9883831568,50580.01203426004
de,bbob_f003_i77_d20,3,20,77,0,pass,757.4029909572453,1360.4120642697412,757.4029909572453,757.4029909572453,757.4029909572453,757.4029909572453
de,bbob_f003_i77_d20,3,20,77,0,contract,757.4029909572453,705.1122247375795,705.1122247375795,705.1122247375795,705.1122247375795,705.1122247375795
de,bbob_f003_i77_d20,3,20,77,0,reflect,757.4029909572453,2137.289220823441,757.4029909572453,757.4029909572453,757.4029909572453,757.4029909572453
pso,bbob_f003_i77_d20,3,20,77,0,pass,425.2536000877554,913.3602599483672,425.2536000877554,425.2536000877554,391.39817243266145,371.92053845748114
pso,bbob_f003_i77_d20,3,20,77,0,contract,425.2536000877554,606.7682652360124,425.2536000877554,425.2536000877554,391.39817243266145,371.92053845748114
pso,bbob_f003_i77_d20,3,20,77,0,reflect,425.2536000877554,1040.7204437544272,425.2536000877554,425.2536000877554,391.39817243266145,371.92053845748114
cma,bbob_f003_i77_d20,3,20,77,0,pass,277.6429214314276,386.07720472141284,277.6429214314276,277.6429214314276,250.29925370752602,250.29925370752602
cma,bbob_f003_i77_d20,3,20,77,0,contract,277.6429214314276,417.6835568029744,277.6429214314276,277.6429214314276,277.6429214314276,277.6429214314276
cma,bbob_f003_i77_d20,3,20,77,0,reflect,277.6429214314276,369.4817884407906,277.6429214314276,277.6429214314276,277.6429214314276,254.21298073292445
de,bbob_f003_i77_d20,3,20,77,1,pass,706.2379334980294,1566.4873086781536,706.2379334980294,706.2379334980294,659.0724950694519,659.0724950694519
de,bbob_f003_i77_d20,3,20,77,1,contract,706.2379334980294,1030.2927454478643,706.2379334980294,706.2379334980294,659.0724950694519,659.0724950694519
de,bbob_f003_i77_d20,3,20,77,1,reflect,706.2379334980294,1301.3039358303884,706.2379334980294,706.2379334980294,659.0724950694519,659.0724950694519
pso,bbob_f003_i77_d20,3,20,77,1,pass,470.65575726632875,657.795137847653,470.65575726632875,470.65575726632875,452.32406669123765,362.26818936755336
pso,bbob_f003_i77_d20,3,20,77,1,contract,470.65575726632875,551.4492420005329,470.65575726632875,470.65575726632875,452.32406669123765,362.26818936755336
pso,bbob_f003_i77_d20,3,20,77,1,reflect,470.65575726632875,727.4681094923781,470.65575726632875,470.65575726632875,452.32406669123765,362.26818936755336
cma,bbob_f003_i77_d20,3,20,77,1,pass,330.23465334401834,404.87546790932885,330.23465334401834,330.23465334401834,330.23465334401834,295.4680206950488
cma,bbob_f003_i77_d20,3,20,77,1,contract,330.23465334401834,431.53914898559987,330.23465334401834,330.23465334401834,330.23465334401834,294.5595708214187
cma,bbob_f003_i77_d20,3,20,77,1,reflect,330.23465334401834,405.09089556412954,330.23465334401834,330.23465334401834,330.23465334401834,269.34635490175737
de,bbob_f003_i78_d20,3,20,78,0,pass,635.4177731575714,3693.2645370698874,635.4177731575714,635.4177731575714,635.4177731575714,593.4350980503837
de,bbob_f003_i78_d20,3,20,78,0,contract,635.4177731575714,683.0931346012529,635.4177731575714,635.4177731575714,635.4177731575714,593.4350980503837
de,bbob_f003_i78_d20,3,20,78,0,reflect,635.4177731575714,2056.4388970484033,635.4177731575714,635.4177731575714,635.4177731575714,593.4350980503837
pso,bbob_f003_i78_d20,3,20,78,0,pass,355.22493888949,467.30556989798225,355.22493888949,355.22493888949,338.5975255690358,281.8946386592089
pso,bbob_f003_i78_d20,3,20,78,0,contract,355.22493888949,442.83059795483473,355.22493888949,355.22493888949,338.5975255690358,281.8946386592089
pso,bbob_f003_i78_d20,3,20,78,0,reflect,355.22493888949,1565.161329661971,355.22493888949,355.22493888949,338.5975255690358,281.8946386592089
cma,bbob_f003_i78_d20,3,20,78,0,pass,152.36757852047225,228.707800017291,152.36757852047225,152.36757852047225,152.36757852047225,140.7947635627908
cma,bbob_f003_i78_d20,3,20,78,0,contract,152.36757852047225,186.66836229367442,152.36757852047225,152.36757852047225,152.36757852047225,123.10710143957193
cma,bbob_f003_i78_d20,3,20,78,0,reflect,152.36757852047225,277.5953549255837,152.36757852047225,152.36757852047225,152.36757852047225,119.33834516266053
de,bbob_f003_i78_d20,3,20,78,1,pass,602.2791931759441,2424.591704605158,602.2791931759441,602.2791931759441,602.2791931759441,555.7081882422772
de,bbob_f003_i78_d20,3,20,78,1,contract,602.2791931759441,789.4690674682613,602.2791931759441,602.2791931759441,602.2791931759441,555.7081882422772
de,bbob_f003_i78_d20,3,20,78,1,reflect,602.2791931759441,2383.773550565558,602.2791931759441,602.2791931759441,602.2791931759441,555.7081882422772
pso,bbob_f003_i78_d20,3,20,78,1,pass,361.5541831780722,666.0701448353278,361.5541831780722,328.2014665781853,311.3236004705933,209.31909009060075
pso,bbob_f003_i78_d20,3,20,78,1,contract,361.5541831780722,423.5217008999813,361.5541831780722,328.2014665781853,311.3236004705933,209.31909009060075
pso,bbob_f003_i78_d20,3,20,78,1,reflect,361.5541831780722,770.7294667983638,361.5541831780722,328.2014665781853,311.3236004705933,209.31909009060075
cma,bbob_f003_i78_d20,3,20,78,1,pass,175.01925456685956,248.41467057321168,175.01925456685956,175.01925456685956,175.01925456685956,100.25638275119526
cma,bbob_f003_i78_d20,3,20,78,1,contract,175.01925456685956,216.5254358962812,175.01925456685956,175.01925456685956,173.2655607750617,151.50317149936112
cma,bbob_f003_i78_d20,3,20,78,1,reflect,175.01925456685956,248.05964192234595,175.01925456685956,175.01925456685956,152.26281415509655,143.92712157712765
de,bbob_f004_i77_d20,4,20,77,0,pass,716.3087787382995,2589.7597380499997,716.3087787382995,716.3087787382995,716.3087787382995,716.3087787382995
de,bbob_f004_i77_d20,4,20,77,0,contract,716.3087787382995,789.9896707685602,716.3087787382995,716.3087787382995,716.3087787382995,716.3087787382995
de,bbob_f004_i77_d20,4,20,77,0,reflect,716.3087787382995,10411.324349961884,716.3087787382995,716.3087787382995,716.3087787382995,716.3087787382995
pso,bbob_f004_i77_d20,4,20,77,0,pass,474.11903259703826,2635.665959299042,474.11903259703826,474.11903259703826,464.7909261711106,455.4622734654425
pso,bbob_f004_i77_d20,4,20,77,0,contract,474.11903259703826,792.5649995474905,474.11903259703826,474.11903259703826,464.7909261711106,455.4622734654425
pso,bbob_f004_i77_d20,4,20,77,0,reflect,474.11903259703826,1179.923532991381,474.11903259703826,474.11903259703826,464.7909261711106,455.4622734654425
cma,bbob_f004_i77_d20,4,20,77,0,pass,365.66268684539926,495.9399542787435,365.66268684539926,365.66268684539926,365.66268684539926,287.26655148594625
cma,bbob_f004_i77_d20,4,20,77,0,contract,365.66268684539926,444.06050372508423,365.66268684539926,365.66268684539926,318.287260775617,299.7497662305521
cma,bbob_f004_i77_d20,4,20,77,0,reflect,365.66268684539926,1263.4709062952154,365.66268684539926,365.66268684539926,360.4503269235613,311.03809311382247
de,bbob_f004_i77_d20,4,20,77,1,pass,978.2471847787419,3714.7393981022215,978.2471847787419,978.2471847787419,978.2471847787419,978.2471847787419
de,bbob_f004_i77_d20,4,20,77,1,contract,978.2471847787419,1041.0090342409414,978.2471847787419,978.2471847787419,978.2471847787419,978.2471847787419
de,bbob_f004_i77_d20,4,20,77,1,reflect,978.2471847787419,4849.322154902811,978.2471847787419,978.2471847787419,978.2471847787419,978.2471847787419
pso,bbob_f004_i77_d20,4,20,77,1,pass,547.2942945175294,833.449903670095,547.2942945175294,547.2942945175294,543.2693091662009,472.2479598386365
pso,bbob_f004_i77_d20,4,20,77,1,contract,547.2942945175294,740.9364426898751,547.2942945175294,547.2942945175294,543.2693091662009,472.2479598386365
pso,bbob_f004_i77_d20,4,20,77,1,reflect,547.2942945175294,17458.27176065422,547.2942945175294,547.2942945175294,543.2693091662009,472.2479598386365
cma,bbob_f004_i77_d20,4,20,77,1,pass,473.15645382400425,525.8713447045758,473.15645382400425,473.15645382400425,457.1621218924893,296.4620888675953
cma,bbob_f004_i77_d20,4,20,77,1,contract,473.15645382400425,531.9319820215055,473.15645382400425,473.15645382400425,378.3950482624115,350.6484748626882
cma,bbob_f004_i77_d20,4,20,77,1,reflect,473.15645382400425,1041.3493317256991,473.15645382400425,473.15645382400425,409.6707934527281,279.2988365432178
de,bbob_f004_i78_d20,4,20,78,0,pass,726.7942685372416,1452.9153346189898,726.7942685372416,726.7942685372416,726.7942685372416,726.7942685372416
de,bbob_f004_i78_d20,4,20,78,0,contract,726.7942685372416,840.6247589324826,726.7942685372416,726.7942685372416,726.7942685372416,726.7942685372416
de,bbob_f004_i78_d20,4,20,78,0,reflect,726.7942685372416,11026.888277726795,726.7942685372416,726.7942685372416,726.7942685372416,726.7942685372416
pso,bbob_f004_i78_d20,4,20,78,0,pass,371.5500978368721,456.4702718839724,371.5500978368721,371.5500978368721,371.5500978368721,306.2973129148688
pso,bbob_f004_i78_d20,4,20,78,0,contract,371.5500978368721,379.75733937411997,371.5500978368721,371.5500978368721,371.5500978368721,299.0018901518823
pso,bbob_f004_i78_d20,4,20,78,0,reflect,371.5500978368721,4246.244179888415,371.5500978368721,371.5500978368721,371.5500978368721,299.0018901518823
cma,bbob_f004_i78_d20,4,20,78,0,pass,212.18441332602558,332.39645196359186,212.18441332602558,212.18441332602558,176.77790106872723,126.26949401085805
cma,bbob_f004_i78_d20,4,20,78,0,contract,212.18441332602558,311.41082321343475,212.18441332602558,196.36898834710988,196.36898834710988,155.9689174358609
cma,bbob_f004_i78_d20,4,20,78,0,reflect,212.18441332602558,482.04780189398,212.18441332602558,212.18441332602558,194.65824586320443,169.95264723109804
de,bbob_f004_i78_d20,4,20,78,1,pass,736.3789030173602,3645.585975446855,736.3789030173602,736.3789030173602,736.3789030173602,736.3789030173602
de,bbob_f004_i78_d20,4,20,78,1,contract,736.3789030173602,919.466683415118,736.3789030173602,736.3789030173602,736.3789030173602,736.3789030173602
de,bbob_f004_i78_d20,4,20,78,1,reflect,736.3789030173602,7837.246245916877,736.3789030173602,736.3789030173602,736.3789030173602,736.3789030173602
pso,bbob_f004_i78_d20,4,20,78,1,pass,390.2934182304325,536.9847195870012,390.2934182304325,390.2934182304325,366.65971766044925,259.6688166984664
pso,bbob_f004_i78_d20,4,20,78,1,contract,390.2934182304325,394.6099645694742,390.2934182304325,390.2934182304325,366.65971766044925,283.8862810517514
pso,bbob_f004_i78_d20,4,20,78,1,reflect,390.2934182304325,2031.2682743673345,390.2934182304325,390.2934182304325,366.65971766044925,283.8862810517514
cma,bbob_f004_i78_d20,4,20,78,1,pass,284.62497615102916,309.82960939086365,284.62497615102916,250.45761902814664,221.92991007847885,157.63806020073247
cma,bbob_f004_i78_d20,4,20,78,1,contract,284.62497615102916,318.95909436410943,284.62497615102916,250.45761902814664,218.1315666150243,189.36108832350962
cma,bbob_f004_i78_d20,4,20,78,1,reflect,284.62497615102916,389.5903821323461,284.62497615102916,250.45761902814664,243.3215941049663,175.3199523831318
de,bbob_f005_i77_d20,5,20,77,0,pass,279.7038774236564,521.978916671042,279.7038774236564,279.7038774236564,279.7038774236564,279.7038774236564
de,bbob_f005_i77_d20,5,20,77,0,contract,279.7038774236564,412.9551490097185,279.7038774236564,279.7038774236564,279.7038774236564,271.1627317044801
de,bbob_f005_i77_d20,5,20,77,0,reflect,279.7038774236564,469.533784381645,279.7038774236564,279.7038774236564,279.7038774236564,279.7038774236564
pso,bbob_f005_i77_d20,5,20,77,0,pass,178.2652167764138,187.8166641169425,178.2652167764138,174.45115835541077,163.53422902833333,149.59
pso,bbob_f005_i77_d20,5,20,77,0,contract,178.2652167764138,183.5185128137046,178.2652167764138,174.45115835541077,163.53422902833333,149.59
pso,bbob_f005_i77_d20,5,20,77,0,reflect,178.2652167764138,300.5143614756165,178.2652167764138,174.45115835541077,163.53422902833333,149.59
cma,bbob_f005_i77_d20,5,20,77,0,pass,193.85443125839208,231.30656734158222,193.85443125839208,193.85443125839208,193.85443125839208,169.03015283829006
cma,bbob_f005_i77_d20,5,20,77,0,contract,193.85443125839208,219.77592379666083,193.85443125839208,193.85443125839208,193.85443125839208,177.02456559490201
cma,bbob_f005_i77_d20,5,20,77,0,reflect,193.85443125839208,240.80665868050195,193.85443125839208,193.85443125839208,193.85443125839208,177.25410422298464
de,bbob_f005_i77_d20,5,20,77,1,pass,354.2774020218208,467.47702312084414,354.2774020218208,347.80785755364707,347.80785755364707,312.5316616073163
de,bbob_f005_i77_d20,5,20,77,1,contract,354.2774020218208,416.53719362628374,354.2774020218208,347.80785755364707,347.80785755364707,319.757736553834
de,bbob_f005_i77_d20,5,20,77,1,reflect,354.2774020218208,433.10480824378874,354.2774020218208,347.80785755364707,347.80785755364707,312.5316616073163
pso,bbob_f005_i77_d20,5,20,77,1,pass,199.0034341146428,246.33931957428882,199.0034341146428,198.48390417423911,183.8920707785823,149.59
pso,bbob_f005_i77_d20,5,20,77,1,contract,199.0034341146428,225.03817111744812,199.0034341146428,198.48390417423911,183.8920707785823,149.59
pso,bbob_f005_i77_d20,5,20,77,1,reflect,199.0034341146428,351.9110873270048,199.0034341146428,198.48390417423911,183.8920707785823,149.59
cma,bbob_f005_i77_d20,5,20,77,1,pass,208.0907499975599,213.93437654964734,208.0907499975599,197.4780009216874,196.8933492291192,166.88447340028557
cma,bbob_f005_i77_d20,5,20,77,1,contract,208.0907499975599,214.48175729919132,208.0907499975599,208.0907499975599,199.33983277957856,170.297844146771
cma,bbob_f005_i77_d20,5,20,77,1,reflect,208.0907499975599,230.1235029057364,208.0907499975599,208.0907499975599,197.92410500611606,176.28055668749326
de,bbob_f005_i78_d20,5,20,78,0,pass,-823.5969269847221,-686.7144463111861,-823.5969269847221,-823.5969269847221,-823.5969269847221,-827.3177087523677
de,bbob_f005_i78_d20,5,20,78,0,contract,-823.5969269847221,-748.3115626142772,-823.5969269847221,-823.5969269847221,-823.5969269847221,-844.8315209705547
de,bbob_f005_i78_d20,5,20,78,0,reflect,-823.5969269847221,-698.8239223547951,-823.5969269847221,-823.5969269847221,-823.5969269847221,-827.3177087523677
pso,bbob_f005_i78_d20,5,20,78,0,pass,-984.2401063465827,-887.9519422453275,-984.2401063465827,-984.2401063465827,-987.0107239209815,-1000.0
pso,bbob_f005_i78_d20,5,20,78,0,contract,-984.2401063465827,-931.2816160908924,-984.2401063465827,-984.2401063465827,-987.0107239209815,-1000.0
pso,bbob_f005_i78_d20,5,20,78,0,reflect,-984.2401063465827,-836.6554632693127,-984.2401063465827,-984.2401063465827,-987.0107239209815,-1000.0
cma,bbob_f005_i78_d20,5,20,78,0,pass,-942.9839292110719,-941.6092065191921,-942.9839292110719,-950.4341985541009,-952.9597134535647,-978.5360970808417
cma,bbob_f005_i78_d20,5,20,78,0,contract,-942.9839292110719,-942.0420332665473,-942.9839292110719,-950.4341985541009,-950.4341985541009,-969.424991868051
cma,bbob_f005_i78_d20,5,20,78,0,reflect,-942.9839292110719,-890.9712019056607,-942.9839292110719,-950.4341985541009,-961.6499004643507,-980.4670406836059
de,bbob_f005_i78_d20,5,20,78,1,pass,-796.3385207693686,-700.1211781087289,-796.3385207693686,-796.3385207693686,-796.3385207693686,-895.3977863694815
de,bbob_f005_i78_d20,5,20,78,1,contract,-796.3385207693686,-743.4189823060168,-796.3385207693686,-796.3385207693686,-796.3385207693686,-895.3977863694815
de,bbob_f005_i78_d20,5,20,78,1,reflect,-796.3385207693686,-725.4837540524131,-796.3385207693686,-796.3385207693686,-796.3385207693686,-895.3977863694815
pso,bbob_f005_i78_d20,5,20,78,1,pass,-947.1393338233372,-919.8464277523034,-947.1393338233372,-949.1614275305144,-970.6332826172302,-999.8951591035791
pso,bbob_f005_i78_d20,5,20,78,1,contract,-947.1393338233372,-932.1282354842687,-947.1393338233372,-949.1614275305144,-970.6332826172302,-999.8951591035791
pso,bbob_f005_i78_d20,5,20,78,1,reflect,-947.1393338233372,-837.7953800526759,-947.1393338233372,-949.1614275305144,-970.6332826172302,-999.8951591035791
cma,bbob_f005_i78_d20,5,20,78,1,pass,-934.6477189683526,-930.2606280357528,-934.6477189683526,-936.9829632963233,-947.7318550004197,-959.8374796031542
cma,bbob_f005_i78_d20,5,20,78,1,contract,-934.6477189683526,-930.2556161881877,-934.6477189683526,-939.3861979072254,-943.0177457938313,-957.1098092247762
cma,bbob_f005_i78_d20,5,20,78,1,reflect,-934.6477189683526,-926.4846088390741,-934.6477189683526,-946.8400890831687,-946.8400890831687,-965.8271108261188
de,bbob_f006_i77_d20,6,20,77,0,pass,210887.4169894319,1146440.9128642161,210887.4169894319,210887.4169894319,210887.4169894319,100903.78853404179
de,bbob_f006_i77_d20,6,20,77,0,contract,210887.4169894319,303883.85396623524,210887.4169894319,210887.4169894319,210887.4169894319,100903.78853404179
de,bbob_f006_i77_d20,6,20,77,0,reflect,210887.4169894319,1805243.9419896808,210887.4169894319,210887.4169894319,210887.4169894319,100903.78853404179
pso,bbob_f006_i77_d20,6,20,77,0,pass,1708.4946030970677,251997.88660521057,1708.4946030970677,1708.4946030970677,1331.7085849691694,1208.1508003341503
pso,bbob_f006_i77_d20,6,20,77,0,contract,1708.4946030970677,65143.47133721297,1708.4946030970677,1708.4946030970677,1331.7085849691694,1208.1508003341503
pso,bbob_f006_i77_d20,6,20,77,0,reflect,1708.4946030970677,137524.34036771185,1708.4946030970677,1708.4946030970677,1331.7085849691694,1208.1508003341503
cma,bbob_f006_i77_d20,6,20,77,0,pass,1086.3991968309408,1113.1418367877718,1086.3991968309408,1086.3991968309408,1086.3991968309408,1038.6839188852314
cma,bbob_f006_i77_d20,6,20,77,0,contract,1086.3991968309408,1099.7817328337417,1086.3991968309408,1086.3991968309408,1086.3991968309408,1049.0552006297783
cma,bbob_f006_i77_d20,6,20,77,0,reflect,1086.3991968309408,35667.682110769565,1086.3991968309408,1086.3991968309408,1086.3991968309408,1037.8736345459267
de,bbob_f006_i77_d20,6,20,77,1,pass,174782.6767258569,1328702.50156664,174782.6767258569,174782.6767258569,174782.6767258569,117774.04162707402
de,bbob_f006_i77_d20,6,20,77,1,contract,174782.6767258569,446905.8837078567,174782.6767258569,174782.6767258569,174782.6767258569,117774.04162707402
de,bbob_f006_i77_d20,6,20,77,1,reflect,174782.6767258569,1087466.0054042735,174782.6767258569,174782.6767258569,174782.6767258569,117774.04162707402
pso,bbob_f006_i77_d20,6,20,77,1,pass,16451.18931730024,113682.21901166598,16451.18931730024,16451.18931730024,1260.0585051595488,1124.7584532111473
pso,bbob_f006_i77_d20,6,20,77,1,contract,16451.18931730024,34731.81392087258,16451.18931730024,16451.18931730024,1260.0585051595488,1124.7584532111473
pso,bbob_f006_i77_d20,6,20,77,1,reflect,16451.18931730024,410423.6885592752,16451.18931730024,16451.18931730024,1260.0585051595488,1124.7584532111473
cma,bbob_f006_i77_d20,6,20,77,1,pass,1164.8488972985592,7921.679951898104,1164.8488972985592,1144.2291305313834,1122.734742051615,1051.3321549608954
cma,bbob_f006_i77_d20,6,20,77,1,contract,1164.8488972985592,2871.499245070206,1164.8488972985592,1132.4281588314393,1123.46046779674,1048.8605571204914
cma,bbob_f006_i77_d20,6,20,77,1,reflect,1164.8488972985592,1179.7205983665447,1164.8488972985592,1144.2291305313834,1107.7017433093793,1058.6477664737738
de,bbob_f006_i78_d20,6,20,78,0,pass,161199.31868481552,1368709.7380302632,161199.31868481552,161199.31868481552,161199.31868481552,70144.63229370216
de,bbob_f006_i78_d20,6,20,78,0,contract,161199.31868481552,548446.5707629913,161199.31868481552,161199.31868481552,161199.31868481552,102322.73942658646
de,bbob_f006_i78_d20,6,20,78,0,reflect,161199.31868481552,738942.2228468849,161199.31868481552,161199.31868481552,161199.31868481552,70144.63229370216
pso,bbob_f006_i78_d20,6,20,78,0,pass,491.54989044075995,21865.919260342624,491.54989044075995,491.54989044075995,491.54989044075995,402.6930427890598
pso,bbob_f006_i78_d20,6,20,78,0,contract,491.54989044075995,6450.658526890928,491.54989044075995,491.54989044075995,491.54989044075995,402.6930427890598
pso,bbob_f006_i78_d20,6,20,78,0,reflect,491.54989044075995,137601.89966766103,491.54989044075995,491.54989044075995,491.54989044075995,394.4271983782303
cma,bbob_f006_i78_d20,6,20,78,0,pass,401.24875305209224,32984.526171635596,401.24875305209224,401.24875305209224,401.24875305209224,177.52643195180204
cma,bbob_f006_i78_d20,6,20,78,0,contract,401.24875305209224,6842.324413700258,401.24875305209224,401.24875305209224,401.24875305209224,112.27581645172134
cma,bbob_f006_i78_d20,6,20,78,0,reflect,401.24875305209224,12582.014091151283,401.24875305209224,401.24875305209224,401.24875305209224,218.07702362416657
de,bbob_f006_i78_d20,6,20,78,1,pass,110200.69550957036,912799.0414905234,110200.69550957036,110200.69550957036,110200.69550957036,110200.69550957036
de,bbob_f006_i78_d20,6,20,78,1,contract,110200.69550957036,308329.7804056645,110200.69550957036,110200.69550957036,110200.69550957036,64606.831194493076
de,bbob_f006_i78_d20,6,20,78,1,reflect,110200.69550957036,671513.562107619,110200.69550957036,110200.69550957036,110200.69550957036,110200.69550957036
pso,bbob_f006_i78_d20,6,20,78,1,pass,672.5088326511227,60169.3626000393,672.5088326511227,672.5088326511227,672.5088326511227,600.5048017980648
pso,bbob_f006_i78_d20,6,20,78,1,contract,672.5088326511227,7658.649226566283,672.5088326511227,672.5088326511227,672.5088326511227,600.5048017980648
pso,bbob_f006_i78_d20,6,20,78,1,reflect,672.5088326511227,383761.913060058,672.5088326511227,672.5088326511227,672.5088326511227,600.5048017980648
cma,bbob_f006_i78_d20,6,20,78,1,pass,407.524000599709,436.481976865084,407.524000599709,407.524000599709,223.84611927150576,108.71324090742496
cma,bbob_f006_i78_d20,6,20,78,1,contract,407.524000599709,411.1403621666863,407.524000599709,407.524000599709,344.23288915997296,112.52046509841922
cma,bbob_f006_i78_d20,6,20,78,1,reflect,407.524000599709,455.8422656312246,407.524000599709,407.524000599709,328.07155172918317,99.5967287340893
de,bbob_f007_i77_d20,7,20,77,0,pass,683.7673641140665,2077.681354900341,683.7673641140665,683.7673641140665,683.7673641140665,376.4638474350735
de,bbob_f007_i77_d20,7,20,77,0,contract,683.7673641140665,825.7390048918955,683.7673641140665,683.7673641140665,683.7673641140665,376.4638474350735
de,bbob_f007_i77_d20,7,20,77,0,reflect,683.7673641140665,3275.24959035088,683.7673641140665,683.7673641140665,683.7673641140665,376.4638474350735
pso,bbob_f007_i77_d20,7,20,77,0,pass,167.2381875189045,353.9116953296754,167.2381875189045,167.2381875189045,157.57943848371286,109.52662386927248
pso,bbob_f007_i77_d20,7,20,77,0,contract,167.2381875189045,205.8701533422046,167.2381875189045,167.2381875189045,157.57943848371286,109.52662386927248
pso,bbob_f007_i77_d20,7,20,77,0,reflect,167.2381875189045,483.1269633778676,167.2381875189045,167.2381875189045,157.57943848371286,109.52662386927248
cma,bbob_f007_i77_d20,7,20,77,0,pass,43.58934429608341,109.07460421389356,43.58934429608341,43.58934429608341,43.58934429608341,2.862908388601298
cma,bbob_f007_i77_d20,7,20,77,0,contract,43.58934429608341,48.22946271545999,43.58934429608341,43.58934429608341,38.72409736652459,-0.7265012811276375
cma,bbob_f007_i77_d20,7,20,77,0,reflect,43.58934429608341,159.64162020984313,43.58934429608341,43.58934429608341,43.58934429608341,2.83621629407879
de,bbob_f007_i77_d20,7,20,77,1,pass,571.0828237590645,1121.2141841448195,571.0828237590645,571.0828237590645,571.0828237590645,282.7280811392971
de,bbob_f007_i77_d20,7,20,77,1,contract,571.0828237590645,390.47265413645994,390.47265413645994,390.47265413645994,390.47265413645994,282.7280811392971
de,bbob_f007_i77_d20,7,20,77,1,reflect,571.0828237590645,3751.552232124059,571.0828237590645,571.0828237590645,571.0828237590645,282.7280811392971
pso,bbob_f007_i77_d20,7,20,77,1,pass,342.6794837101363,670.4827062992509,342.6794837101363,342.6794837101363,243.86737175913166,102.92431079735044
pso,bbob_f007_i77_d20,7,20,77,1,contract,342.6794837101363,436.88363786593646,342.6794837101363,342.6794837101363,243.86737175913166,102.92431079735044
pso,bbob_f007_i77_d20,7,20,77,1,reflect,342.6794837101363,2272.319434285312,342.6794837101363,342.6794837101363,243.86737175913166,102.92431079735044
cma,bbob_f007_i77_d20,7,20,77,1,pass,38.67616963488672,89.76163164701649,38.67616963488672,38.67616963488672,28.90063638119501,2.5107490505299985
cma,bbob_f007_i77_d20,7,20,77,1,contract,38.67616963488672,47.60600311032974,38.67616963488672,38.67616963488672,28.476716209526277,-0.4386167654794555
cma,bbob_f007_i77_d20,7,20,77,1,reflect,38.67616963488672,110.38236554178413,38.67616963488672,38.67616963488672,23.347664266714364,-1.1850063931289192
de,bbob_f007_i78_d20,7,20,78,0,pass,675.6325135663017,1883.488831796789,675.6325135663017,675.6325135663017,675.6325135663017,433.5576794803684
de,bbob_f007_i78_d20,7,20,78,0,contract,675.6325135663017,1021.8167530214454,675.6325135663017,675.6325135663017,675.6325135663017,498.0130495803418
de,bbob_f007_i78_d20,7,20,78,0,reflect,675.6325135663017,3611.047852527802,675.6325135663017,675.6325135663017,675.6325135663017,433.5576794803684
pso,bbob_f007_i78_d20,7,20,78,0,pass,161.18516003191272,1004.4564335989252,161.18516003191272,161.18516003191272,161.18516003191272,137.03463059388858
pso,bbob_f007_i78_d20,7,20,78,0,contract,161.18516003191272,435.9742830180914,161.18516003191272,161.18516003191272,161.18516003191272,137.03463059388858
pso,bbob_f007_i78_d20,7,20,78,0,reflect,161.18516003191272,3746.9159538560875,161.18516003191272,161.18516003191272,161.18516003191272,137.03463059388858
cma,bbob_f007_i78_d20,7,20,78,0,pass,129.04390115138418,216.04941007537684,129.04390115138418,129.04390115138418,103.59957315706092,77.79353661579327
cma,bbob_f007_i78_d20,7,20,78,0,contract,129.04390115138418,165.04182449844276,129.04390115138418,129.04390115138418,102.99651125091569,74.59571248622184
cma,bbob_f007_i78_d20,7,20,78,0,reflect,129.04390115138418,180.38113765557995,129.04390115138418,129.04390115138418,116.41350348867135,78.32585487145744
de,bbob_f007_i78_d20,7,20,78,1,pass,498.06516825711043,1269.2127348923937,498.06516825711043,498.06516825711043,498.06516825711043,374.32633546975427
de,bbob_f007_i78_d20,7,20,78,1,contract,498.06516825711043,423.90611606835853,423.90611606835853,423.90611606835853,423.90611606835853,386.29039874553945
de,bbob_f007_i78_d20,7,20,78,1,reflect,498.06516825711043,2867.302212734398,498.06516825711043,498.06516825711043,498.06516825711043,386.29039874553945
pso,bbob_f007_i78_d20,7,20,78,1,pass,221.35323256634516,420.88013337823287,221.35323256634516,221.35323256634516,221.35323256634516,190.4124125391918
pso,bbob_f007_i78_d20,7,20,78,1,contract,221.35323256634516,322.35516730680035,221.35323256634516,221.35323256634516,221.35323256634516,190.4124125391918
pso,bbob_f007_i78_d20,7,20,78,1,reflect,221.35323256634516,1347.035106025365,221.35323256634516,221.35323256634516,221.35323256634516,190.4124125391918
cma,bbob_f007_i78_d20,7,20,78,1,pass,133.17253827820696,176.34922330979077,133.17253827820696,130.58695924516348,126.30416802812917,78.12000518337818
cma,bbob_f007_i78_d20,7,20,78,1,contract,133.17253827820696,145.8968681211927,133.17253827820696,130.58695924516348,127.17934556850153,83.7849632836725
cma,bbob_f007_i78_d20,7,20,78,1,reflect,133.17253827820696,391.1758492448785,133.17253827820696,130.58695924516348,119.00062905242171,78.08582791184203
de,bbob_f008_i77_d20,8,20,77,0,pass,70454.77284842386,599015.0479766381,70454.77284842386,70454.77284842386,70454.77284842386,70454.77284842386
de,bbob_f008_i77_d20,8,20,77,0,contract,70454.77284842386,81134.40608480379,70454.77284842386,70454.77284842386,70454.77284842386,70454.77284842386
de,bbob_f008_i77_d20,8,20,77,0,reflect,70454.77284842386,432522.124151442,70454.77284842386,70454.77284842386,70454.77284842386,70454.77284842386
pso,bbob_f008_i77_d20,8,20,77,0,pass,9846.195044601136,64679.40778656961,9846.195044601136,9846.195044601136,9846.195044601136,1697.1907772202494
pso,bbob_f008_i77_d20,8,20,77,0,contract,9846.195044601136,15902.177635322794,9846.195044601136,9846.195044601136,9846.195044601136,1697.1907772202494
pso,bbob_f008_i77_d20,8,20,77,0,reflect,9846.195044601136,160329.93389469566,9846.195044601136,9846.195044601136,9846.195044601136,1697.1907772202494
cma,bbob_f008_i77_d20,8,20,77,0,pass,-19.559088520314162,1625.6968335828592,-19.559088520314162,-19.559088520314162,-19.559088520314162,-589.8920666003047
cma,bbob_f008_i77_d20,8,20,77,0,contract,-19.559088520314162,-48.05804938609742,-48.05804938609742,-48.05804938609742,-271.299127535914,-596.3100433447497
cma,bbob_f008_i77_d20,8,20,77,0,reflect,-19.559088520314162,6219.998263004282,-19.559088520314162,-19.559088520314162,-114.9344622785452,-631.4944369977133
de,bbob_f008_i77_d20,8,20,77,1,pass,98205.47712621161,676774.7848398061,98205.47712621161,98205.47712621161,98205.47712621161,98205.47712621161
de,bbob_f008_i77_d20,8,20,77,1,contract,98205.47712621161,87136.65460509842,87136.65460509842,87136.65460509842,87136.65460509842,87136.65460509842
de,bbob_f008_i77_d20,8,20,77,1,reflect,98205.47712621161,652640.7069312929,98205.47712621161,98205.47712621161,98205.47712621161,98205.47712621161
pso,bbob_f008_i77_d20,8,20,77,1,pass,11700.179916452533,56253.186611036144,11700.179916452533,11700.179916452533,10110.55679803783,3110.590152347303
pso,bbob_f008_i77_d20,8,20,77,1,contract,11700.179916452533,21399.914535300006,11700.179916452533,11700.179916452533,10110.55679803783,3110.590152347303
pso,bbob_f008_i77_d20,8,20,77,1,reflect,11700.179916452533,330670.34067126474,11700.179916452533,11700.179916452533,10110.55679803783,3110.590152347303
cma,bbob_f008_i77_d20,8,20,77,1,pass,1019.8541142634024,4291.080107941919,1019.8541142634024,1019.8541142634024,226.27088892367522,-629.3980252549823
cma,bbob_f008_i77_d20,8,20,77,1,contract,1019.8541142634024,2419.6912984433,1019.8541142634024,1019.8541142634024,-28.878869978131547,-607.3940588230095
cma,bbob_f008_i77_d20,8,20,77,1,reflect,1019.8541142634024,3729.43773022023,1019.8541142634024,1019.8541142634024,205.4185913215664,-609.6604643269536
de,bbob_f008_i78_d20,8,20,78,0,pass,101690.3692780517,439716.680677984,101690.3692780517,101690.3692780517,101690.3692780517,83973.43715762462
de,bbob_f008_i78_d20,8,20,78,0,contract,101690.3692780517,32605.82399754508,32605.82399754508,32605.82399754508,32605.82399754508,32605.82399754508
de,bbob_f008_i78_d20,8,20,78,0,reflect,101690.3692780517,1187155.0017114948,101690.3692780517,101690.3692780517,101690.3692780517,83973.43715762462
pso,bbob_f008_i78_d20,8,20,78,0,pass,12983.587145827898,147655.5228853913,12983.587145827898,12983.587145827898,12983.587145827898,7019.154921737759
pso,bbob_f008_i78_d20,8,20,78,0,contract,12983.587145827898,38982.27954621158,12983.587145827898,12983.587145827898,12983.587145827898,7019.154921737759
pso,bbob_f008_i78_d20,8,20,78,0,reflect,12983.587145827898,43405.568735069624,12983.587145827898,12983.587145827898,12983.587145827898,7019.154921737759
cma,bbob_f008_i78_d20,8,20,78,0,pass,1369.8419301715892,2994.007181820875,1369.8419301715892,1369.8419301715892,1321.2685325237012,1062.3280783910914
cma,bbob_f008_i78_d20,8,20,78,0,contract,1369.8419301715892,1797.7090893476825,1369.8419301715892,1369.8419301715892,1369.8419301715892,1122.4455921726587
cma,bbob_f008_i78_d20,8,20,78,0,reflect,1369.8419301715892,2988.890078291751,1369.8419301715892,1369.8419301715892,1369.8419301715892,1088.1464126944065
de,bbob_f008_i78_d20,8,20,78,1,pass,119516.58965881757,579785.7879213762,119516.58965881757,119516.58965881757,119516.58965881757,119516.58965881757
de,bbob_f008_i78_d20,8,20,78,1,contract,119516.58965881757,65786.12735958106,65786.12735958106,65786.12735958106,65786.12735958106,65786.12735958106
de,bbob_f008_i78_d20,8,20,78,1,reflect,119516.58965881757,1487415.2238526281,119516.58965881757,119516.58965881757,119516.58965881757,119516.58965881757
pso,bbob_f008_i78_d20,8,20,78,1,pass,13129.793896165485,110467.79118085277,13129.793896165485,11885.341618595794,11885.341618595794,6177.33166959095
pso,bbob_f008_i78_d20,8,20,78,1,contract,13129.793896165485,32301.032136158974,13129.793896165485,11885.341618595794,11885.341618595794,6177.33166959095
pso,bbob_f008_i78_d20,8,20,78,1,reflect,13129.793896165485,236061.80101356423,13129.793896165485,11885.341618595794,11885.341618595794,6177.33166959095
cma,bbob_f008_i78_d20,8,20,78,1,pass,2072.0519551336656,2653.674183929631,2072.0519551336656,2072.0519551336656,1919.6388729259188,1109.9859537304592
cma,bbob_f008_i78_d20,8,20,78,1,contract,2072.0519551336656,2233.599006966706,2072.0519551336656,2072.0519551336656,1621.8765404802032,1136.076028662114
cma,bbob_f008_i78_d20,8,20,78,1,reflect,2072.0519551336656,3749.551884657084,2072.0519551336656,1745.3618033529438,1392.597267293611,1154.0581298793406
de,bbob_f009_i77_d20,9,20,77,0,pass,64142.95036387079,521088.99950907857,64142.95036387079,64142.95036387079,64142.95036387079,64142.95036387079
de,bbob_f009_i77_d20,9,20,77,0,contract,64142.95036387079,121416.29168545049,64142.95036387079,64142.95036387079,64142.95036387079,64142.95036387079
de,bbob_f009_i77_d20,9,20,77,0,reflect,64142.95036387079,853367.1105974847,64142.95036387079,64142.95036387079,64142.95036387079,64142.95036387079
pso,bbob_f009_i77_d20,9,20,77,0,pass,13469.548092718424,176748.9261763282,13469.548092718424,13469.548092718424,13469.548092718424,5547.687937494996
pso,bbob_f009_i77_d20,9,20,77,0,contract,13469.548092718424,41433.519258029984,13469.548092718424,13469.548092718424,13469.548092718424,5547.687937494996
pso,bbob_f009_i77_d20,9,20,77,0,reflect,13469.548092718424,191079.16085015857,13469.548092718424,13469.548092718424,13469.548092718424,5547.687937494996
cma,bbob_f009_i77_d20,9,20,77,0,pass,659.6718527209033,2164.4757056786298,659.6718527209033,659.6718527209033,423.13792019871556,35.76882822303546
cma,bbob_f009_i77_d20,9,20,77,0,contract,659.6718527209033,1082.4299041316083,659.6718527209033,659.6718527209033,512.3092783773457,39.83514268775209
cma,bbob_f009_i77_d20,9,20,77,0,reflect,659.6718527209033,3428.25503867441,659.6718527209033,631.9186232167317,285.98289946077455,73.18421665688842
de,bbob_f009_i77_d20,9,20,77,1,pass,118738.41122565865,582703.4199681786,118738.41122565865,118738.41122565865,118738.41122565865,96184.09362456962
de,bbob_f009_i77_d20,9,20,77,1,contract,118738.41122565865,135096.67742484206,118738.41122565865,118738.41122565865,118738.41122565865,96184.09362456962
de,bbob_f009_i77_d20,9,20,77,1,reflect,118738.41122565865,606497.2571014109,118738.41122565865,118738.41122565865,118738.41122565865,96184.09362456962
pso,bbob_f009_i77_d20,9,20,77,1,pass,9407.236795005512,139216.2857883932,9407.236795005512,9407.236795005512,9407.236795005512,3141.7941115795543
pso,bbob_f009_i77_d20,9,20,77,1,contract,9407.236795005512,38540.99273222745,9407.236795005512,9407.236795005512,9407.236795005512,3141.7941115795543
pso,bbob_f009_i77_d20,9,20,77,1,reflect,9407.236795005512,391323.99200780934,9407.236795005512,9407.236795005512,9407.236795005512,3141.7941115795543
cma,bbob_f009_i77_d20,9,20,77,1,pass,279.35115356170564,554.5177500328493,279.35115356170564,279.35115356170564,209.58803682196333,-37.15804846424511
cma,bbob_f009_i77_d20,9,20,77,1,contract,279.35115356170564,194.62575571700768,194.62575571700768,194.62575571700768,181.1364691201003,-29.206631916577123
cma,bbob_f009_i77_d20,9,20,77,1,reflect,279.35115356170564,1077.4862822761845,279.35115356170564,279.35115356170564,162.63577001407305,0.8615385024372202
de,bbob_f009_i78_d20,9,20,78,0,pass,51378.974327789096,331846.18837715633,51378.974327789096,51378.974327789096,51378.974327789096,51378.974327789096
de,bbob_f009_i78_d20,9,20,78,0,contract,51378.974327789096,76738.31791834116,51378.974327789096,51378.974327789096,51378.974327789096,51378.974327789096
de,bbob_f009_i78_d20,9,20,78,0,reflect,51378.974327789096,1105169.6055079412,51378.974327789096,51378.974327789096,51378.974327789096,51378.974327789096
pso,bbob_f009_i78_d20,9,20,78,0,pass,6401.368712668485,138690.20536932492,6401.368712668485,6401.368712668485,6401.368712668485,2436.4215360663056
pso,bbob_f009_i78_d20,9,20,78,0,contract,6401.368712668485,31696.925914877982,6401.368712668485,6401.368712668485,6401.368712668485,2436.4215360663056
pso,bbob_f009_i78_d20,9,20,78,0,reflect,6401.368712668485,139684.91868026208,6401.368712668485,6401.368712668485,6401.368712668485,2436.4215360663056
cma,bbob_f009_i78_d20,9,20,78,0,pass,725.2602731457079,4059.5649894736325,725.2602731457079,613.3215534004036,478.29032385020645,61.25695840131594
cma,bbob_f009_i78_d20,9,20,78,0,contract,725.2602731457079,1191.1022775520664,725.2602731457079,725.2602731457079,725.2602731457079,53.35944325465468
cma,bbob_f009_i78_d20,9,20,78,0,reflect,725.2602731457079,5967.4320696901705,725.2602731457079,725.2602731457079,725.2602731457079,56.21144040466002
de,bbob_f009_i78_d20,9,20,78,1,pass,72542.33658555878,731172.8806546634,72542.33658555878,72542.33658555878,72542.33658555878,37780.6692303612
de,bbob_f009_i78_d20,9,20,78,1,contract,72542.33658555878,59657.073712994,59657.073712994,59657.073712994,59657.073712994,37780.6692303612
de,bbob_f009_i78_d20,9,20,78,1,reflect,72542.33658555878,850644.871483589,72542.33658555878,72542.33658555878,72542.33658555878,37780.6692303612
pso,bbob_f009_i78_d20,9,20,78,1,pass,17802.9656969297,23430.272438202028,17802.9656969297,17802.9656969297,17802.9656969297,3652.0959286346383
pso,bbob_f009_i78_d20,9,20,78,1,contract,17802.9656969297,16558.970378864076,16558.970378864076,16558.970378864076,16558.970378864076,5056.4375624780605
pso,bbob_f009_i78_d20,9,20,78,1,reflect,17802.9656969297,445221.3760621629,17802.9656969297,17802.9656969297,17802.9656969297,3652.0959286346383
cma,bbob_f009_i78_d20,9,20,78,1,pass,849.5548529821673,1726.543986848168,849.5548529821673,849.5548529821673,570.558109335784,113.88362901807632
cma,bbob_f009_i78_d20,9,20,78,1,contract,849.5548529821673,644.2518358078389,644.2518358078389,644.2518358078389,644.2518358078389,81.92678035392363
cma,bbob_f009_i78_d20,9,20,78,1,reflect,849.5548529821673,5323.397999337548,849.5548529821673,849.5548529821673,849.5548529821673,77.48488979906759
de,bbob_f010_i77_d20,10,20,77,0,pass,844782.8823014263,5678549.720771566,844782.8823014263,844782.8823014263,844782.8823014263,844782.8823014263
de,bbob_f010_i77_d20,10,20,77,0,contract,844782.8823014263,2718465.6154560493,844782.8823014263,844782.8823014263,844782.8823014263,844782.8823014263
de,bbob_f010_i77_d20,10,20,77,0,reflect,844782.8823014263,9211427.783165637,844782.8823014263,844782.8823014263,844782.8823014263,844782.8823014263
pso,bbob_f010_i77_d20,10,20,77,0,pass,1244984.4970584894,1942639.0619303072,1244984.4970584894,1244984.4970584894,1073473.609793021,393264.923766818
pso,bbob_f010_i77_d20,10,20,77,0,contract,1244984.4970584894,1401337.4953671764,1244984.4970584894,1244984.4970584894,1073473.609793021,372618.654721455
pso,bbob_f010_i77_d20,10,20,77,0,reflect,1244984.4970584894,4254079.933738618,1244984.4970584894,1244984.4970584894,1073473.609793021,393264.923766818
cma,bbob_f010_i77_d20,10,20,77,0,pass,124119.24347112677,1753188.6007711631,124119.24347112677,124119.24347112677,124119.24347112677,53043.05950304111
cma,bbob_f010_i77_d20,10,20,77,0,contract,124119.24347112677,561930.299998201,124119.24347112677,117376.28569434672,111625.11994003013,68954.44410969954
cma,bbob_f010_i77_d20,10,20,77,0,reflect,124119.24347112677,4669142.739427565,124119.24347112677,124119.24347112677,124119.24347112677,53589.04618583776
de,bbob_f010_i77_d20,10,20,77,1,pass,317223.45625461906,10252595.08611169,317223.45625461906,317223.45625461906,317223.45625461906,317223.45625461906
de,bbob_f010_i77_d20,10,20,77,1,contract,317223.45625461906,3289900.803158714,317223.45625461906,317223.45625461906,317223.45625461906,317223.45625461906
de,bbob_f010_i77_d20,10,20,77,1,reflect,317223.45625461906,3614415.228055832,317223.45625461906,317223.45625461906,317223.45625461906,317223.45625461906
pso,bbob_f010_i77_d20,10,20,77,1,pass,495008.30857853044,4327833.362510234,495008.30857853044,482182.23371363874,307929.99476281065,298263.85881406354
pso,bbob_f010_i77_d20,10,20,77,1,contract,495008.30857853044,1141606.7129307038,495008.30857853044,482182.23371363874,307929.99476281065,298263.85881406354
pso,bbob_f010_i77_d20,10,20,77,1,reflect,495008.30857853044,8302769.010050071,495008.30857853044,482182.23371363874,307929.99476281065,298263.85881406354
cma,bbob_f010_i77_d20,10,20,77,1,pass,199397.10728654143,1369434.5715237362,199397.10728654143,199397.10728654143,199397.10728654143,86115.1615583157
cma,bbob_f010_i77_d20,10,20,77,1,contract,199397.10728654143,477841.3666195247,199397.10728654143,199397.10728654143,101478.07129942556,28471.586425135094
cma,bbob_f010_i77_d20,10,20,77,1,reflect,199397.10728654143,591173.0152306041,199397.10728654143,199397.10728654143,100681.11674976625,99323.54576590117
de,bbob_f010_i78_d20,10,20,78,0,pass,1577765.4217005135,15429702.440056456,1577765.4217005135,1577765.4217005135,1577765.4217005135,1069626.3505797845
de,bbob_f010_i78_d20,10,20,78,0,contract,1577765.4217005135,4152652.5618157713,1577765.4217005135,1577765.4217005135,1577765.4217005135,958983.975155772
de,bbob_f010_i78_d20,10,20,78,0,reflect,1577765.4217005135,17305380.082932502,1577765.4217005135,1577765.4217005135,1577765.4217005135,1069626.3505797845
pso,bbob_f010_i78_d20,10,20,78,0,pass,539064.8054386711,2472857.1270956,539064.8054386711,539064.8054386711,539064.8054386711,520245.5020929094
pso,bbob_f010_i78_d20,10,20,78,0,contract,539064.8054386711,1370035.0223284978,539064.8054386711,539064.8054386711,539064.8054386711,520245.5020929094
pso,bbob_f010_i78_d20,10,20,78,0,reflect,539064.8054386711,4621202.509344988,539064.8054386711,539064.8054386711,539064.8054386711,520245.5020929094
cma,bbob_f010_i78_d20,10,20,78,0,pass,87058.24393761026,4498815.082254955,87058.24393761026,87058.24393761026,87058.24393761026,32833.729338663
cma,bbob_f010_i78_d20,10,20,78,0,contract,87058.24393761026,1353812.625793085,87058.24393761026,87058.24393761026,87058.24393761026,23737.593919516654
cma,bbob_f010_i78_d20,10,20,78,0,reflect,87058.24393761026,2635865.2850534357,87058.24393761026,87058.24393761026,87058.24393761026,38103.79751561433
de,bbob_f010_i78_d20,10,20,78,1,pass,1242545.8054793132,10995936.88037288,1242545.8054793132,1242545.8054793132,1242545.8054793132,1133752.1428425931
de,bbob_f010_i78_d20,10,20,78,1,contract,1242545.8054793132,3514292.247198245,1242545.8054793132,1242545.8054793132,1242545.8054793132,1006606.5804746088
de,bbob_f010_i78_d20,10,20,78,1,reflect,1242545.8054793132,15138738.845818598,1242545.8054793132,1242545.8054793132,1242545.8054793132,1133752.1428425931
pso,bbob_f010_i78_d20,10,20,78,1,pass,645551.8334729864,4450486.263002448,645551.8334729864,645551.8334729864,645551.8334729864,301590.831889397
pso,bbob_f010_i78_d20,10,20,78,1,contract,645551.8334729864,1497163.4146094474,645551.8334729864,645551.8334729864,645551.8334729864,301590.831889397
pso,bbob_f010_i78_d20,10,20,78,1,reflect,645551.8334729864,8645330.074565932,645551.8334729864,645551.8334729864,645551.8334729864,301590.831889397
cma,bbob_f010_i78_d20,10,20,78,1,pass,506000.3091935578,2711775.1547082895,506000.3091935578,506000.3091935578,506000.3091935578,142017.84568944594
cma,bbob_f010_i78_d20,10,20,78,1,contract,506000.3091935578,1106287.7685724662,506000.3091935578,506000.3091935578,439957.98791510815,160386.19278484545
cma,bbob_f010_i78_d20,10,20,78,1,reflect,506000.3091935578,3469756.2473118436,506000.3091935578,506000.3091935578,506000.3091935578,130766.76214569774
de,bbob_f011_i77_d20,11,20,77,0,pass,287.0009050724767,587357.6509426904,287.0009050724767,287.0009050724767,-4.323099576332197,-4.323099576332197
de,bbob_f011_i77_d20,11,20,77,0,contract,287.0009050724767,189695.81225930867,287.0009050724767,287.0009050724767,-4.323099576332197,-4.323099576332197
de,bbob_f011_i77_d20,11,20,77,0,reflect,287.0009050724767,13120088.201436695,287.0009050724767,287.0009050724767,-4.323099576332197,-4.323099576332197
pso,bbob_f011_i77_d20,11,20,77,0,pass,29.35716249819876,6019678.213953903,29.35716249819876,29.35716249819876,-105.11674090518142,-181.13059566159097
pso,bbob_f011_i77_d20,11,20,77,0,contract,29.35716249819876,1886499.9871148115,29.35716249819876,29.35716249819876,-105.11674090518142,-181.13059566159097
pso,bbob_f011_i77_d20,11,20,77,0,reflect,29.35716249819876,1600071.3728209126,29.35716249819876,29.35716249819876,-105.11674090518142,-181.13059566159097
cma,bbob_f011_i77_d20,11,20,77,0,pass,-180.81772548499367,2638088.543210038,-180.81772548499367,-180.81772548499367,-180.81772548499367,-217.2133101934072
cma,bbob_f011_i77_d20,11,20,77,0,contract,-180.81772548499367,794016.8904383259,-180.81772548499367,-180.81772548499367,-180.81772548499367,-180.81772548499367
cma,bbob_f011_i77_d20,11,20,77,0,reflect,-180.81772548499367,1692842.952547835,-180.81772548499367,-180.81772548499367,-180.81772548499367,-201.73265645828755
de,bbob_f011_i77_d20,11,20,77,1,pass,-18.927024796629496,4261.625991287639,-18.927024796629496,-18.927024796629496,-18.927024796629496,-100.49347814030571
de,bbob_f011_i77_d20,11,20,77,1,contract,-18.927024796629496,1173.2686913943744,-18.927024796629496,-18.927024796629496,-18.927024796629496,-18.927024796629496
de,bbob_f011_i77_d20,11,20,77,1,reflect,-18.927024796629496,489502.4873869448,-18.927024796629496,-18.927024796629496,-18.927024796629496,-18.927024796629496
pso,bbob_f011_i77_d20,11,20,77,1,pass,-186.32213231862121,601824.3709372666,-186.32213231862121,-186.32213231862121,-186.32213231862121,-186.32213231862121
pso,bbob_f011_i77_d20,11,20,77,1,contract,-186.32213231862121,206371.85533289055,-186.32213231862121,-186.32213231862121,-186.32213231862121,-186.32213231862121
pso,bbob_f011_i77_d20,11,20,77,1,reflect,-186.32213231862121,375458.6909539476,-186.32213231862121,-186.32213231862121,-186.32213231862121,-186.32213231862121
cma,bbob_f011_i77_d20,11,20,77,1,pass,-118.1491051830258,175036.69612695268,-118.1491051830258,-118.1491051830258,-173.67403051883048,-173.67403051883048
cma,bbob_f011_i77_d20,11,20,77,1,contract,-118.1491051830258,55965.037828449866,-118.1491051830258,-118.1491051830258,-132.95914434800974,-164.7079250292809
cma,bbob_f011_i77_d20,11,20,77,1,reflect,-118.1491051830258,88401.40901941151,-118.1491051830258,-118.1491051830258,-118.1491051830258,-176.80876525942756
de,bbob_f011_i78_d20,11,20,78,0,pass,317.374552900363,307591.59832977166,317.374552900363,317.374552900363,317.374552900363,241.83407418255445
de,bbob_f011_i78_d20,11,20,78,0,contract,317.374552900363,107904.39329614388,317.374552900363,317.374552900363,317.374552900363,241.83407418255445
de,bbob_f011_i78_d20,11,20,78,0,reflect,317.374552900363,5173163.510596422,317.374552900363,317.374552900363,317.374552900363,241.83407418255445
pso,bbob_f011_i78_d20,11,20,78,0,pass,140.62085735070747,208244.39039479525,140.62085735070747,140.62085735070747,107.5762507030696,107.5762507030696
pso,bbob_f011_i78_d20,11,20,78,0,contract,140.62085735070747,78431.86868820398,140.62085735070747,140.62085735070747,107.5762507030696,107.5762507030696
pso,bbob_f011_i78_d20,11,20,78,0,reflect,140.62085735070747,497318.3935179596,140.62085735070747,140.62085735070747,107.5762507030696,107.5762507030696
cma,bbob_f011_i78_d20,11,20,78,0,pass,221.66869885900078,531508.1446577323,221.66869885900078,221.66869885900078,221.66869885900078,170.9411200590612
cma,bbob_f011_i78_d20,11,20,78,0,contract,221.66869885900078,182739.2950780218,221.66869885900078,221.66869885900078,221.66869885900078,221.66869885900078
cma,bbob_f011_i78_d20,11,20,78,0,reflect,221.66869885900078,272096.30547535466,221.66869885900078,221.66869885900078,221.66869885900078,221.66869885900078
de,bbob_f011_i78_d20,11,20,78,1,pass,561.5326906263732,5787.919743030419,561.5326906263732,561.5326906263732,561.5326906263732,561.5326906263732
de,bbob_f011_i78_d20,11,20,78,1,contract,561.5326906263732,2926.2558826488485,561.5326906263732,561.5326906263732,561.5326906263732,561.5326906263732
de,bbob_f011_i78_d20,11,20,78,1,reflect,561.5326906263732,7792535.453615569,561.5326906263732,561.5326906263732,561.5326906263732,561.5326906263732
pso,bbob_f011_i78_d20,11,20,78,1,pass,252.85813992409706,6768.08216498429,252.85813992409706,252.85813992409706,242.5680852736914,207.1176453279989
pso,bbob_f011_i78_d20,11,20,78,1,contract,252.85813992409706,2323.299659620595,252.85813992409706,252.85813992409706,242.5680852736914,207.1176453279989
pso,bbob_f011_i78_d20,11,20,78,1,reflect,252.85813992409706,10129097.111454213,252.85813992409706,252.85813992409706,242.5680852736914,207.1176453279989
cma,bbob_f011_i78_d20,11,20,78,1,pass,140.86656044538142,657396.6584540013,140.86656044538142,140.86656044538142,140.86656044538142,140.86656044538142
cma,bbob_f011_i78_d20,11,20,78,1,contract,140.86656044538142,235362.93719885685,140.86656044538142,140.86656044538142,140.86656044538142,140.86656044538142
cma,bbob_f011_i78_d20,11,20,78,1,reflect,140.86656044538142,1503291.313782947,140.86656044538142,140.86656044538142,140.86656044538142,140.86656044538142
de,bbob_f012_i77_d20,12,20,77,0,pass,89487428.91023834,2076829537.7677913,89487428.91023834,89487428.91023834,89487428.91023834,86326474.9662935
de,bbob_f012_i77_d20,12,20,77,0,contract,89487428.91023834,158944083.0307702,89487428.91023834,89487428.91023834,89487428.91023834,86326474.9662935
de,bbob_f012_i77_d20,12,20,77,0,reflect,89487428.91023834,27870745379.409058,89487428.91023834,89487428.91023834,89487428.91023834,86326474.9662935
pso,bbob_f012_i77_d20,12,20,77,0,pass,23189930.17242744,93955312.00882648,23189930.17242744,23189930.17242744,16325684.831622124,6642610.247362815
pso,bbob_f012_i77_d20,12,20,77,0,contract,23189930.17242744,31208131.059775162,23189930.17242744,23189930.17242744,16325684.831622124,6642610.247362815
pso,bbob_f012_i77_d20,12,20,77,0,reflect,23189930.17242744,1826960231.7324479,23189930.17242744,23189930.17242744,16325684.831622124,6642610.247362815
cma,bbob_f012_i77_d20,12,20,77,0,pass,3696463.663404945,8405021.37719835,3696463.663404945,3696463.663404945,2903596.6295190793,208798.25693944594
cma,bbob_f012_i77_d20,12,20,77,0,contract,3696463.663404945,4780186.027288065,3696463.663404945,3696463.663404945,1885600.143121139,105374.63781314401
cma,bbob_f012_i77_d20,12,20,77,0,reflect,3696463.663404945,13597835.733266957,3696463.663404945,3696463.663404945,3020576.104806552,82627.04070439185
de,bbob_f012_i77_d20,12,20,77,1,pass,228222222.81036803,1645267081.8439138,228222222.81036803,228222222.81036803,228222222.81036803,145672683.3507884
de,bbob_f012_i77_d20,12,20,77,1,contract,228222222.81036803,256505628.1882468,228222222.81036803,228222222.81036803,228222222.81036803,145672683.3507884
de,bbob_f012_i77_d20,12,20,77,1,reflect,228222222.81036803,952039134.3586221,228222222.81036803,228222222.81036803,228222222.81036803,145672683.3507884
pso,bbob_f012_i77_d20,12,20,77,1,pass,41095016.951526575,137025238.99926528,41095016.951526575,41095016.951526575,41095016.951526575,19064085.410795785
pso,bbob_f012_i77_d20,12,20,77,1,contract,41095016.951526575,64535000.4494132,41095016.951526575,41095016.951526575,41095016.951526575,19064085.410795785
pso,bbob_f012_i77_d20,12,20,77,1,reflect,41095016.951526575,252741294.02276433,41095016.951526575,41095016.951526575,41095016.951526575,19064085.410795785
cma,bbob_f012_i77_d20,12,20,77,1,pass,3769160.2194312294,6323019.906773856,3769160.2194312294,3769160.2194312294,2633826.2363700997,144994.13324218462
cma,bbob_f012_i77_d20,12,20,77,1,contract,3769160.2194312294,4127108.5875638644,3769160.2194312294,3769160.2194312294,3121310.4302289453,126327.4606780847
cma,bbob_f012_i77_d20,12,20,77,1,reflect,3769160.2194312294,7232463.412201992,3769160.2194312294,3769160.2194312294,3505001.3268752205,210254.2300386208
de,bbob_f012_i78_d20,12,20,78,0,pass,144985820.68676415,373585359.5628753,144985820.68676415,144985820.68676415,144985820.68676415,116888366.4981862
de,bbob_f012_i78_d20,12,20,78,0,contract,144985820.68676415,164247994.08956528,144985820.68676415,144985820.68676415,144985820.68676415,124665072.73724766
de,bbob_f012_i78_d20,12,20,78,0,reflect,144985820.68676415,1617081019.7356074,144985820.68676415,144985820.68676415,144985820.68676415,135166737.46656302
pso,bbob_f012_i78_d20,12,20,78,0,pass,35885783.38166934,290148600.9087499,35885783.38166934,35885783.38166934,31711272.24262607,16123415.774139076
pso,bbob_f012_i78_d20,12,20,78,0,contract,35885783.38166934,101345766.52346492,35885783.38166934,35885783.38166934,31711272.24262607,16123415.774139076
pso,bbob_f012_i78_d20,12,20,78,0,reflect,35885783.38166934,1101987107.1422517,35885783.38166934,35885783.38166934,31711272.24262607,16123415.774139076
cma,bbob_f012_i78_d20,12,20,78,0,pass,4366649.538837458,17912157.53108627,4366649.538837458,4366649.538837458,3358246.4740364794,95465.62497023755
cma,bbob_f012_i78_d20,12,20,78,0,contract,4366649.538837458,8242328.527937761,4366649.538837458,4366649.538837458,2915257.704657282,167100.92448753526
cma,bbob_f012_i78_d20,12,20,78,0,reflect,4366649.538837458,15603851.385215597,4366649.538837458,4366649.538837458,4118755.2547639017,172818.55217748918
de,bbob_f012_i78_d20,12,20,78,1,pass,95724690.3218095,500991642.91095096,95724690.3218095,95724690.3218095,95724690.3218095,95724690.3218095
de,bbob_f012_i78_d20,12,20,78,1,contract,95724690.3218095,120952219.00307219,95724690.3218095,95724690.3218095,95724690.3218095,95724690.3218095
de,bbob_f012_i78_d20,12,20,78,1,reflect,95724690.3218095,93654128573.64285,95724690.3218095,95724690.3218095,95724690.3218095,95724690.3218095
pso,bbob_f012_i78_d20,12,20,78,1,pass,50754351.10389814,40099936.658713706,40099936.658713706,36873665.30319966,36873665.30319966,12942128.239948597
pso,bbob_f012_i78_d20,12,20,78,1,contract,50754351.10389814,35438074.01068928,35438074.01068928,35438074.01068928,35438074.01068928,22541688.312541302
pso,bbob_f012_i78_d20,12,20,78,1,reflect,50754351.10389814,431710474.7219897,50754351.10389814,41175595.00856308,41175595.00856308,11913883.083709702
cma,bbob_f012_i78_d20,12,20,78,1,pass,5074691.571003039,5059663.670969504,5059663.670969504,2717144.731026043,2337935.686198433,183879.77941161479
cma,bbob_f012_i78_d20,12,20,78,1,contract,5074691.571003039,4008901.186389421,4008901.186389421,4008901.186389421,1913694.4788685343,104031.75725883925
cma,bbob_f012_i78_d20,12,20,78,1,reflect,5074691.571003039,13059734.564450556,5074691.571003039,4533201.657236103,1768579.7890635775,86157.99878836218
de,bbob_f013_i77_d20,13,20,77,0,pass,1846.3483637066527,3779.6403443605573,1846.3483637066527,1846.3483637066527,1846.3483637066527,1846.3483637066527
de,bbob_f013_i77_d20,13,20,77,0,contract,1846.3483637066527,2369.9834493145368,1846.3483637066527,1846.3483637066527,1846.3483637066527,1846.3483637066527
de,bbob_f013_i77_d20,13,20,77,0,reflect,1846.3483637066527,3315.0507118429805,1846.3483637066527,1846.3483637066527,1846.3483637066527,1846.3483637066527
pso,bbob_f013_i77_d20,13,20,77,0,pass,1183.8580115215757,1841.7452470853138,1183.8580115215757,1183.8580115215757,983.9756132384665,952.190259768847
pso,bbob_f013_i77_d20,13,20,77,0,contract,1183.8580115215757,1333.4171286423887,1183.8580115215757,1183.8580115215757,983.9756132384665,952.190259768847
pso,bbob_f013_i77_d20,13,20,77,0,reflect,1183.8580115215757,3004.633486043876,1183.8580115215757,1183.8580115215757,983.9756132384665,952.190259768847
cma,bbob_f013_i77_d20,13,20,77,0,pass,511.2838165496063,572.685323647955,511.2838165496063,511.2838165496063,484.07302274882306,209.33747477721533
cma,bbob_f013_i77_d20,13,20,77,0,contract,511.2838165496063,506.00146640889506,506.00146640889506,506.00146640889506,426.1865711897575,221.76827604174173
cma,bbob_f013_i77_d20,13,20,77,0,reflect,511.2838165496063,756.5092863394435,511.2838165496063,511.2838165496063,487.07008673016,214.75055245399255
de,bbob_f013_i77_d20,13,20,77,1,pass,2006.5387528979563,3570.587760895749,2006.5387528979563,2006.5387528979563,2006.5387528979563,1894.3599860159022
de,bbob_f013_i77_d20,13,20,77,1,contract,2006.5387528979563,2230.637763641528,2006.5387528979563,2006.5387528979563,2006.5387528979563,1894.3599860159022
de,bbob_f013_i77_d20,13,20,77,1,reflect,2006.5387528979563,4504.479097945704,2006.5387528979563,2006.5387528979563,2006.5387528979563,1894.3599860159022
pso,bbob_f013_i77_d20,13,20,77,1,pass,1008.5428244621937,1226.6653229736455,1008.5428244621937,1008.5428244621937,1008.5428244621937,824.5227486806031
pso,bbob_f013_i77_d20,13,20,77,1,contract,1008.5428244621937,1031.14609285627,1008.5428244621937,1008.5428244621937,1008.5428244621937,824.5227486806031
pso,bbob_f013_i77_d20,13,20,77,1,reflect,1008.5428244621937,2292.881732244441,1008.5428244621937,1008.5428244621937,1008.5428244621937,824.5227486806031
cma,bbob_f013_i77_d20,13,20,77,1,pass,739.5645896274283,870.9042854908844,739.5645896274283,710.454561493883,525.2378524423889,266.1814437899223
cma,bbob_f013_i77_d20,13,20,77,1,contract,739.5645896274283,785.3908461929448,739.5645896274283,739.5645896274283,599.2016515124874,291.53357813364795
cma,bbob_f013_i77_d20,13,20,77,1,reflect,739.5645896274283,827.9643193052884,739.5645896274283,739.5645896274283,622.4004532259554,261.92529519497555
de,bbob_f013_i78_d20,13,20,78,0,pass,2371.832258544762,3101.0812402246424,2371.832258544762,2371.832258544762,2371.832258544762,2089.9675342995324
de,bbob_f013_i78_d20,13,20,78,0,contract,2371.832258544762,2129.055603754628,2129.055603754628,2129.055603754628,2129.055603754628,2129.055603754628
de,bbob_f013_i78_d20,13,20,78,0,reflect,2371.832258544762,4133.979985325405,2371.832258544762,2371.832258544762,2371.832258544762,2089.9675342995324
pso,bbob_f013_i78_d20,13,20,78,0,pass,1224.3655819377757,1670.3169973855133,1224.3655819377757,1224.3655819377757,1204.6536151450298,985.0334646435333
pso,bbob_f013_i78_d20,13,20,78,0,contract,1224.3655819377757,1299.0422933940608,1224.3655819377757,1224.3655819377757,1204.6536151450298,985.0334646435333
pso,bbob_f013_i78_d20,13,20,78,0,reflect,1224.3655819377757,2645.235377316611,1224.3655819377757,1224.3655819377757,1204.6536151450298,985.0334646435333
cma,bbob_f013_i78_d20,13,20,78,0,pass,645.3006248570478,938.7576393432889,645.3006248570478,645.3006248570478,540.074728760974,339.30778158740776
cma,bbob_f013_i78_d20,13,20,78,0,contract,645.3006248570478,780.7800596215127,645.3006248570478,645.3006248570478,579.9646192427222,338.9547979411914
cma,bbob_f013_i78_d20,13,20,78,0,reflect,645.3006248570478,817.6587469378997,645.3006248570478,645.3006248570478,635.6091286438752,331.0276534120524
de,bbob_f013_i78_d20,13,20,78,1,pass,2090.81973083775,3538.249176479489,2090.81973083775,2090.81973083775,2090.81973083775,2017.0304268921464
de,bbob_f013_i78_d20,13,20,78,1,contract,2090.81973083775,2216.2337316437533,2090.81973083775,2090.81973083775,2090.81973083775,2017.0304268921464
de,bbob_f013_i78_d20,13,20,78,1,reflect,2090.81973083775,3877.351098731449,2090.81973083775,2090.81973083775,2090.81973083775,2017.0304268921464
pso,bbob_f013_i78_d20,13,20,78,1,pass,1361.5893130681275,1518.9147844824133,1361.5893130681275,1361.5893130681275,1335.3677812383262,820.3338540903774
pso,bbob_f013_i78_d20,13,20,78,1,contract,1361.5893130681275,1199.0760820245534,1199.0760820245534,1199.0760820245534,1130.7701426533313,865.2923524580594
pso,bbob_f013_i78_d20,13,20,78,1,reflect,1361.5893130681275,2692.089447500141,1361.5893130681275,1361.5893130681275,1335.3677812383262,820.3338540903774
cma,bbob_f013_i78_d20,13,20,78,1,pass,655.4261626774816,823.69448984112,655.4261626774816,655.4261626774816,602.8885899074802,315.8460830305722
cma,bbob_f013_i78_d20,13,20,78,1,contract,655.4261626774816,694.9416417285997,655.4261626774816,655.4261626774816,599.0444129630005,299.59342620994653
cma,bbob_f013_i78_d20,13,20,78,1,reflect,655.4261626774816,833.4599330951855,655.4261626774816,646.2556003736305,573.9487768355955,311.4297534367548
de,bbob_f014_i77_d20,14,20,77,0,pass,209.91518762059826,344.3923900206249,209.91518762059826,209.91518762059826,209.91518762059826,205.1162408504137
de,bbob_f014_i77_d20,14,20,77,0,contract,209.91518762059826,228.32624186666376,209.91518762059826,209.91518762059826,209.91518762059826,193.27965328673503
de,bbob_f014_i77_d20,14,20,77,0,reflect,209.91518762059826,459.6963867145214,209.91518762059826,209.91518762059826,209.91518762059826,205.1162408504137
pso,bbob_f014_i77_d20,14,20,77,0,pass,183.68307726668323,231.12336278261972,183.68307726668323,183.68307726668323,183.57705381895624,180.14572896967968
pso,bbob_f014_i77_d20,14,20,77,0,contract,183.68307726668323,190.69112350532848,183.68307726668323,183.68307726668323,183.57705381895624,180.14572896967968
pso,bbob_f014_i77_d20,14,20,77,0,reflect,183.68307726668323,304.4263820952404,183.68307726668323,183.68307726668323,183.57705381895624,180.14572896967968
cma,bbob_f014_i77_d20,14,20,77,0,pass,175.21163336245726,177.66083637738205,175.21163336245726,174.90873146318654,174.45998194859746,173.0214763689123
cma,bbob_f014_i77_d20,14,20,77,0,contract,175.21163336245726,175.96313945306264,175.21163336245726,174.90873146318654,174.13342997598264,173.092347647765
cma,bbob_f014_i77_d20,14,20,77,0,reflect,175.21163336245726,178.11939049105615,175.21163336245726,174.90873146318654,174.37377509539354,173.02937458296853
de,bbob_f014_i77_d20,14,20,77,1,pass,203.84138511572442,396.15810695721507,203.84138511572442,203.84138511572442,203.84138511572442,200.487053406186
de,bbob_f014_i77_d20,14,20,77,1,contract,203.84138511572442,239.02337750012433,203.84138511572442,203.84138511572442,203.84138511572442,200.487053406186
de,bbob_f014_i77_d20,14,20,77,1,reflect,203.84138511572442,239.31713103853684,203.84138511572442,203.84138511572442,203.84138511572442,200.487053406186
pso,bbob_f014_i77_d20,14,20,77,1,pass,183.14978387402238,195.3594936401439,183.14978387402238,183.14978387402238,183.14978387402238,178.56656650586746
pso,bbob_f014_i77_d20,14,20,77,1,contract,183.14978387402238,185.94960075855553,183.14978387402238,183.14978387402238,183.14978387402238,178.56656650586746
pso,bbob_f014_i77_d20,14,20,77,1,reflect,183.14978387402238,218.84665311144724,183.14978387402238,183.14978387402238,183.14978387402238,178.56656650586746
cma,bbob_f014_i77_d20,14,20,77,1,pass,178.19400681890733,179.2356331016601,178.19400681890733,178.1832824901246,177.13652007159507,173.20164681671378
cma,bbob_f014_i77_d20,14,20,77,1,contract,178.19400681890733,178.64808595555337,178.19400681890733,178.1832824901246,176.958125894822,173.36923937238438
cma,bbob_f014_i77_d20,14,20,77,1,reflect,178.19400681890733,182.37211782937072,178.19400681890733,178.1832824901246,176.94856688415985,173.36805900005888
de,bbob_f014_i78_d20,14,20,78,0,pass,199.88497922737878,414.6811356469875,199.88497922737878,199.88497922737878,199.88497922737878,197.53741375136195
de,bbob_f014_i78_d20,14,20,78,0,contract,199.88497922737878,284.07085676535456,199.88497922737878,199.88497922737878,199.88497922737878,197.53741375136195
de,bbob_f014_i78_d20,14,20,78,0,reflect,199.88497922737878,411.89373141432264,199.88497922737878,199.88497922737878,199.88497922737878,197.53741375136195
pso,bbob_f014_i78_d20,14,20,78,0,pass,167.38998698293722,185.7168364481419,167.38998698293722,167.38998698293722,166.62134341903976,162.44635446264778
pso,bbob_f014_i78_d20,14,20,78,0,contract,167.38998698293722,169.96424301911327,167.38998698293722,167.38998698293722,166.62134341903976,162.44635446264778
pso,bbob_f014_i78_d20,14,20,78,0,reflect,167.38998698293722,348.41260028295926,167.38998698293722,167.38998698293722,166.62134341903976,162.44635446264778
cma,bbob_f014_i78_d20,14,20,78,0,pass,160.110566852471,162.7656089941736,160.110566852471,160.110566852471,159.08231044079022,157.9164664101811
cma,bbob_f014_i78_d20,14,20,78,0,contract,160.110566852471,160.89758540951317,160.110566852471,160.110566852471,159.24146156971,157.9155517518648
cma,bbob_f014_i78_d20,14,20,78,0,reflect,160.110566852471,167.34765743049803,160.110566852471,160.110566852471,159.2756834659171,157.96589117839204
de,bbob_f014_i78_d20,14,20,78,1,pass,196.52889321083137,283.0617775473665,196.52889321083137,196.52889321083137,196.52889321083137,180.0132451162522
de,bbob_f014_i78_d20,14,20,78,1,contract,196.52889321083137,223.6385751712857,196.52889321083137,196.52889321083137,196.52889321083137,186.5977803757165
de,bbob_f014_i78_d20,14,20,78,1,reflect,196.52889321083137,306.29274398529896,196.52889321083137,196.52889321083137,196.52889321083137,180.0132451162522
pso,bbob_f014_i78_d20,14,20,78,1,pass,181.70174543461854,202.35538872404882,181.70174543461854,181.70174543461854,176.0296733743173,162.66721654371915
pso,bbob_f014_i78_d20,14,20,78,1,contract,181.70174543461854,180.55944962530842,180.55944962530842,180.47583367910872,177.3937980451934,166.60962276358217
pso,bbob_f014_i78_d20,14,20,78,1,reflect,181.70174543461854,185.2484941860361,181.70174543461854,181.70174543461854,176.0296733743173,162.66721654371915
cma,bbob_f014_i78_d20,14,20,78,1,pass,162.32505405675462,163.01965182456868,162.32505405675462,162.32505405675462,160.75622566976185,157.96976536989612
cma,bbob_f014_i78_d20,14,20,78,1,contract,162.32505405675462,162.1315936482648,162.1315936482648,162.1315936482648,160.93558328671503,158.16377441782828
cma,bbob_f014_i78_d20,14,20,78,1,reflect,162.32505405675462,172.353763020893,162.32505405675462,161.96856466230844,160.85472058687222,157.96339420366522
de,bbob_f015_i77_d20,15,20,77,0,pass,624.1504804199825,1659.9353792224565,624.1504804199825,624.1504804199825,514.1086146781367,430.2085959396467
de,bbob_f015_i77_d20,15,20,77,0,contract,624.1504804199825,777.3874789836505,624.1504804199825,624.1504804199825,514.1086146781367,430.2085959396467
de,bbob_f015_i77_d20,15,20,77,0,reflect,624.1504804199825,2533.5514831966125,624.1504804199825,624.1504804199825,514.1086146781367,354.1190264013943
pso,bbob_f015_i77_d20,15,20,77,0,pass,265.74056318116334,479.97118114196803,265.74056318116334,246.54773082996053,243.3272583785074,214.51085602833768
pso,bbob_f015_i77_d20,15,20,77,0,contract,265.74056318116334,416.76386728310416,265.74056318116334,246.54773082996053,243.3272583785074,214.51085602833768
pso,bbob_f015_i77_d20,15,20,77,0,reflect,265.74056318116334,1230.7376551935042,265.74056318116334,246.54773082996053,243.3272583785074,214.51085602833768
cma,bbob_f015_i77_d20,15,20,77,0,pass,116.37148877800772,232.48705948938027,116.37148877800772,116.37148877800772,116.37148877800772,86.92321079834716
cma,bbob_f015_i77_d20,15,20,77,0,contract,116.37148877800772,193.96560865340436,116.37148877800772,116.37148877800772,116.37148877800772,64.16471788647763
cma,bbob_f015_i77_d20,15,20,77,0,reflect,116.37148877800772,366.3031291769023,116.37148877800772,116.37148877800772,116.37148877800772,98.39829405131456
de,bbob_f015_i77_d20,15,20,77,1,pass,382.35787629276524,912.297121265458,382.35787629276524,382.35787629276524,382.35787629276524,382.35787629276524
de,bbob_f015_i77_d20,15,20,77,1,contract,382.35787629276524,323.5887578180045,323.5887578180045,323.5887578180045,323.5887578180045,323.5887578180045
de,bbob_f015_i77_d20,15,20,77,1,reflect,382.35787629276524,1578.0721759487024,382.35787629276524,382.35787629276524,382.35787629276524,382.35787629276524
pso,bbob_f015_i77_d20,15,20,77,1,pass,235.22637567765787,461.6173633402766,235.22637567765787,235.22637567765787,222.3505706912137,170.18489415567387
pso,bbob_f015_i77_d20,15,20,77,1,contract,235.22637567765787,298.2612261931712,235.22637567765787,235.22637567765787,222.3505706912137,170.18489415567387
pso,bbob_f015_i77_d20,15,20,77,1,reflect,235.22637567765787,1029.026714546116,235.22637567765787,235.22637567765787,222.3505706912137,170.18489415567387
cma,bbob_f015_i77_d20,15,20,77,1,pass,149.11550002257178,226.56392096165712,149.11550002257178,149.11550002257178,148.100785039122,125.13376308828339
cma,bbob_f015_i77_d20,15,20,77,1,contract,149.11550002257178,187.39046720104028,149.11550002257178,149.11550002257178,149.11550002257178,127.69982933615279
cma,bbob_f015_i77_d20,15,20,77,1,reflect,149.11550002257178,236.41828087879378,149.11550002257178,149.11550002257178,149.11550002257178,116.61903212611895
de,bbob_f015_i78_d20,15,20,78,0,pass,825.4178728392027,2799.7006000003234,825.4178728392027,825.4178728392027,825.4178728392027,645.5227655702606
de,bbob_f015_i78_d20,15,20,78,0,contract,825.4178728392027,1243.0880360904932,825.4178728392027,825.4178728392027,825.4178728392027,614.9287924044193
de,bbob_f015_i78_d20,15,20,78,0,reflect,825.4178728392027,8473.350370106164,825.4178728392027,825.4178728392027,825.4178728392027,740.5158462943486
pso,bbob_f015_i78_d20,15,20,78,0,pass,402.49414785325007,901.5988751913569,402.49414785325007,402.49414785325007,402.49414785325007,345.5172426519518
pso,bbob_f015_i78_d20,15,20,78,0,contract,402.49414785325007,581.6556423922696,402.49414785325007,402.49414785325007,402.49414785325007,345.5172426519518
pso,bbob_f015_i78_d20,15,20,78,0,reflect,402.49414785325007,2077.8776947252663,402.49414785325007,402.49414785325007,402.49414785325007,345.5172426519518
cma,bbob_f015_i78_d20,15,20,78,0,pass,169.84532661019264,358.0969852829242,169.84532661019264,169.84532661019264,169.84532661019264,169.84532661019264
cma,bbob_f015_i78_d20,15,20,78,0,contract,169.84532661019264,345.45596599408816,169.84532661019264,169.84532661019264,169.84532661019264,169.84532661019264
cma,bbob_f015_i78_d20,15,20,78,0,reflect,169.84532661019264,330.90542006562396,169.84532661019264,169.84532661019264,169.84532661019264,169.84532661019264
de,bbob_f015_i78_d20,15,20,78,1,pass,773.5732345443173,1729.4900542111552,773.5732345443173,773.5732345443173,773.5732345443173,773.5732345443173
de,bbob_f015_i78_d20,15,20,78,1,contract,773.5732345443173,763.0015656569487,763.0015656569487,763.0015656569487,763.0015656569487,763.0015656569487
de,bbob_f015_i78_d20,15,20,78,1,reflect,773.5732345443173,4266.060219560534,773.5732345443173,773.5732345443173,773.5732345443173,773.5732345443173
pso,bbob_f015_i78_d20,15,20,78,1,pass,438.70566204823797,624.9585639397012,438.70566204823797,438.70566204823797,438.0882575680995,291.4230646432739
pso,bbob_f015_i78_d20,15,20,78,1,contract,438.70566204823797,446.10111016465964,438.70566204823797,438.70566204823797,438.0882575680995,291.4230646432739
pso,bbob_f015_i78_d20,15,20,78,1,reflect,438.70566204823797,1920.056276847841,438.70566204823797,438.70566204823797,438.0882575680995,291.4230646432739
cma,bbob_f015_i78_d20,15,20,78,1,pass,243.65771735443087,307.093803504712,243.65771735443087,243.65771735443087,194.18676626282615,194.18676626282615
cma,bbob_f015_i78_d20,15,20,78,1,contract,243.65771735443087,310.252199065501,243.65771735443087,243.65771735443087,229.86195472144124,178.91518211300357
cma,bbob_f015_i78_d20,15,20,78,1,reflect,243.65771735443087,356.4596700548874,243.65771735443087,243.65771735443087,236.76079391573987,183.47446206363009
de,bbob_f016_i77_d20,16,20,77,0,pass,135.8488958846549,192.69386449603468,135.8488958846549,135.8488958846549,135.8488958846549,135.8488958846549
de,bbob_f016_i77_d20,16,20,77,0,contract,135.8488958846549,177.16372828993863,135.8488958846549,135.8488958846549,135.8488958846549,135.8488958846549
de,bbob_f016_i77_d20,16,20,77,0,reflect,135.8488958846549,183.45189933648834,135.8488958846549,135.8488958846549,135.8488958846549,135.8488958846549
pso,bbob_f016_i77_d20,16,20,77,0,pass,135.8488958846549,234.28530605256105,135.8488958846549,135.8488958846549,135.8488958846549,135.8488958846549
pso,bbob_f016_i77_d20,16,20,77,0,contract,135.8488958846549,164.7890610145692,135.8488958846549,135.8488958846549,135.8488958846549,135.8488958846549
pso,bbob_f016_i77_d20,16,20,77,0,reflect,135.8488958846549,238.23961614103558,135.8488958846549,135.8488958846549,135.8488958846549,135.8488958846549
cma,bbob_f016_i77_d20,16,20,77,0,pass,140.30697122903797,176.47065542038422,140.30697122903797,140.30697122903797,140.30697122903797,140.30697122903797
cma,bbob_f016_i77_d20,16,20,77,0,contract,140.30697122903797,198.29335176933324,140.30697122903797,140.30697122903797,140.30697122903797,140.30697122903797
cma,bbob_f016_i77_d20,16,20,77,0,reflect,140.30697122903797,188.5626305678539,140.30697122903797,140.30697122903797,140.30697122903797,138.35506912624334
de,bbob_f016_i77_d20,16,20,77,1,pass,136.54580239741085,180.32136073664873,136.54580239741085,136.54580239741085,136.54580239741085,136.54580239741085
de,bbob_f016_i77_d20,16,20,77,1,contract,136.54580239741085,191.64881477580232,136.54580239741085,136.54580239741085,136.54580239741085,136.54580239741085
de,bbob_f016_i77_d20,16,20,77,1,reflect,136.54580239741085,169.98804449886802,136.54580239741085,136.54580239741085,136.54580239741085,136.54580239741085
pso,bbob_f016_i77_d20,16,20,77,1,pass,141.2813197935178,170.57791758539102,141.2813197935178,141.2813197935178,141.2813197935178,137.68833645109672
pso,bbob_f016_i77_d20,16,20,77,1,contract,141.2813197935178,221.34215486654853,141.2813197935178,141.2813197935178,141.2813197935178,137.68833645109672
pso,bbob_f016_i77_d20,16,20,77,1,reflect,141.2813197935178,193.8905412946666,141.2813197935178,141.2813197935178,141.2813197935178,137.68833645109672
cma,bbob_f016_i77_d20,16,20,77,1,pass,142.84264355027676,235.90346070113873,142.84264355027676,142.84264355027676,142.84264355027676,142.84264355027676
cma,bbob_f016_i77_d20,16,20,77,1,contract,142.84264355027676,193.66404631065652,142.84264355027676,142.84264355027676,142.84264355027676,140.7344973037726
cma,bbob_f016_i77_d20,16,20,77,1,reflect,142.84264355027676,254.3771687693048,142.84264355027676,142.84264355027676,142.84264355027676,142.84264355027676
de,bbob_f016_i78_d20,16,20,78,0,pass,117.48406216974779,127.60672045441765,117.48406216974779,117.48406216974779,102.46839473551384,102.46839473551384
de,bbob_f016_i78_d20,16,20,78,0,contract,117.48406216974779,148.76749315059521,117.48406216974779,117.48406216974779,102.46839473551384,102.46839473551384
de,bbob_f016_i78_d20,16,20,78,0,reflect,117.48406216974779,188.9198715259785,117.48406216974779,117.48406216974779,102.46839473551384,102.46839473551384
pso,bbob_f016_i78_d20,16,20,78,0,pass,115.07165465121847,172.72514675961622,115.07165465121847,115.07165465121847,115.07165465121847,97.35112548366601
pso,bbob_f016_i78_d20,16,20,78,0,contract,115.07165465121847,142.87959018796658,115.07165465121847,115.07165465121847,115.07165465121847,97.35112548366601
pso,bbob_f016_i78_d20,16,20,78,0,reflect,115.07165465121847,114.57715212282505,114.57715212282505,114.57715212282505,114.57715212282505,111.4178820529341
cma,bbob_f016_i78_d20,16,20,78,0,pass,108.12320381132247,157.27831202577633,108.12320381132247,108.12320381132247,108.12320381132247,107.14953469293837
cma,bbob_f016_i78_d20,16,20,78,0,contract,108.12320381132247,155.18515441648378,108.12320381132247,108.12320381132247,108.12320381132247,106.93865047866383
cma,bbob_f016_i78_d20,16,20,78,0,reflect,108.12320381132247,148.57623518128997,108.12320381132247,108.12320381132247,108.12320381132247,108.12320381132247
de,bbob_f016_i78_d20,16,20,78,1,pass,108.60124966226293,133.58654926599652,108.60124966226293,108.60124966226293,108.60124966226293,108.60124966226293
de,bbob_f016_i78_d20,16,20,78,1,contract,108.60124966226293,156.4109421439564,108.60124966226293,108.60124966226293,108.60124966226293,108.60124966226293
de,bbob_f016_i78_d20,16,20,78,1,reflect,108.60124966226293,155.18509609087522,108.60124966226293,108.60124966226293,108.60124966226293,108.60124966226293
pso,bbob_f016_i78_d20,16,20,78,1,pass,104.88194191624106,159.35796815870413,104.88194191624106,104.88194191624106,104.88194191624106,104.88194191624106
pso,bbob_f016_i78_d20,16,20,78,1,contract,104.88194191624106,165.77287397208596,104.88194191624106,104.88194191624106,104.88194191624106,104.88194191624106
pso,bbob_f016_i78_d20,16,20,78,1,reflect,104.88194191624106,174.98624182416154,104.88194191624106,104.88194191624106,104.88194191624106,104.88194191624106
cma,bbob_f016_i78_d20,16,20,78,1,pass,108.51686711279004,219.71132619462168,108.51686711279004,106.05019305686208,106.05019305686208,98.15570988365435
cma,bbob_f016_i78_d20,16,20,78,1,contract,108.51686711279004,179.32091842948472,108.51686711279004,106.05019305686208,106.05019305686208,104.10418762389185
cma,bbob_f016_i78_d20,16,20,78,1,reflect,108.51686711279004,156.35134331928094,108.51686711279004,106.05019305686208,106.05019305686208,106.05019305686208
de,bbob_f017_i77_d20,17,20,77,0,pass,-328.5959251424097,-205.05142354355962,-328.5959251424097,-328.5959251424097,-328.5959251424097,-330.1427600342696
de,bbob_f017_i77_d20,17,20,77,0,contract,-328.5959251424097,-314.92209016102294,-328.5959251424097,-328.5959251424097,-328.5959251424097,-330.1427600342696
de,bbob_f017_i77_d20,17,20,77,0,reflect,-328.5959251424097,-318.166912767953,-328.5959251424097,-328.5959251424097,-328.5959251424097,-330.1427600342696
pso,bbob_f017_i77_d20,17,20,77,0,pass,-335.2773696117962,-331.2132272380467,-335.2773696117962,-335.2773696117962,-336.5031599013123,-337.27110183100916
pso,bbob_f017_i77_d20,17,20,77,0,contract,-335.2773696117962,-334.85299756498654,-335.2773696117962,-335.2773696117962,-336.5031599013123,-337.27110183100916
pso,bbob_f017_i77_d20,17,20,77,0,reflect,-335.2773696117962,-322.70746520318414,-335.2773696117962,-335.2773696117962,-336.5031599013123,-337.27110183100916
cma,bbob_f017_i77_d20,17,20,77,0,pass,-340.5210643817218,-339.64600312994827,-340.5210643817218,-340.5210643817218,-340.6525819154211,-341.79752842649987
cma,bbob_f017_i77_d20,17,20,77,0,contract,-340.5210643817218,-339.46660766166355,-340.5210643817218,-340.5210643817218,-340.5210643817218,-341.30514889686555
cma,bbob_f017_i77_d20,17,20,77,0,reflect,-340.5210643817218,-334.1290828333943,-340.5210643817218,-340.5210643817218,-341.0099989613702,-342.24882311735155
de,bbob_f017_i77_d20,17,20,77,1,pass,-332.10306470599903,-236.94342722549828,-332.10306470599903,-332.10306470599903,-332.10306470599903,-333.91094606389294
de,bbob_f017_i77_d20,17,20,77,1,contract,-332.10306470599903,-311.7456680413111,-332.10306470599903,-332.10306470599903,-332.10306470599903,-333.91094606389294
de,bbob_f017_i77_d20,17,20,77,1,reflect,-332.10306470599903,-315.6927144912248,-332.10306470599903,-332.10306470599903,-332.10306470599903,-333.91094606389294
pso,bbob_f017_i77_d20,17,20,77,1,pass,-337.89141115532607,-329.7833135638579,-337.89141115532607,-337.89141115532607,-337.89141115532607,-338.7614613670809
pso,bbob_f017_i77_d20,17,20,77,1,contract,-337.89141115532607,-330.8368498372496,-337.89141115532607,-337.89141115532607,-337.89141115532607,-338.7614613670809
pso,bbob_f017_i77_d20,17,20,77,1,reflect,-337.89141115532607,-329.30963193441164,-337.89141115532607,-337.89141115532607,-337.89141115532607,-338.7614613670809
cma,bbob_f017_i77_d20,17,20,77,1,pass,-340.6839223203527,-340.4440843533942,-340.6839223203527,-340.6839223203527,-341.24320306962727,-342.1944692333009
cma,bbob_f017_i77_d20,17,20,77,1,contract,-340.6839223203527,-340.84223547661793,-340.84223547661793,-340.988056283023,-340.988056283023,-342.2149020666523
cma,bbob_f017_i77_d20,17,20,77,1,reflect,-340.6839223203527,-339.0193071773575,-340.6839223203527,-340.6839223203527,-341.0126204676722,-342.253075218236
de,bbob_f017_i78_d20,17,20,78,0,pass,103.68112913014404,113.6503717342997,103.68112913014404,103.68112913014404,103.68112913014404,103.55941226582509
de,bbob_f017_i78_d20,17,20,78,0,contract,103.68112913014404,102.03325988156273,102.03325988156273,102.03325988156273,102.03325988156273,101.5689780772011
de,bbob_f017_i78_d20,17,20,78,0,reflect,103.68112913014404,142.9454315015782,103.68112913014404,103.68112913014404,103.68112913014404,103.68112913014404
pso,bbob_f017_i78_d20,17,20,78,0,pass,103.29591862297357,113.17788582302393,103.29591862297357,103.29591862297357,103.29591862297357,98.26361198333821
pso,bbob_f017_i78_d20,17,20,78,0,contract,103.29591862297357,106.57575771854745,103.29591862297357,103.29591862297357,103.29591862297357,98.26361198333821
pso,bbob_f017_i78_d20,17,20,78,0,reflect,103.29591862297357,113.44279471432404,103.29591862297357,103.29591862297357,103.29591862297357,98.26361198333821
cma,bbob_f017_i78_d20,17,20,78,0,pass,93.5327418711671,95.91472823623226,93.5327418711671,93.5327418711671,93.30751598292923,91.82279705787535
cma,bbob_f017_i78_d20,17,20,78,0,contract,93.5327418711671,93.86389993698614,93.5327418711671,93.5327418711671,93.48999219435369,91.98766813157567
cma,bbob_f017_i78_d20,17,20,78,0,reflect,93.5327418711671,94.92535843024596,93.5327418711671,93.5327418711671,93.5327418711671,91.79014597537184
de,bbob_f017_i78_d20,17,20,78,1,pass,102.7842238941224,107.60002849136615,102.7842238941224,102.7842238941224,102.7842238941224,101.66894922365731
de,bbob_f017_i78_d20,17,20,78,1,contract,102.7842238941224,103.76980505635176,102.7842238941224,102.7842238941224,102.7842238941224,101.66894922365731
de,bbob_f017_i78_d20,17,20,78,1,reflect,102.7842238941224,135.18085983284377,102.7842238941224,102.7842238941224,102.7842238941224,101.66894922365731
pso,bbob_f017_i78_d20,17,20,78,1,pass,97.189210538819,104.16794882413664,97.189210538819,97.189210538819,97.189210538819,95.97939123288704
pso,bbob_f017_i78_d20,17,20,78,1,contract,97.189210538819,99.59185452893406,97.189210538819,97.189210538819,97.189210538819,95.97939123288704
pso,bbob_f017_i78_d20,17,20,78,1,reflect,97.189210538819,112.84234351844037,97.189210538819,97.189210538819,97.189210538819,95.97939123288704
cma,bbob_f017_i78_d20,17,20,78,1,pass,93.82898221022073,95.59980446011667,93.82898221022073,93.82898221022073,93.12097774832397,91.85123206352303
cma,bbob_f017_i78_d20,17,20,78,1,contract,93.82898221022073,94.92057798133115,93.82898221022073,93.82898221022073,93.5135377327681,91.95948803921225
cma,bbob_f017_i78_d20,17,20,78,1,reflect,93.82898221022073,95.93325578093507,93.82898221022073,93.82898221022073,92.92013392926688,91.77468600441031
de,bbob_f018_i77_d20,18,20,77,0,pass,-295.64216232772714,-74.91084274300619,-295.64216232772714,-295.64216232772714,-295.64216232772714,-304.50095179045763
de,bbob_f018_i77_d20,18,20,77,0,contract,-295.64216232772714,-287.86869179320416,-295.64216232772714,-295.64216232772714,-295.64216232772714,-298.4910561922634
de,bbob_f018_i77_d20,18,20,77,0,reflect,-295.64216232772714,-247.5172955078109,-295.64216232772714,-295.64216232772714,-295.64216232772714,-304.50095179045763
pso,bbob_f018_i77_d20,18,20,77,0,pass,-321.7863919665596,-297.7156277014101,-321.7863919665596,-321.7863919665596,-324.1213802699418,-324.1213802699418
pso,bbob_f018_i77_d20,18,20,77,0,contract,-321.7863919665596,-301.3370980217468,-321.7863919665596,-321.7863919665596,-324.1213802699418,-324.1213802699418
pso,bbob_f018_i77_d20,18,20,77,0,reflect,-321.7863919665596,-239.36242452342032,-321.7863919665596,-321.7863919665596,-324.1213802699418,-324.1213802699418
cma,bbob_f018_i77_d20,18,20,77,0,pass,-333.5279877413527,-322.55759487981084,-333.5279877413527,-333.5279877413527,-336.24564437550936,-340.41502691706256
cma,bbob_f018_i77_d20,18,20,77,0,contract,-333.5279877413527,-328.99287304326845,-333.5279877413527,-333.5279877413527,-333.5279877413527,-339.4951015131666
cma,bbob_f018_i77_d20,18,20,77,0,reflect,-333.5279877413527,-315.4477027023896,-333.5279877413527,-333.5279877413527,-333.5279877413527,-338.40018105515986
de,bbob_f018_i77_d20,18,20,77,1,pass,-298.17166355005907,-133.91605766615797,-298.17166355005907,-298.17166355005907,-298.17166355005907,-298.17166355005907
de,bbob_f018_i77_d20,18,20,77,1,contract,-298.17166355005907,-281.45782131864104,-298.17166355005907,-298.17166355005907,-298.17166355005907,-298.17166355005907
de,bbob_f018_i77_d20,18,20,77,1,reflect,-298.17166355005907,-197.46616916298416,-298.17166355005907,-298.17166355005907,-298.17166355005907,-298.17166355005907
pso,bbob_f018_i77_d20,18,20,77,1,pass,-314.9060552603444,-286.5411652812444,-314.9060552603444,-314.9060552603444,-316.17566128887296,-324.3213061490133
pso,bbob_f018_i77_d20,18,20,77,1,contract,-314.9060552603444,-291.14635972511593,-314.9060552603444,-314.9060552603444,-316.17566128887296,-324.3213061490133
pso,bbob_f018_i77_d20,18,20,77,1,reflect,-314.9060552603444,-280.97920189504947,-314.9060552603444,-314.9060552603444,-316.17566128887296,-324.3213061490133
cma,bbob_f018_i77_d20,18,20,77,1,pass,-330.2978375777616,-328.4348859177598,-330.2978375777616,-330.2978375777616,-334.48437469559616,-338.75956846337675
cma,bbob_f018_i77_d20,18,20,77,1,contract,-330.2978375777616,-322.8405333706647,-330.2978375777616,-330.2978375777616,-332.4374719162053,-338.5782060408744
cma,bbob_f018_i77_d20,18,20,77,1,reflect,-330.2978375777616,-316.66753478922004,-330.2978375777616,-330.2978375777616,-332.65084608479185,-338.3931520276818
de,bbob_f018_i78_d20,18,20,78,0,pass,131.88531639951216,192.11346896924118,131.88531639951216,131.88531639951216,131.88531639951216,126.47783356758086
de,bbob_f018_i78_d20,18,20,78,0,contract,131.88531639951216,165.9579697409934,131.88531639951216,131.88531639951216,131.88531639951216,129.09539207794984
de,bbob_f018_i78_d20,18,20,78,0,reflect,131.88531639951216,395.65501822037504,131.88531639951216,131.88531639951216,131.88531639951216,126.47783356758086
pso,bbob_f018_i78_d20,18,20,78,0,pass,115.58056611476357,148.74806547343292,115.58056611476357,115.58056611476357,115.58056611476357,111.83774604584195
pso,bbob_f018_i78_d20,18,20,78,0,contract,115.58056611476357,129.6389569131726,115.58056611476357,115.58056611476357,115.58056611476357,111.83774604584195
pso,bbob_f018_i78_d20,18,20,78,0,reflect,115.58056611476357,346.61214446456535,115.58056611476357,115.58056611476357,115.58056611476357,111.83774604584195
cma,bbob_f018_i78_d20,18,20,78,0,pass,101.36485463538234,119.57645317720139,101.36485463538234,101.36485463538234,100.55878219213278,95.0234899173111
cma,bbob_f018_i78_d20,18,20,78,0,contract,101.36485463538234,107.82848127460473,101.36485463538234,101.36485463538234,96.53748178372595,95.31373948885302
cma,bbob_f018_i78_d20,18,20,78,0,reflect,101.36485463538234,114.42667530953958,101.36485463538234,101.36485463538234,98.66695630193024,94.21351902575837
de,bbob_f018_i78_d20,18,20,78,1,pass,136.3650527155712,248.4038455432114,136.3650527155712,136.3650527155712,136.3650527155712,136.3650527155712
de,bbob_f018_i78_d20,18,20,78,1,contract,136.3650527155712,154.8543756437812,136.3650527155712,136.3650527155712,136.3650527155712,135.78440924117584
de,bbob_f018_i78_d20,18,20,78,1,reflect,136.3650527155712,260.11685751348443,136.3650527155712,136.3650527155712,136.3650527155712,136.3650527155712
pso,bbob_f018_i78_d20,18,20,78,1,pass,111.52390312384188,127.75586825976333,111.52390312384188,111.52390312384188,111.52390312384188,107.10427281278808
pso,bbob_f018_i78_d20,18,20,78,1,contract,111.52390312384188,121.88206092506934,111.52390312384188,111.52390312384188,111.52390312384188,107.10427281278808
pso,bbob_f018_i78_d20,18,20,78,1,reflect,111.52390312384188,177.8320856620013,111.52390312384188,111.52390312384188,111.52390312384188,107.10427281278808
cma,bbob_f018_i78_d20,18,20,78,1,pass,100.12762725647409,105.68090645175216,100.12762725647409,100.12762725647409,99.70804844148904,98.0900497124403
cma,bbob_f018_i78_d20,18,20,78,1,contract,100.12762725647409,106.65822015848113,100.12762725647409,100.12762725647409,96.91275242685926,95.13471836917667
cma,bbob_f018_i78_d20,18,20,78,1,reflect,100.12762725647409,108.82502281063451,100.12762725647409,100.12762725647409,99.54627369560568,94.64252403416313
de,bbob_f019_i77_d20,19,20,77,0,pass,2.7134153770200236,42.46858439452284,2.7134153770200236,2.7134153770200236,2.7134153770200236,2.7134153770200236
de,bbob_f019_i77_d20,19,20,77,0,contract,2.7134153770200236,6.293236383714033,2.7134153770200236,2.7134153770200236,2.7134153770200236,2.7134153770200236
de,bbob_f019_i77_d20,19,20,77,0,reflect,2.7134153770200236,145.38900558063182,2.7134153770200236,2.7134153770200236,2.7134153770200236,2.7134153770200236
pso,bbob_f019_i77_d20,19,20,77,0,pass,-1.7590669219923587,10.727201618643575,-1.7590669219923587,-1.7590669219923587,-1.7590669219923587,-2.7406418860375386
pso,bbob_f019_i77_d20,19,20,77,0,contract,-1.7590669219923587,0.7756151121061787,-1.7590669219923587,-1.7590669219923587,-1.7590669219923587,-2.7406418860375386
pso,bbob_f019_i77_d20,19,20,77,0,reflect,-1.7590669219923587,22.693065616464402,-1.7590669219923587,-1.7590669219923587,-1.7590669219923587,-2.7406418860375386
cma,bbob_f019_i77_d20,19,20,77,0,pass,-2.5156907516619382,0.2787978828788358,-2.5156907516619382,-2.9071492742938396,-2.9071492742938396,-5.284662793727424
cma,bbob_f019_i77_d20,19,20,77,0,contract,-2.5156907516619382,-0.8394681576145189,-2.5156907516619382,-2.9071492742938396,-2.9071492742938396,-3.973855023623548
cma,bbob_f019_i77_d20,19,20,77,0,reflect,-2.5156907516619382,6.073597144961186,-2.5156907516619382,-2.9071492742938396,-2.9071492742938396,-3.1629821770163096
de,bbob_f019_i77_d20,19,20,77,1,pass,10.079625994587632,50.45914383878873,10.079625994587632,10.079625994587632,10.079625994587632,10.079625994587632
de,bbob_f019_i77_d20,19,20,77,1,contract,10.079625994587632,9.586216404228596,9.586216404228596,9.586216404228596,9.586216404228596,9.586216404228596
de,bbob_f019_i77_d20,19,20,77,1,reflect,10.079625994587632,65.93506617009638,10.079625994587632,10.079625994587632,10.079625994587632,10.079625994587632
pso,bbob_f019_i77_d20,19,20,77,1,pass,-0.43142955819778095,12.976058215752426,-0.43142955819778095,-0.43142955819778095,-0.5580859487073297,-1.3225023848693933
pso,bbob_f019_i77_d20,19,20,77,1,contract,-0.43142955819778095,2.689103937606056,-0.43142955819778095,-0.43142955819778095,-0.5580859487073297,-1.3225023848693933
pso,bbob_f019_i77_d20,19,20,77,1,reflect,-0.43142955819778095,60.425405735524,-0.43142955819778095,-0.43142955819778095,-0.5580859487073297,-1.3225023848693933
cma,bbob_f019_i77_d20,19,20,77,1,pass,-3.922152355076138,1.457626829166724,-3.922152355076138,-3.922152355076138,-6.557625891933169,-6.557625891933169
cma,bbob_f019_i77_d20,19,20,77,1,contract,-3.922152355076138,3.0160088889803713,-3.922152355076138,-3.922152355076138,-3.922152355076138,-4.320182282500513
cma,bbob_f019_i77_d20,19,20,77,1,reflect,-3.922152355076138,0.7913205857307428,-3.922152355076138,-3.922152355076138,-3.922152355076138,-3.922152355076138
de,bbob_f019_i78_d20,19,20,78,0,pass,-986.3455907579997,-934.2229998144528,-986.3455907579997,-986.3455907579997,-986.3455907579997,-986.3455907579997
de,bbob_f019_i78_d20,19,20,78,0,contract,-986.3455907579997,-976.3589627532298,-986.3455907579997,-986.3455907579997,-986.3455907579997,-986.3455907579997
de,bbob_f019_i78_d20,19,20,78,0,reflect,-986.3455907579997,-903.1507531709168,-986.3455907579997,-986.3455907579997,-986.3455907579997,-986.3455907579997
pso,bbob_f019_i78_d20,19,20,78,0,pass,-990.057060223188,-983.2528855042191,-990.057060223188,-990.057060223188,-990.057060223188,-991.1525049327279
pso,bbob_f019_i78_d20,19,20,78,0,contract,-990.057060223188,-987.8486050604413,-990.057060223188,-990.057060223188,-990.057060223188,-991.1525049327279
pso,bbob_f019_i78_d20,19,20,78,0,reflect,-990.057060223188,-955.2096106876232,-990.057060223188,-990.057060223188,-990.057060223188,-991.1525049327279
cma,bbob_f019_i78_d20,19,20,78,0,pass,-992.7803316751341,-986.3308486330177,-992.7803316751341,-992.7803316751341,-992.7803316751341,-994.0565665303554
cma,bbob_f019_i78_d20,19,20,78,0,contract,-992.7803316751341,-987.1594661290908,-992.7803316751341,-992.7803316751341,-992.7803316751341,-994.8042364556628
cma,bbob_f019_i78_d20,19,20,78,0,reflect,-992.7803316751341,-989.3298738585087,-992.7803316751341,-992.7803316751341,-993.051049936564,-994.0217291493027
de,bbob_f019_i78_d20,19,20,78,1,pass,-980.9378795951785,-923.4856458694298,-980.9378795951785,-980.9378795951785,-980.9378795951785,-981.1183693465199
de,bbob_f019_i78_d20,19,20,78,1,contract,-980.9378795951785,-975.956414941359,-980.9378795951785,-980.9378795951785,-980.9378795951785,-981.1183693465199
de,bbob_f019_i78_d20,19,20,78,1,reflect,-980.9378795951785,-931.2951646096483,-980.9378795951785,-980.9378795951785,-980.9378795951785,-981.1183693465199
pso,bbob_f019_i78_d20,19,20,78,1,pass,-990.0809378180589,-978.1302048724853,-990.0809378180589,-990.0809378180589,-990.0809378180589,-991.7517947933135
pso,bbob_f019_i78_d20,19,20,78,1,contract,-990.0809378180589,-987.3301184221202,-990.0809378180589,-990.0809378180589,-990.0809378180589,-991.7517947933135
pso,bbob_f019_i78_d20,19,20,78,1,reflect,-990.0809378180589,-876.765060559855,-990.0809378180589,-990.0809378180589,-990.0809378180589,-991.7517947933135
cma,bbob_f019_i78_d20,19,20,78,1,pass,-994.3073893769421,-988.4809890960429,-994.3073893769421,-994.3073893769421,-994.3073893769421,-994.3273726015134
cma,bbob_f019_i78_d20,19,20,78,1,contract,-994.3073893769421,-993.8689710619997,-994.3073893769421,-994.3073893769421,-994.3073893769421,-994.3073893769421
cma,bbob_f019_i78_d20,19,20,78,1,reflect,-994.3073893769421,-988.8827375507757,-994.3073893769421,-994.3073893769421,-994.3073893769421,-994.3073893769421
de,bbob_f020_i77_d20,20,20,77,0,pass,46331.66615505539,199828.19387425788,46331.66615505539,46331.66615505539,46331.66615505539,27148.05642761702
de,bbob_f020_i77_d20,20,20,77,0,contract,46331.66615505539,28725.453080067193,28725.453080067193,28725.453080067193,28725.453080067193,27148.05642761702
de,bbob_f020_i77_d20,20,20,77,0,reflect,46331.66615505539,230625.29356834388,46331.66615505539,46331.66615505539,46331.66615505539,27148.05642761702
pso,bbob_f020_i77_d20,20,20,77,0,pass,1926.620949485573,39259.32127358902,1926.620949485573,1926.620949485573,1926.620949485573,683.9452557806305
pso,bbob_f020_i77_d20,20,20,77,0,contract,1926.620949485573,10781.786777016947,1926.620949485573,1926.620949485573,1926.620949485573,683.9452557806305
pso,bbob_f020_i77_d20,20,20,77,0,reflect,1926.620949485573,119638.69798234085,1926.620949485573,1926.620949485573,1926.620949485573,683.9452557806305
cma,bbob_f020_i77_d20,20,20,77,0,pass,183.2955634054687,271.84136146585854,183.2955634054687,183.2955634054687,183.2955634054687,183.13076048893993
cma,bbob_f020_i77_d20,20,20,77,0,contract,183.2955634054687,184.5923055725467,183.2955634054687,183.2955634054687,183.2955634054687,183.2955634054687
cma,bbob_f020_i77_d20,20,20,77,0,reflect,183.2955634054687,438.45801516110157,183.2955634054687,183.2955634054687,183.2955634054687,183.15722730835265
de,bbob_f020_i77_d20,20,20,77,1,pass,38878.14436883397,285411.52358540805,38878.14436883397,38878.14436883397,38878.14436883397,33050.32723273116
de,bbob_f020_i77_d20,20,20,77,1,contract,38878.14436883397,101811.71155714463,38878.14436883397,38878.14436883397,38878.14436883397,38878.14436883397
de,bbob_f020_i77_d20,20,20,77,1,reflect,38878.14436883397,321968.9106950196,38878.14436883397,38878.14436883397,38878.14436883397,33050.32723273116
pso,bbob_f020_i77_d20,20,20,77,1,pass,4056.48869717907,23678.75107389941,4056.48869717907,4056.48869717907,4056.48869717907,271.33252715558245
pso,bbob_f020_i77_d20,20,20,77,1,contract,4056.48869717907,4991.849194728724,4056.48869717907,4056.48869717907,4056.48869717907,515.6414787851095
pso,bbob_f020_i77_d20,20,20,77,1,reflect,4056.48869717907,75805.88238656243,4056.48869717907,4056.48869717907,4056.48869717907,271.33252715558245
cma,bbob_f020_i77_d20,20,20,77,1,pass,183.81964725683738,816.9423945251447,183.81964725683738,183.81964725683738,183.18710515448402,183.15235178663536
cma,bbob_f020_i77_d20,20,20,77,1,contract,183.81964725683738,233.6479546797317,183.81964725683738,183.41672077181704,183.41672077181704,182.86864901407094
cma,bbob_f020_i77_d20,20,20,77,1,reflect,183.81964725683738,582.2796679500813,183.81964725683738,183.81964725683738,183.73265963048058,183.18277899138843
de,bbob_f020_i78_d20,20,20,78,0,pass,41314.56939089918,86447.00037668573,41314.56939089918,41314.56939089918,41314.56939089918,37886.686330057906
de,bbob_f020_i78_d20,20,20,78,0,contract,41314.56939089918,23544.683567313095,23544.683567313095,23544.683567313095,23544.683567313095,17907.88472772909
de,bbob_f020_i78_d20,20,20,78,0,reflect,41314.56939089918,178163.0808607588,41314.56939089918,41314.56939089918,41314.56939089918,37886.686330057906
pso,bbob_f020_i78_d20,20,20,78,0,pass,3596.959173890686,9724.455153772284,3596.959173890686,3596.959173890686,3596.959173890686,185.86934177171486
pso,bbob_f020_i78_d20,20,20,78,0,contract,3596.959173890686,2629.699500235848,2629.699500235848,2629.699500235848,2629.699500235848,203.1617858079986
pso,bbob_f020_i78_d20,20,20,78,0,reflect,3596.959173890686,108567.11394630908,3596.959173890686,3596.959173890686,3596.959173890686,185.86934177171486
cma,bbob_f020_i78_d20,20,20,78,0,pass,87.4329116301235,1319.2421033648263,87.4329116301235,87.4329116301235,87.40249222879986,86.24955540594682
cma,bbob_f020_i78_d20,20,20,78,0,contract,87.4329116301235,292.0021697755221,87.4329116301235,87.4329116301235,87.32624689917739,86.84771689933758
cma,bbob_f020_i78_d20,20,20,78,0,reflect,87.4329116301235,500.26804821448087,87.4329116301235,87.4329116301235,87.18621328983268,86.90137905831902
de,bbob_f020_i78_d20,20,20,78,1,pass,21185.411256940144,242475.39594576196,21185.411256940144,21185.411256940144,21185.411256940144,21185.411256940144
de,bbob_f020_i78_d20,20,20,78,1,contract,21185.411256940144,42502.66591587701,21185.411256940144,21185.411256940144,21185.411256940144,21185.411256940144
de,bbob_f020_i78_d20,20,20,78,1,reflect,21185.411256940144,231134.78758817888,21185.411256940144,21185.411256940144,21185.411256940144,21185.411256940144
pso,bbob_f020_i78_d20,20,20,78,1,pass,4092.2978691174094,4943.586286278527,4092.2978691174094,4092.2978691174094,4092.2978691174094,1034.4332157439067
pso,bbob_f020_i78_d20,20,20,78,1,contract,4092.2978691174094,2565.073685692852,2565.073685692852,2565.073685692852,2565.073685692852,778.9737625354057
pso,bbob_f020_i78_d20,20,20,78,1,reflect,4092.2978691174094,74682.62054037415,4092.2978691174094,4092.2978691174094,4092.2978691174094,1034.4332157439067
cma,bbob_f020_i78_d20,20,20,78,1,pass,156.91546777334327,2083.87731562486,156.91546777334327,87.60983943817841,87.11569821361657,86.95912967640727
cma,bbob_f020_i78_d20,20,20,78,1,contract,156.91546777334327,370.09198222018983,156.91546777334327,87.60983943817841,87.53983185150594,86.7742764368619
cma,bbob_f020_i78_d20,20,20,78,1,reflect,156.91546777334327,1434.6359734862451,156.91546777334327,87.60983943817841,87.60983943817841,86.81346171494928
de,bbob_f021_i77_d20,21,20,77,0,pass,22.03966530429293,37.09094422196382,22.03966530429293,22.03966530429293,22.03966530429293,22.03966530429293
de,bbob_f021_i77_d20,21,20,77,0,contract,22.03966530429293,35.21242954645954,22.03966530429293,22.03966530429293,22.03966530429293,22.03966530429293
de,bbob_f021_i77_d20,21,20,77,0,reflect,22.03966530429293,37.83575463790054,22.03966530429293,22.03966530429293,22.03966530429293,22.03966530429293
pso,bbob_f021_i77_d20,21,20,77,0,pass,-24.977513409172754,24.95726907944438,-24.977513409172754,-24.977513409172754,-27.758652945585737,-38.2960226212669
pso,bbob_f021_i77_d20,21,20,77,0,contract,-24.977513409172754,7.636634607160808,-24.977513409172754,-24.977513409172754,-27.758652945585737,-38.2960226212669
pso,bbob_f021_i77_d20,21,20,77,0,reflect,-24.977513409172754,28.94787564882244,-24.977513409172754,-24.977513409172754,-27.758652945585737,-38.2960226212669
cma,bbob_f021_i77_d20,21,20,77,0,pass,-35.72806177062165,-27.471440109833964,-35.72806177062165,-35.72806177062165,-35.913373021600734,-38.47794003937155
cma,bbob_f021_i77_d20,21,20,77,0,contract,-35.72806177062165,-32.540971258959416,-35.72806177062165,-35.72806177062165,-35.72806177062165,-38.60028257251123
cma,bbob_f021_i77_d20,21,20,77,0,reflect,-35.72806177062165,-24.11018180118728,-35.72806177062165,-35.72806177062165,-35.72806177062165,-38.559214995218895
de,bbob_f021_i77_d20,21,20,77,1,pass,28.218381994584725,35.02772142793267,28.218381994584725,28.218381994584725,28.218381994584725,18.305098893397222
de,bbob_f021_i77_d20,21,20,77,1,contract,28.218381994584725,35.419641749551495,28.218381994584725,28.218381994584725,28.218381994584725,18.305098893397222
de,bbob_f021_i77_d20,21,20,77,1,reflect,28.218381994584725,37.83657101917121,28.218381994584725,28.218381994584725,28.218381994584725,18.305098893397222
pso,bbob_f021_i77_d20,21,20,77,1,pass,-2.3033978893841933,23.488967059812914,-2.3033978893841933,-2.3033978893841933,-2.3033978893841933,-23.334970360634994
pso,bbob_f021_i77_d20,21,20,77,1,contract,-2.3033978893841933,6.42885814111991,-2.3033978893841933,-2.3033978893841933,-2.3033978893841933,-23.334970360634994
pso,bbob_f021_i77_d20,21,20,77,1,reflect,-2.3033978893841933,24.76072519003133,-2.3033978893841933,-2.3033978893841933,-2.3033978893841933,-23.533907793233098
cma,bbob_f021_i77_d20,21,20,77,1,pass,-33.570322618625674,-28.863681683349746,-33.570322618625674,-33.580953114349505,-34.77038025505981,-38.51609312956319
cma,bbob_f021_i77_d20,21,20,77,1,contract,-33.570322618625674,-32.41421005056171,-33.570322618625674,-33.570322618625674,-35.99739285497881,-38.51577777890349
cma,bbob_f021_i77_d20,21,20,77,1,reflect,-33.570322618625674,-23.667497840334008,-33.570322618625674,-33.570322618625674,-35.69973383980378,-38.5301224678587
de,bbob_f021_i78_d20,21,20,78,0,pass,103.45490274244045,113.37071963095774,103.45490274244045,103.45490274244045,103.45490274244045,97.95347989445507
de,bbob_f021_i78_d20,21,20,78,0,contract,103.45490274244045,111.52404986071419,103.45490274244045,103.45490274244045,103.45490274244045,97.95347989445507
de,bbob_f021_i78_d20,21,20,78,0,reflect,103.45490274244045,112.70434769823436,103.45490274244045,103.45490274244045,103.45490274244045,97.95347989445507
pso,bbob_f021_i78_d20,21,20,78,0,pass,93.19308361720279,105.41015950663919,93.19308361720279,90.45515453143992,87.15136059775713,80.20687504773055
pso,bbob_f021_i78_d20,21,20,78,0,contract,93.19308361720279,97.11638933220794,93.19308361720279,90.45515453143992,87.15136059775713,80.20687504773055
pso,bbob_f021_i78_d20,21,20,78,0,reflect,93.19308361720279,111.46671072863063,93.19308361720279,90.45515453143992,87.15136059775713,80.20687504773055
cma,bbob_f021_i78_d20,21,20,78,0,pass,36.4348638441849,47.93907884019548,36.4348638441849,35.41455524116827,33.697509031248124,31.01655849355051
cma,bbob_f021_i78_d20,21,20,78,0,contract,36.4348638441849,39.11150842907099,36.4348638441849,35.41455524116827,34.86022863253376,31.18302795274885
cma,bbob_f021_i78_d20,21,20,78,0,reflect,36.4348638441849,43.80549447647783,36.4348638441849,35.41455524116827,33.66544177819598,31.064164994146438
de,bbob_f021_i78_d20,21,20,78,1,pass,104.7976962588475,112.93654294909278,104.7976962588475,104.7976962588475,103.63169113544669,99.90495431657142
de,bbob_f021_i78_d20,21,20,78,1,contract,104.7976962588475,110.53766571781547,104.7976962588475,104.7976962588475,103.63169113544669,99.38585709351888
de,bbob_f021_i78_d20,21,20,78,1,reflect,104.7976962588475,113.99669241803043,104.7976962588475,104.7976962588475,103.63169113544669,99.90495431657142
pso,bbob_f021_i78_d20,21,20,78,1,pass,62.05497439128976,92.88655193726343,62.05497439128976,62.05497439128976,58.709559799358814,39.02740328864934
pso,bbob_f021_i78_d20,21,20,78,1,contract,62.05497439128976,68.98216779249692,62.05497439128976,62.05497439128976,58.709559799358814,39.02740328864934
pso,bbob_f021_i78_d20,21,20,78,1,reflect,62.05497439128976,112.04066599469135,62.05497439128976,62.05497439128976,58.709559799358814,39.02740328864934
cma,bbob_f021_i78_d20,21,20,78,1,pass,82.7437121024961,88.17217684947472,82.7437121024961,80.87610803691166,76.11579250044991,66.45898007183492
cma,bbob_f021_i78_d20,21,20,78,1,contract,82.7437121024961,83.84526194484506,82.7437121024961,79.64669589188945,75.57995848145377,66.69741640254597
cma,bbob_f021_i78_d20,21,20,78,1,reflect,82.7437121024961,89.17516909404883,82.7437121024961,79.3787732172172,77.4738051457996,66.84068285189689
de,bbob_f022_i77_d20,22,20,77,0,pass,1074.4166614416213,1086.2158186376505,1074.4166614416213,1074.4166614416213,1073.353212491741,1071.704127819313
de,bbob_f022_i77_d20,22,20,77,0,contract,1074.4166614416213,1085.0787182263546,1074.4166614416213,1074.4166614416213,1073.353212491741,1071.704127819313
de,bbob_f022_i77_d20,22,20,77,0,reflect,1074.4166614416213,1086.402402111429,1074.4166614416213,1074.4166614416213,1073.353212491741,1071.704127819313
pso,bbob_f022_i77_d20,22,20,77,0,pass,1045.6911407308382,1065.2640287348752,1045.6911407308382,1026.183185766223,1026.183185766223,1020.5060816968956
pso,bbob_f022_i77_d20,22,20,77,0,contract,1045.6911407308382,1050.900095881866,1045.6911407308382,1026.183185766223,1026.183185766223,1020.5060816968956
pso,bbob_f022_i77_d20,22,20,77,0,reflect,1045.6911407308382,1086.4066921876893,1045.6911407308382,1026.183185766223,1026.183185766223,1020.5060816968956
cma,bbob_f022_i77_d20,22,20,77,0,pass,1011.8061590639379,1021.6175223072693,1011.8061590639379,1011.8061590639379,1011.5740793146583,1008.8020622541341
cma,bbob_f022_i77_d20,22,20,77,0,contract,1011.8061590639379,1014.6326712709208,1011.8061590639379,1011.8061590639379,1011.5544611037416,1008.82063401312
cma,bbob_f022_i77_d20,22,20,77,0,reflect,1011.8061590639379,1017.3757279143915,1011.8061590639379,1011.8061590639379,1010.4525857307856,1008.8438815488187
de,bbob_f022_i77_d20,22,20,77,1,pass,1076.8102156776145,1086.0931591717253,1076.8102156776145,1076.8102156776145,1073.2002750916968,1073.2002750916968
de,bbob_f022_i77_d20,22,20,77,1,contract,1076.8102156776145,1083.8052548682842,1076.8102156776145,1076.8102156776145,1073.2002750916968,1073.2002750916968
de,bbob_f022_i77_d20,22,20,77,1,reflect,1076.8102156776145,1086.5537399389696,1076.8102156776145,1076.8102156776145,1073.2002750916968,1073.2002750916968
pso,bbob_f022_i77_d20,22,20,77,1,pass,1065.014268341398,1076.290009554182,1065.014268341398,1065.014268341398,1060.5344165151162,1048.8237161696622
pso,bbob_f022_i77_d20,22,20,77,1,contract,1065.014268341398,1070.4570117015892,1065.014268341398,1065.014268341398,1060.5344165151162,1048.8237161696622
pso,bbob_f022_i77_d20,22,20,77,1,reflect,1065.014268341398,1085.986843336211,1065.014268341398,1065.014268341398,1060.5344165151162,1048.8237161696622
cma,bbob_f022_i77_d20,22,20,77,1,pass,1013.8635713386176,1016.8921087146665,1013.8635713386176,1012.6239794254446,1011.9530927665957,1008.89982924948
cma,bbob_f022_i77_d20,22,20,77,1,contract,1013.8635713386176,1013.0135305388497,1013.0135305388497,1013.0135305388497,1010.9631243445334,1008.8388317113614
cma,bbob_f022_i77_d20,22,20,77,1,reflect,1013.8635713386176,1023.9520842278528,1013.8635713386176,1013.8635713386176,1012.2338539450176,1008.8091119660476
de,bbob_f022_i78_d20,22,20,78,0,pass,-34.99762818103325,-21.422322676351143,-34.99762818103325,-34.99762818103325,-34.99762818103325,-34.99762818103325
de,bbob_f022_i78_d20,22,20,78,0,contract,-34.99762818103325,-21.855036172414373,-34.99762818103325,-34.99762818103325,-34.99762818103325,-34.99762818103325
de,bbob_f022_i78_d20,22,20,78,0,reflect,-34.99762818103325,-21.52049645478138,-34.99762818103325,-34.99762818103325,-34.99762818103325,-34.99762818103325
pso,bbob_f022_i78_d20,22,20,78,0,pass,-59.66629017935665,-33.2702748591758,-59.66629017935665,-62.71032871863505,-62.71032871863505,-70.6378663441835
pso,bbob_f022_i78_d20,22,20,78,0,contract,-59.66629017935665,-43.040560841901936,-59.66629017935665,-62.71032871863505,-62.71032871863505,-70.6378663441835
pso,bbob_f022_i78_d20,22,20,78,0,reflect,-59.66629017935665,-24.220875697123873,-59.66629017935665,-62.71032871863505,-62.71032871863505,-70.6378663441835
cma,bbob_f022_i78_d20,22,20,78,0,pass,-103.44089975109374,-98.11532293799408,-103.44089975109374,-103.44089975109374,-103.44089975109374,-105.94160046803478
cma,bbob_f022_i78_d20,22,20,78,0,contract,-103.44089975109374,-104.8779642889487,-104.8779642889487,-104.8779642889487,-104.8779642889487,-105.97341385297459
cma,bbob_f022_i78_d20,22,20,78,0,reflect,-103.44089975109374,-82.05425349714403,-103.44089975109374,-103.44089975109374,-103.44089975109374,-105.95781671598087
de,bbob_f022_i78_d20,22,20,78,1,pass,-34.105390553018,-21.504018532471676,-34.105390553018,-34.105390553018,-34.105390553018,-38.2504340380592
de,bbob_f022_i78_d20,22,20,78,1,contract,-34.105390553018,-23.30081086964701,-34.105390553018,-34.105390553018,-34.105390553018,-38.2504340380592
de,bbob_f022_i78_d20,22,20,78,1,reflect,-34.105390553018,-21.521987949689134,-34.105390553018,-34.105390553018,-34.105390553018,-38.2504340380592
pso,bbob_f022_i78_d20,22,20,78,1,pass,-57.891238639475745,-38.159027047147006,-57.891238639475745,-57.891238639475745,-59.463445269304245,-70.61210570520714
pso,bbob_f022_i78_d20,22,20,78,1,contract,-57.891238639475745,-47.70019362445924,-57.891238639475745,-57.891238639475745,-59.463445269304245,-68.74777290566414
pso,bbob_f022_i78_d20,22,20,78,1,reflect,-57.891238639475745,-25.31017778395602,-57.891238639475745,-57.891238639475745,-59.463445269304245,-70.61210570520714
cma,bbob_f022_i78_d20,22,20,78,1,pass,-97.52397459528962,-96.11732998402671,-97.52397459528962,-97.52397459528962,-97.81995777006368,-99.15462840598364
cma,bbob_f022_i78_d20,22,20,78,1,contract,-97.52397459528962,-97.49584915286374,-97.52397459528962,-97.73099251536705,-98.54961068680608,-99.15187147570174
cma,bbob_f022_i78_d20,22,20,78,1,reflect,-97.52397459528962,-94.4645680556211,-97.52397459528962,-97.52397459528962,-98.08851895706346,-99.17276769927011
de,bbob_f023_i77_d20,23,20,77,0,pass,58.72282877246434,60.124804097448234,58.72282877246434,58.72282877246434,58.72282877246434,58.72282877246434
de,bbob_f023_i77_d20,23,20,77,0,contract,58.72282877246434,68.62964859806358,58.72282877246434,58.72282877246434,58.72282877246434,58.72282877246434
de,bbob_f023_i77_d20,23,20,77,0,reflect,58.72282877246434,63.48771366016644,58.72282877246434,58.72282877246434,58.72282877246434,58.72282877246434
pso,bbob_f023_i77_d20,23,20,77,0,pass,58.22678866182935,75.06573320587248,58.22678866182935,58.22678866182935,58.22678866182935,58.22678866182935
pso,bbob_f023_i77_d20,23,20,77,0,contract,58.22678866182935,61.44631273028547,58.22678866182935,58.22678866182935,58.22678866182935,58.22678866182935
pso,bbob_f023_i77_d20,23,20,77,0,reflect,58.22678866182935,69.80282647981932,58.22678866182935,58.22678866182935,58.22678866182935,58.22678866182935
cma,bbob_f023_i77_d20,23,20,77,0,pass,58.63740639046207,65.75907287629809,58.63740639046207,58.63740639046207,58.63740639046207,58.63740639046207
cma,bbob_f023_i77_d20,23,20,77,0,contract,58.63740639046207,72.2962867902911,58.63740639046207,58.63740639046207,58.63740639046207,58.355690098937956
cma,bbob_f023_i77_d20,23,20,77,0,reflect,58.63740639046207,69.65372697270976,58.63740639046207,58.63740639046207,58.63740639046207,58.63740639046207
de,bbob_f023_i77_d20,23,20,77,1,pass,58.0082186435505,65.94383773958268,58.0082186435505,58.0082186435505,58.0082186435505,58.0082186435505
de,bbob_f023_i77_d20,23,20,77,1,contract,58.0082186435505,64.19732083624108,58.0082186435505,58.0082186435505,58.0082186435505,58.0082186435505
de,bbob_f023_i77_d20,23,20,77,1,reflect,58.0082186435505,77.85832536696574,58.0082186435505,58.0082186435505,58.0082186435505,58.0082186435505
pso,bbob_f023_i77_d20,23,20,77,1,pass,58.0082186435505,65.44786984177631,58.0082186435505,58.0082186435505,58.0082186435505,58.0082186435505
pso,bbob_f023_i77_d20,23,20,77,1,contract,58.0082186435505,81.15263297484857,58.0082186435505,58.0082186435505,58.0082186435505,58.0082186435505
pso,bbob_f023_i77_d20,23,20,77,1,reflect,58.0082186435505,62.22868768065966,58.0082186435505,58.0082186435505,58.0082186435505,58.0082186435505
cma,bbob_f023_i77_d20,23,20,77,1,pass,58.24930462161481,70.54379055640825,58.24930462161481,58.24930462161481,58.24930462161481,58.24930462161481
cma,bbob_f023_i77_d20,23,20,77,1,contract,58.24930462161481,68.26934764662768,58.24930462161481,58.24930462161481,58.24930462161481,58.24930462161481
cma,bbob_f023_i77_d20,23,20,77,1,reflect,58.24930462161481,70.1684550698276,58.24930462161481,58.24930462161481,58.24930462161481,58.24930462161481
de,bbob_f023_i78_d20,23,20,78,0,pass,143.74517179881843,156.68303215503215,143.74517179881843,143.74517179881843,143.74517179881843,143.5587536244799
de,bbob_f023_i78_d20,23,20,78,0,contract,143.74517179881843,152.52545266624227,143.74517179881843,143.74517179881843,143.74517179881843,143.5587536244799
de,bbob_f023_i78_d20,23,20,78,0,reflect,143.74517179881843,156.18867316308862,143.74517179881843,143.74517179881843,143.74517179881843,143.5587536244799
pso,bbob_f023_i78_d20,23,20,78,0,pass,143.46634446486223,160.41456206053527,143.46634446486223,143.46634446486223,143.46634446486223,143.46634446486223
pso,bbob_f023_i78_d20,23,20,78,0,contract,143.46634446486223,158.32252703602117,143.46634446486223,143.46634446486223,143.46634446486223,143.46634446486223
pso,bbob_f023_i78_d20,23,20,78,0,reflect,143.46634446486223,154.10701255528977,143.46634446486223,143.46634446486223,143.46634446486223,143.46634446486223
cma,bbob_f023_i78_d20,23,20,78,0,pass,143.39657239173812,149.3301037712464,143.39657239173812,143.39657239173812,143.39657239173812,143.39657239173812
cma,bbob_f023_i78_d20,23,20,78,0,contract,143.39657239173812,158.83120080489996,143.39657239173812,143.39657239173812,143.39657239173812,143.39657239173812
cma,bbob_f023_i78_d20,23,20,78,0,reflect,143.39657239173812,155.07685917752067,143.39657239173812,143.39657239173812,143.39657239173812,143.39657239173812
de,bbob_f023_i78_d20,23,20,78,1,pass,145.002013095707,160.48145282524902,145.002013095707,145.002013095707,145.002013095707,143.24828461988292
de,bbob_f023_i78_d20,23,20,78,1,contract,145.002013095707,154.81051226897426,145.002013095707,145.002013095707,145.002013095707,143.24828461988292
de,bbob_f023_i78_d20,23,20,78,1,reflect,145.002013095707,149.04761884730712,145.002013095707,145.002013095707,145.002013095707,143.24828461988292
pso,bbob_f023_i78_d20,23,20,78,1,pass,143.43004940036874,157.68430828176642,143.43004940036874,143.43004940036874,143.43004940036874,143.43004940036874
pso,bbob_f023_i78_d20,23,20,78,1,contract,143.43004940036874,164.35963200888662,143.43004940036874,143.43004940036874,143.43004940036874,143.43004940036874
pso,bbob_f023_i78_d20,23,20,78,1,reflect,143.43004940036874,153.46438113455645,143.43004940036874,143.43004940036874,143.43004940036874,143.43004940036874
cma,bbob_f023_i78_d20,23,20,78,1,pass,143.37008902186176,148.11863485734915,143.37008902186176,143.37008902186176,143.37008902186176,143.37008902186176
cma,bbob_f023_i78_d20,23,20,78,1,contract,143.37008902186176,158.12955158212745,143.37008902186176,143.37008902186176,143.37008902186176,143.37008902186176
cma,bbob_f023_i78_d20,23,20,78,1,reflect,143.37008902186176,150.50218518454085,143.37008902186176,143.37008902186176,143.37008902186176,142.9956707162013
de,bbob_f024_i77_d20,24,20,77,0,pass,417.2657126675809,1169.2350095602756,417.2657126675809,417.2657126675809,417.2657126675809,417.2657126675809
de,bbob_f024_i77_d20,24,20,77,0,contract,417.2657126675809,646.5290145989981,417.2657126675809,417.2657126675809,417.2657126675809,417.2657126675809
de,bbob_f024_i77_d20,24,20,77,0,reflect,417.2657126675809,1112.6215995894315,417.2657126675809,417.2657126675809,417.2657126675809,417.2657126675809
pso,bbob_f024_i77_d20,24,20,77,0,pass,297.2194624919872,539.5485981836359,297.2194624919872,297.2194624919872,297.2194624919872,246.17404450261583
pso,bbob_f024_i77_d20,24,20,77,0,contract,297.2194624919872,428.76807014172334,297.2194624919872,297.2194624919872,297.2194624919872,246.17404450261583
pso,bbob_f024_i77_d20,24,20,77,0,reflect,297.2194624919872,487.715941065562,297.2194624919872,297.2194624919872,297.2194624919872,246.17404450261583
cma,bbob_f024_i77_d20,24,20,77,0,pass,154.87708141843603,253.9285060781189,154.87708141843603,151.84495525100314,151.84495525100314,150.5102885269457
cma,bbob_f024_i77_d20,24,20,77,0,contract,154.87708141843603,186.42260026311695,154.87708141843603,151.84495525100314,145.70210385853306,115.6132062823479
cma,bbob_f024_i77_d20,24,20,77,0,reflect,154.87708141843603,215.19526437770816,154.87708141843603,151.84495525100314,147.49388206335968,124.78219100404397
de,bbob_f024_i77_d20,24,20,77,1,pass,457.5606605618174,982.6837133457338,457.5606605618174,457.5606605618174,457.5606605618174,432.7165561241362
de,bbob_f024_i77_d20,24,20,77,1,contract,457.5606605618174,554.4519750396412,457.5606605618174,457.5606605618174,457.5606605618174,432.7165561241362
de,bbob_f024_i77_d20,24,20,77,1,reflect,457.5606605618174,788.5149402776367,457.5606605618174,457.5606605618174,457.5606605618174,432.7165561241362
pso,bbob_f024_i77_d20,24,20,77,1,pass,264.79602487575096,488.3388726098899,264.79602487575096,264.79602487575096,264.79602487575096,237.12760659512992
pso,bbob_f024_i77_d20,24,20,77,1,contract,264.79602487575096,358.8576896786708,264.79602487575096,264.79602487575096,264.79602487575096,237.12760659512992
pso,bbob_f024_i77_d20,24,20,77,1,reflect,264.79602487575096,599.9158581538439,264.79602487575096,264.79602487575096,264.79602487575096,237.12760659512992
cma,bbob_f024_i77_d20,24,20,77,1,pass,151.51964963046626,273.22631115353647,151.51964963046626,151.51964963046626,151.51964963046626,146.7675712252078
cma,bbob_f024_i77_d20,24,20,77,1,contract,151.51964963046626,236.36505002300746,151.51964963046626,151.51964963046626,151.51964963046626,151.51964963046626
cma,bbob_f024_i77_d20,24,20,77,1,reflect,151.51964963046626,253.16326256688544,151.51964963046626,151.51964963046626,151.51964963046626,151.51964963046626
de,bbob_f024_i78_d20,24,20,78,0,pass,401.6017474534504,1016.1138528971326,401.6017474534504,401.6017474534504,401.6017474534504,401.6017474534504
de,bbob_f024_i78_d20,24,20,78,0,contract,401.6017474534504,613.7846299509058,401.6017474534504,401.6017474534504,401.6017474534504,401.6017474534504
de,bbob_f024_i78_d20,24,20,78,0,reflect,401.6017474534504,864.9188283021778,401.6017474534504,401.6017474534504,401.6017474534504,401.6017474534504
pso,bbob_f024_i78_d20,24,20,78,0,pass,234.07594266224302,383.49600465770635,234.07594266224302,234.07594266224302,213.13688904739033,197.18666734135
pso,bbob_f024_i78_d20,24,20,78,0,contract,234.07594266224302,342.23415843361346,234.07594266224302,234.07594266224302,213.13688904739033,197.18666734135
pso,bbob_f024_i78_d20,24,20,78,0,reflect,234.07594266224302,661.8074873728286,234.07594266224302,234.07594266224302,213.13688904739033,197.18666734135
cma,bbob_f024_i78_d20,24,20,78,0,pass,144.23750672374356,296.3197217533829,144.23750672374356,144.23750672374356,144.23750672374356,112.67555662151531
cma,bbob_f024_i78_d20,24,20,78,0,contract,144.23750672374356,243.37996406977956,144.23750672374356,144.23750672374356,144.23750672374356,139.26609316215908
cma,bbob_f024_i78_d20,24,20,78,0,reflect,144.23750672374356,292.3783118770074,144.23750672374356,144.23750672374356,144.23750672374356,136.60082389059855
de,bbob_f024_i78_d20,24,20,78,1,pass,445.0607075942671,659.7293935299749,445.0607075942671,445.0607075942671,445.0607075942671,327.15848503718365
de,bbob_f024_i78_d20,24,20,78,1,contract,445.0607075942671,441.3891193583523,441.3891193583523,441.3891193583523,441.3891193583523,327.15848503718365
de,bbob_f024_i78_d20,24,20,78,1,reflect,445.0607075942671,915.5375379116181,445.0607075942671,445.0607075942671,445.0607075942671,327.15848503718365
pso,bbob_f024_i78_d20,24,20,78,1,pass,251.06500121716496,496.4934431975801,251.06500121716496,251.06500121716496,251.06500121716496,222.52850926688714
pso,bbob_f024_i78_d20,24,20,78,1,contract,251.06500121716496,358.0343600431189,251.06500121716496,251.06500121716496,251.06500121716496,222.52850926688714
pso,bbob_f024_i78_d20,24,20,78,1,reflect,251.06500121716496,673.4913765839061,251.06500121716496,251.06500121716496,251.06500121716496,222.52850926688714
cma,bbob_f024_i78_d20,24,20,78,1,pass,136.62817466988605,287.0921332993734,136.62817466988605,121.87387636846509,121.87387636846509,106.3956128355758
cma,bbob_f024_i78_d20,24,20,78,1,contract,136.62817466988605,199.950044979218,136.62817466988605,121.87387636846509,116.24928226030059,95.32251159079809
cma,bbob_f024_i78_d20,24,20,78,1,reflect,136.62817466988605,227.94297306501724,136.62817466988605,121.87387636846509,121.87387636846509,107.39558057537849
