host,problem,function,dimension,instance,seed,action,baseline_best,first_f,best_h1,best_h10,best_h50,best_h100
de,bbob_f001_i71_d05,1,5,71,0,pass,197.64407205127213,216.48746627864767,197.64407205127213,197.64407205127213,188.10815494094803,188.10815494094803
de,bbob_f001_i71_d05,1,5,71,0,contract,197.64407205127213,200.81078316837718,197.64407205127213,197.64407205127213,192.75322857776962,186.10755137605446
de,bbob_f001_i71_d05,1,5,71,0,reflect,197.64407205127213,231.86869918469458,197.64407205127213,197.64407205127213,186.9543373541483,186.9543373541483
pso,bbob_f001_i71_d05,1,5,71,0,pass,186.70922423270517,187.65867319543503,186.70922423270517,186.44477932053982,184.20004642554707,183.1779680441798
pso,bbob_f001_i71_d05,1,5,71,0,contract,186.70922423270517,185.68141129274554,185.68141129274554,185.68141129274554,183.53628921633697,183.53628921633697
pso,bbob_f001_i71_d05,1,5,71,0,reflect,186.70922423270517,194.2168868184058,186.70922423270517,186.44477932053982,185.35020475531837,183.31037074334614
cma,bbob_f001_i71_d05,1,5,71,0,pass,183.69068050291767,183.93810557101452,183.69068050291767,183.09069717430052,183.040981231183,183.02736316605836
cma,bbob_f001_i71_d05,1,5,71,0,contract,183.69068050291767,183.56375507394358,183.56375507394358,183.11008113713248,183.07916159592847,183.01838328333255
cma,bbob_f001_i71_d05,1,5,71,0,reflect,183.69068050291767,186.08049843504517,183.69068050291767,183.69068050291767,183.0636845574437,183.01958333561862
de,bbob_f001_i71_d05,1,5,71,1,pass,186.89300507777472,201.51493385305224,186.89300507777472,186.89300507777472,186.89300507777472,186.89300507777472
de,bbob_f001_i71_d05,1,5,71,1,contract,186.89300507777472,190.26622401079314,186.89300507777472,186.89300507777472,186.89300507777472,186.89300507777472
de,bbob_f001_i71_d05,1,5,71,1,reflect,186.89300507777472,216.51038469258845,186.89300507777472,186.89300507777472,186.89300507777472,185.18689449128948
pso,bbob_f001_i71_d05,1,5,71,1,pass,185.9770143234948,190.147292617148,185.9770143234948,185.9770143234948,183.80751366153413,183.80751366153413
pso,bbob_f001_i71_d05,1,5,71,1,contract,185.9770143234948,186.72772020232674,185.9770143234948,185.9770143234948,183.80751366153413,183.80751366153413
pso,bbob_f001_i71_d05,1,5,71,1,reflect,185.9770143234948,214.70748767511324,185.9770143234948,185.9770143234948,183.80751366153413,183.80751366153413
cma,bbob_f001_i71_d05,1,5,71,1,pass,183.47346375322434,184.4273655957494,183.47346375322434,183.47346375322434,183.02318029332267,183.02318029332267
cma,bbob_f001_i71_d05,1,5,71,1,contract,183.47346375322434,183.38351885690122,183.38351885690122,183.38351885690122,183.10743395628728,183.04019966150943
cma,bbob_f001_i71_d05,1,5,71,1,reflect,183.47346375322434,187.27827184749935,183.47346375322434,183.47346375322434,183.05657815374678,183.02595880729857
de,bbob_f001_i72_d05,1,5,72,0,pass,190.68263742369376,260.43176438135396,190.68263742369376,190.50120166940388,188.0033090686882,187.5453763828136
de,bbob_f001_i72_d05,1,5,72,0,contract,190.68263742369376,216.11174530574044,190.68263742369376,190.50120166940388,188.0033090686882,187.5453763828136
de,bbob_f001_i72_d05,1,5,72,0,reflect,190.68263742369376,229.48238655043411,190.68263742369376,190.50120166940388,188.0033090686882,187.5453763828136
pso,bbob_f001_i72_d05,1,5,72,0,pass,184.41498689884145,201.91161435986356,184.41498689884145,184.41498689884145,184.41498689884145,183.93165198119104
pso,bbob_f001_i72_d05,1,5,72,0,contract,184.41498689884145,188.4617048267532,184.41498689884145,184.41498689884145,184.41498689884145,183.93165198119104
pso,bbob_f001_i72_d05,1,5,72,0,reflect,184.41498689884145,258.483564595344,184.41498689884145,184.41498689884145,184.41498689884145,183.93165198119104
cma,bbob_f001_i72_d05,1,5,72,0,pass,184.20776902574093,184.57098526556422,184.20776902574093,184.20776902574093,183.55429765431248,183.52823029861972
cma,bbob_f001_i72_d05,1,5,72,0,contract,184.20776902574093,184.19670277699322,184.19670277699322,184.19670277699322,183.6082280962745,183.55368683008373
cma,bbob_f001_i72_d05,1,5,72,0,reflect,184.20776902574093,184.90086886168396,184.20776902574093,184.20776902574093,183.58539222756238,183.5453930507791
de,bbob_f001_i72_d05,1,5,72,1,pass,189.10334402483537,218.30876144227454,189.10334402483537,189.10334402483537,188.96210600224282,186.51597228161702
de,bbob_f001_i72_d05,1,5,72,1,contract,189.10334402483537,192.98447115502057,189.10334402483537,189.10334402483537,188.96210600224282,186.6537720063454
de,bbob_f001_i72_d05,1,5,72,1,reflect,189.10334402483537,299.61188169176097,189.10334402483537,189.10334402483537,188.96210600224282,187.4702744325544
pso,bbob_f001_i72_d05,1,5,72,1,pass,184.81612052214234,187.98199160345754,184.81612052214234,184.81612052214234,183.85407825894106,183.85407825894106
pso,bbob_f001_i72_d05,1,5,72,1,contract,184.81612052214234,184.7695846997894,184.7695846997894,184.65464741301105,183.90357575092,183.90357575092
pso,bbob_f001_i72_d05,1,5,72,1,reflect,184.81612052214234,194.43289245621503,184.81612052214234,184.81612052214234,183.85407825894106,183.85407825894106
cma,bbob_f001_i72_d05,1,5,72,1,pass,184.0919598929342,185.9058771886628,184.0919598929342,184.0919598929342,183.59065205348975,183.56369972658413
cma,bbob_f001_i72_d05,1,5,72,1,contract,184.0919598929342,184.66219228426547,184.0919598929342,184.0919598929342,184.0919598929342,183.5593799148774
cma,bbob_f001_i72_d05,1,5,72,1,reflect,184.0919598929342,184.9981543826803,184.0919598929342,184.0919598929342,183.58573634556166,183.5401987928765
de,bbob_f002_i71_d05,2,5,71,0,pass,49272.323570372326,570091.2872001801,49272.323570372326,47615.43986420056,6539.8460053230865,6539.8460053230865
de,bbob_f002_i71_d05,2,5,71,0,contract,49272.323570372326,140694.6297065842,49272.323570372326,49272.323570372326,6539.8460053230865,6539.8460053230865
de,bbob_f002_i71_d05,2,5,71,0,reflect,49272.323570372326,1954865.6825376803,49272.323570372326,49272.323570372326,6539.8460053230865,6539.8460053230865
pso,bbob_f002_i71_d05,2,5,71,0,pass,4412.63331017841,1064568.0470321162,4412.63331017841,4158.98657263053,4158.98657263053,1596.4452456905778
pso,bbob_f002_i71_d05,2,5,71,0,contract,4412.63331017841,289633.47069184424,4412.63331017841,4158.98657263053,4158.98657263053,1596.4452456905778
pso,bbob_f002_i71_d05,2,5,71,0,reflect,4412.63331017841,13333918.44642953,4412.63331017841,4158.98657263053,4158.98657263053,1596.4452456905778
cma,bbob_f002_i71_d05,2,5,71,0,pass,29352.689702806416,516654.0057109883,29352.689702806416,21923.664140612695,14507.245218483933,274.03648337440325
cma,bbob_f002_i71_d05,2,5,71,0,contract,29352.689702806416,193099.44050837753,29352.689702806416,21923.664140612695,6192.852193439995,1999.7383337941114
cma,bbob_f002_i71_d05,2,5,71,0,reflect,29352.689702806416,92404.08590655151,29352.689702806416,6575.603822560086,6575.603822560086,1250.5807018225032
de,bbob_f002_i71_d05,2,5,71,1,pass,86110.50330219755,237964.7003247329,86110.50330219755,86110.50330219755,72614.08932981518,15735.036810914657
de,bbob_f002_i71_d05,2,5,71,1,contract,86110.50330219755,144275.27047669623,86110.50330219755,86110.50330219755,72614.08932981518,18398.187398807382
de,bbob_f002_i71_d05,2,5,71,1,reflect,86110.50330219755,452800.7098206427,86110.50330219755,86110.50330219755,70566.70921923997,3985.7394389933684
pso,bbob_f002_i71_d05,2,5,71,1,pass,27551.430448038896,25166.9921717174,25166.9921717174,25166.9921717174,22401.002078377234,13286.099570056067
pso,bbob_f002_i71_d05,2,5,71,1,contract,27551.430448038896,19484.12607090753,19484.12607090753,19484.12607090753,13382.030457117275,12914.225866561017
pso,bbob_f002_i71_d05,2,5,71,1,reflect,27551.430448038896,278613.23700898787,27551.430448038896,20411.388207441145,14327.470560748268,13063.28383408037
cma,bbob_f002_i71_d05,2,5,71,1,pass,28034.78636304685,80812.71497587938,28034.78636304685,19569.251560466346,2831.300832231589,1913.1192985193309
cma,bbob_f002_i71_d05,2,5,71,1,contract,28034.78636304685,70398.62281485688,28034.78636304685,18986.370110726224,6380.4936840921,2644.3922567447044
cma,bbob_f002_i71_d05,2,5,71,1,reflect,28034.78636304685,165313.65002552338,28034.78636304685,24342.36483335424,16124.415337965895,4117.727075942627
de,bbob_f002_i72_d05,2,5,72,0,pass,103802.83658707986,1474379.686273059,103802.83658707986,67046.73772076365,9365.366907971455,5314.396087848183
de,bbob_f002_i72_d05,2,5,72,0,contract,103802.83658707986,392356.8497574638,103802.83658707986,67046.73772076365,9365.366907971455,5314.396087848183
de,bbob_f002_i72_d05,2,5,72,0,reflect,103802.83658707986,1219214.6414369852,103802.83658707986,67046.73772076365,9365.366907971455,5314.396087848183
pso,bbob_f002_i72_d05,2,5,72,0,pass,3134.178685671854,75664.44895976629,3134.178685671854,3134.178685671854,3134.178685671854,3134.178685671854
pso,bbob_f002_i72_d05,2,5,72,0,contract,3134.178685671854,23464.24414487829,3134.178685671854,3134.178685671854,3134.178685671854,3134.178685671854
pso,bbob_f002_i72_d05,2,5,72,0,reflect,3134.178685671854,3327762.307354352,3134.178685671854,3134.178685671854,3134.178685671854,3134.178685671854
cma,bbob_f002_i72_d05,2,5,72,0,pass,7126.399848287912,428020.90461184236,7126.399848287912,7126.399848287912,7126.399848287912,6098.045453627243
cma,bbob_f002_i72_d05,2,5,72,0,contract,7126.399848287912,140238.4551474096,7126.399848287912,7126.399848287912,4265.032264608415,2638.4119415632617
cma,bbob_f002_i72_d05,2,5,72,0,reflect,7126.399848287912,27724.954091182353,7126.399848287912,7126.399848287912,7126.399848287912,666.7584117012543
de,bbob_f002_i72_d05,2,5,72,1,pass,54716.03563522467,2979936.7724820226,54716.03563522467,54716.03563522467,54716.03563522467,8570.23707047015
de,bbob_f002_i72_d05,2,5,72,1,contract,54716.03563522467,777340.5537734122,54716.03563522467,54716.03563522467,54716.03563522467,28536.519908078753
de,bbob_f002_i72_d05,2,5,72,1,reflect,54716.03563522467,2342319.498648755,54716.03563522467,54716.03563522467,54716.03563522467,8570.23707047015
pso,bbob_f002_i72_d05,2,5,72,1,pass,24755.342261398295,4890984.049969594,24755.342261398295,8009.059381679304,8009.059381679304,5808.0782787321805
pso,bbob_f002_i72_d05,2,5,72,1,contract,24755.342261398295,1971655.8498744736,24755.342261398295,8009.059381679304,8009.059381679304,5808.0782787321805
pso,bbob_f002_i72_d05,2,5,72,1,reflect,24755.342261398295,100402.5639641838,24755.342261398295,8009.059381679304,8009.059381679304,5808.0782787321805
cma,bbob_f002_i72_d05,2,5,72,1,pass,22003.914708989076,56584.55506577072,22003.914708989076,22003.914708989076,3862.5865320669477,1343.438393023323
cma,bbob_f002_i72_d05,2,5,72,1,contract,22003.914708989076,49186.19556591626,22003.914708989076,22003.914708989076,6555.4068152485615,2036.9506308678992
cma,bbob_f002_i72_d05,2,5,72,1,reflect,22003.914708989076,38829.16261666697,22003.914708989076,22003.914708989076,17664.572070091686,4132.899467161611
de,bbob_f003_i71_d05,3,5,71,0,pass,45.08714853649644,231.20708359585495,45.08714853649644,45.08714853649644,33.11128485015668,18.77289844422122
de,bbob_f003_i71_d05,3,5,71,0,contract,45.08714853649644,93.47132202923483,45.08714853649644,45.08714853649644,38.755692326133115,12.12204677742892
de,bbob_f003_i71_d05,3,5,71,0,reflect,45.08714853649644,221.2847279211025,45.08714853649644,45.08714853649644,34.30981065975429,10.673839852753837
pso,bbob_f003_i71_d05,3,5,71,0,pass,3.5047922438889714,39.19385186586614,3.5047922438889714,-1.457677312088805,-8.273235280701265,-9.097051403982839
pso,bbob_f003_i71_d05,3,5,71,0,contract,3.5047922438889714,12.01377869598332,3.5047922438889714,-1.457677312088805,-8.273235280701265,-9.097051403982839
pso,bbob_f003_i71_d05,3,5,71,0,reflect,3.5047922438889714,204.14396105185318,3.5047922438889714,-1.457677312088805,-8.273235280701265,-9.097051403982839
cma,bbob_f003_i71_d05,3,5,71,0,pass,-11.138295653876732,51.63761091655316,-11.138295653876732,-11.138295653876732,-15.677393651442035,-15.677393651442035
cma,bbob_f003_i71_d05,3,5,71,0,contract,-11.138295653876732,4.2993150497308505,-11.138295653876732,-11.138295653876732,-11.776886671900826,-11.776886671900826
cma,bbob_f003_i71_d05,3,5,71,0,reflect,-11.138295653876732,39.87161199246202,-11.138295653876732,-11.138295653876732,-15.380710481173576,-15.598168196771798
de,bbob_f003_i71_d05,3,5,71,1,pass,15.438779934833335,183.7151777480396,15.438779934833335,0.65719313200767,0.65719313200767,0.65719313200767
de,bbob_f003_i71_d05,3,5,71,1,contract,15.438779934833335,61.48520349685188,15.438779934833335,0.65719313200767,0.65719313200767,0.65719313200767
de,bbob_f003_i71_d05,3,5,71,1,reflect,15.438779934833335,288.23006369137784,15.438779934833335,0.65719313200767,0.65719313200767,0.65719313200767
pso,bbob_f003_i71_d05,3,5,71,1,pass,7.7631851003422625,70.17382297026377,7.7631851003422625,7.7631851003422625,-3.276869581149896,-3.276869581149896
pso,bbob_f003_i71_d05,3,5,71,1,contract,7.7631851003422625,49.55928203077471,7.7631851003422625,7.7631851003422625,-3.276869581149896,-3.276869581149896
pso,bbob_f003_i71_d05,3,5,71,1,reflect,7.7631851003422625,51.06578162687022,7.7631851003422625,7.7631851003422625,-3.276869581149896,-3.276869581149896
cma,bbob_f003_i71_d05,3,5,71,1,pass,6.2807686064115344,62.973285695000655,6.2807686064115344,6.2807686064115344,4.226817487085334,-14.130701307960756
cma,bbob_f003_i71_d05,3,5,71,1,contract,6.2807686064115344,41.26776282825347,6.2807686064115344,2.6281560607177283,-24.712188521374316,-24.712188521374316
cma,bbob_f003_i71_d05,3,5,71,1,reflect,6.2807686064115344,18.982174810143512,6.2807686064115344,6.2807686064115344,-14.974877410643284,-14.974877410643284
de,bbob_f003_i72_d05,3,5,72,0,pass,115.34417521937945,173.1562086660111,115.34417521937945,115.34417521937945,70.03901289068293,70.03901289068293
de,bbob_f003_i72_d05,3,5,72,0,contract,115.34417521937945,95.47430684399873,95.47430684399873,95.47430684399873,71.778768305122,71.778768305122
de,bbob_f003_i72_d05,3,5,72,0,reflect,115.34417521937945,196.52046674731963,115.34417521937945,115.34417521937945,70.03901289068293,70.03901289068293
pso,bbob_f003_i72_d05,3,5,72,0,pass,92.90465376327359,222.93976162286336,92.90465376327359,85.66597060971498,85.66597060971498,85.66597060971498
pso,bbob_f003_i72_d05,3,5,72,0,contract,92.90465376327359,134.04619140194427,92.90465376327359,85.66597060971498,85.66597060971498,85.66597060971498
pso,bbob_f003_i72_d05,3,5,72,0,reflect,92.90465376327359,455.89167212692774,92.90465376327359,85.66597060971498,85.66597060971498,85.66597060971498
cma,bbob_f003_i72_d05,3,5,72,0,pass,79.55817458424104,89.64358513239918,79.55817458424104,67.25117977145081,66.08061439336993,64.06420324519318
cma,bbob_f003_i72_d05,3,5,72,0,contract,79.55817458424104,85.93261090960749,79.55817458424104,67.25117977145081,52.9657226850985,52.9657226850985
cma,bbob_f003_i72_d05,3,5,72,0,reflect,79.55817458424104,109.0822144757594,79.55817458424104,67.25117977145081,67.25117977145081,67.25117977145081
de,bbob_f003_i72_d05,3,5,72,1,pass,138.59222792140716,694.5401028004042,138.59222792140716,121.66177489785795,114.42108145335965,114.42108145335965
de,bbob_f003_i72_d05,3,5,72,1,contract,138.59222792140716,250.42423306663798,138.59222792140716,121.66177489785795,114.42108145335965,114.42108145335965
de,bbob_f003_i72_d05,3,5,72,1,reflect,138.59222792140716,226.34792117187757,138.59222792140716,121.66177489785795,121.66177489785795,121.66177489785795
pso,bbob_f003_i72_d05,3,5,72,1,pass,104.47660802679965,122.40075174946668,104.47660802679965,104.47660802679965,101.31505017319222,97.66592577907772
pso,bbob_f003_i72_d05,3,5,72,1,contract,104.47660802679965,122.04170585057219,104.47660802679965,104.47660802679965,101.31505017319222,97.66592577907772
pso,bbob_f003_i72_d05,3,5,72,1,reflect,104.47660802679965,340.51225395442833,104.47660802679965,104.47660802679965,101.31505017319222,97.66592577907772
cma,bbob_f003_i72_d05,3,5,72,1,pass,105.38793177078819,102.90389642518113,102.90389642518113,95.15134953079874,69.77669892074826,61.20980732102901
cma,bbob_f003_i72_d05,3,5,72,1,contract,105.38793177078819,98.59444922215022,98.59444922215022,95.15134953079874,62.07703182081722,62.07703182081722
cma,bbob_f003_i72_d05,3,5,72,1,reflect,105.38793177078819,137.88342437483905,105.38793177078819,84.44553775547516,80.19854717044424,69.45667324041034
de,bbob_f004_i71_d05,4,5,71,0,pass,67.76057700878395,461.21651119374513,67.76057700878395,67.76057700878395,67.76057700878395,13.18479728890572
de,bbob_f004_i71_d05,4,5,71,0,contract,67.76057700878395,254.42878203876563,67.76057700878395,67.76057700878395,67.76057700878395,13.18479728890572
de,bbob_f004_i71_d05,4,5,71,0,reflect,67.76057700878395,16229.011444331765,67.76057700878395,67.76057700878395,67.76057700878395,13.18479728890572
pso,bbob_f004_i71_d05,4,5,71,0,pass,-23.403344570373193,2789.557551809191,-23.403344570373193,-23.403344570373193,-23.403344570373193,-23.403344570373193
pso,bbob_f004_i71_d05,4,5,71,0,contract,-23.403344570373193,940.158469128055,-23.403344570373193,-23.403344570373193,-23.403344570373193,-23.403344570373193
pso,bbob_f004_i71_d05,4,5,71,0,reflect,-23.403344570373193,2678.53661856025,-23.403344570373193,-23.403344570373193,-23.403344570373193,-23.403344570373193
cma,bbob_f004_i71_d05,4,5,71,0,pass,31.8143081743883,93.25840949270004,31.8143081743883,31.8143081743883,-1.7805732497529476,-1.7805732497529476
cma,bbob_f004_i71_d05,4,5,71,0,contract,31.8143081743883,74.0735026940532,31.8143081743883,31.8143081743883,-3.259454961186208,-5.494667928973243
cma,bbob_f004_i71_d05,4,5,71,0,reflect,31.8143081743883,449.5729445822235,31.8143081743883,31.8143081743883,31.8143081743883,7.7769434553289045
de,bbob_f004_i71_d05,4,5,71,1,pass,45.70445479372539,728.1423178185269,45.70445479372539,45.70445479372539,20.863512570586288,20.863512570586288
de,bbob_f004_i71_d05,4,5,71,1,contract,45.70445479372539,19.750880871215017,19.750880871215017,19.750880871215017,19.750880871215017,-0.510425990981723
de,bbob_f004_i71_d05,4,5,71,1,reflect,45.70445479372539,109.3233635214719,45.70445479372539,45.70445479372539,45.70445479372539,33.91436107514093
pso,bbob_f004_i71_d05,4,5,71,1,pass,15.690550587313155,67.28174307121962,15.690550587313155,15.690550587313155,-8.063043026126174,-8.063043026126174
pso,bbob_f004_i71_d05,4,5,71,1,contract,15.690550587313155,71.27170386729763,15.690550587313155,15.690550587313155,-8.063043026126174,-8.063043026126174
pso,bbob_f004_i71_d05,4,5,71,1,reflect,15.690550587313155,264.74127549873276,15.690550587313155,15.690550587313155,-8.063043026126174,-8.063043026126174
cma,bbob_f004_i71_d05,4,5,71,1,pass,-10.569374277297204,67.19328420264874,-10.569374277297204,-10.569374277297204,-10.569374277297204,-10.569374277297204
cma,bbob_f004_i71_d05,4,5,71,1,contract,-10.569374277297204,53.879069496001605,-10.569374277297204,-10.569374277297204,-10.569374277297204,-22.193219486398725
cma,bbob_f004_i71_d05,4,5,71,1,reflect,-10.569374277297204,223.59130181571555,-10.569374277297204,-10.569374277297204,-10.569374277297204,-10.569374277297204
de,bbob_f004_i72_d05,4,5,72,0,pass,158.25349906466133,708.9353198763141,158.25349906466133,78.96415771852693,78.96415771852693,78.96415771852693
de,bbob_f004_i72_d05,4,5,72,0,contract,158.25349906466133,309.20722644274855,158.25349906466133,78.96415771852693,78.96415771852693,78.00564827004791
de,bbob_f004_i72_d05,4,5,72,0,reflect,158.25349906466133,562.3588662886751,158.25349906466133,78.96415771852693,78.96415771852693,78.96415771852693
pso,bbob_f004_i72_d05,4,5,72,0,pass,60.644359359634585,2072.4668548613186,60.644359359634585,60.644359359634585,60.644359359634585,60.644359359634585
pso,bbob_f004_i72_d05,4,5,72,0,contract,60.644359359634585,287.0206123928821,60.644359359634585,60.644359359634585,60.644359359634585,60.644359359634585
pso,bbob_f004_i72_d05,4,5,72,0,reflect,60.644359359634585,2022.2130856682654,60.644359359634585,60.644359359634585,60.644359359634585,60.644359359634585
cma,bbob_f004_i72_d05,4,5,72,0,pass,114.02714664790659,173.52396357922035,114.02714664790659,109.359688381105,93.92281853059876,65.64988780929374
cma,bbob_f004_i72_d05,4,5,72,0,contract,114.02714664790659,129.8709181994659,114.02714664790659,111.64470023940035,72.71974086881482,72.53064777820208
cma,bbob_f004_i72_d05,4,5,72,0,reflect,114.02714664790659,112.68309486721355,112.68309486721355,100.12382983360888,74.70608769783887,74.70608769783887
de,bbob_f004_i72_d05,4,5,72,1,pass,145.81066687046157,2066.020718466339,145.81066687046157,145.81066687046157,133.4324836942788,111.66848671721712
de,bbob_f004_i72_d05,4,5,72,1,contract,145.81066687046157,572.2987719086891,145.81066687046157,145.81066687046157,133.4324836942788,111.66848671721712
de,bbob_f004_i72_d05,4,5,72,1,reflect,145.81066687046157,468.70870820598174,145.81066687046157,145.81066687046157,133.4324836942788,111.66848671721712
pso,bbob_f004_i72_d05,4,5,72,1,pass,56.464421078726446,129.064242393323,56.464421078726446,56.464421078726446,56.464421078726446,56.464421078726446
pso,bbob_f004_i72_d05,4,5,72,1,contract,56.464421078726446,103.35974498883517,56.464421078726446,56.464421078726446,56.464421078726446,56.464421078726446
pso,bbob_f004_i72_d05,4,5,72,1,reflect,56.464421078726446,428.3923250339381,56.464421078726446,56.464421078726446,56.464421078726446,56.464421078726446
cma,bbob_f004_i72_d05,4,5,72,1,pass,82.98338406955739,150.6830548808715,82.98338406955739,82.98338406955739,82.98338406955739,64.42641641513535
cma,bbob_f004_i72_d05,4,5,72,1,contract,82.98338406955739,149.32156724240886,82.98338406955739,82.98338406955739,82.98338406955739,81.19271535831244
cma,bbob_f004_i72_d05,4,5,72,1,reflect,82.98338406955739,144.49644909584734,82.98338406955739,82.98338406955739,82.98338406955739,82.98338406955739
de,bbob_f005_i71_d05,5,5,71,0,pass,-60.52702126749825,-29.544759193117443,-60.52702126749825,-60.52702126749825,-63.61015793799279,-63.61015793799279
de,bbob_f005_i71_d05,5,5,71,0,contract,-60.52702126749825,-43.486777126588805,-60.52702126749825,-60.52702126749825,-63.61015793799279,-63.61015793799279
de,bbob_f005_i71_d05,5,5,71,0,reflect,-60.52702126749825,-58.725410089550834,-60.52702126749825,-66.39,-66.39,-66.39
pso,bbob_f005_i71_d05,5,5,71,0,pass,-66.39,-66.39,-66.39,-66.39,-66.39,-66.39
pso,bbob_f005_i71_d05,5,5,71,0,contract,-66.39,-66.39,-66.39,-66.39,-66.39,-66.39
pso,bbob_f005_i71_d05,5,5,71,0,reflect,-66.39,-62.46739468241073,-66.39,-66.39,-66.39,-66.39
cma,bbob_f005_i71_d05,5,5,71,0,pass,-58.05139248492858,-58.57660598497576,-58.57660598497576,-58.57660598497576,-59.70493529913593,-62.49914783518817
cma,bbob_f005_i71_d05,5,5,71,0,contract,-58.05139248492858,-56.93732022898389,-58.05139248492858,-58.05139248492858,-61.46641697324429,-62.42838899406996
cma,bbob_f005_i71_d05,5,5,71,0,reflect,-58.05139248492858,-52.20160582278518,-58.05139248492858,-58.05139248492858,-64.13626332996176,-64.13626332996176
de,bbob_f005_i71_d05,5,5,71,1,pass,-40.522525347653215,4.888522805423065,-40.522525347653215,-42.40912462435959,-51.576424540009754,-55.00072848674917
de,bbob_f005_i71_d05,5,5,71,1,contract,-40.522525347653215,-15.546448863461258,-40.522525347653215,-42.40912462435959,-51.576424540009754,-55.00072848674917
de,bbob_f005_i71_d05,5,5,71,1,reflect,-40.522525347653215,-36.39188390195446,-40.522525347653215,-42.40912462435959,-51.28955970345642,-55.0666195709275
pso,bbob_f005_i71_d05,5,5,71,1,pass,-66.39,-65.8310662331392,-66.39,-66.39,-66.39,-66.39
pso,bbob_f005_i71_d05,5,5,71,1,contract,-66.39,-66.08258642822656,-66.39,-66.39,-66.39,-66.39
pso,bbob_f005_i71_d05,5,5,71,1,reflect,-66.39,-37.328758198952684,-66.39,-66.39,-66.39,-66.39
cma,bbob_f005_i71_d05,5,5,71,1,pass,-58.01951765191163,-41.41656694412244,-58.01951765191163,-58.01951765191163,-58.32339749866811,-60.77968161979473
cma,bbob_f005_i71_d05,5,5,71,1,contract,-58.01951765191163,-46.802650673928376,-58.01951765191163,-58.01951765191163,-58.81220566629249,-60.6429131425781
cma,bbob_f005_i71_d05,5,5,71,1,reflect,-58.01951765191163,-44.580659831116144,-58.01951765191163,-58.01951765191163,-58.01951765191163,-58.01951765191163
de,bbob_f005_i72_d05,5,5,72,0,pass,-214.12542295777672,-185.8549840374319,-214.12542295777672,-214.12542295777672,-214.12542295777672,-219.70875852492892
de,bbob_f005_i72_d05,5,5,72,0,contract,-214.12542295777672,-198.5766815515871,-214.12542295777672,-214.12542295777672,-214.12542295777672,-222.09331663709227
de,bbob_f005_i72_d05,5,5,72,0,reflect,-214.12542295777672,-181.08757780697846,-214.12542295777672,-216.33894322739658,-216.33894322739658,-218.43471437965076
pso,bbob_f005_i72_d05,5,5,72,0,pass,-226.01,-226.01,-226.01,-226.01,-226.01,-226.01
pso,bbob_f005_i72_d05,5,5,72,0,contract,-226.01,-226.01,-226.01,-226.01,-226.01,-226.01
pso,bbob_f005_i72_d05,5,5,72,0,reflect,-226.01,-222.28137053582262,-226.01,-226.01,-226.01,-226.01
cma,bbob_f005_i72_d05,5,5,72,0,pass,-201.00402717748622,-205.12857264622053,-205.12857264622053,-205.12857264622053,-205.12857264622053,-205.12857264622053
cma,bbob_f005_i72_d05,5,5,72,0,contract,-201.00402717748622,-203.2725271852901,-203.2725271852901,-203.2725271852901,-203.2725271852901,-203.2725271852901
cma,bbob_f005_i72_d05,5,5,72,0,reflect,-201.00402717748622,-197.91061807593547,-201.00402717748622,-201.00402717748622,-202.75151267765432,-202.75151267765432
de,bbob_f005_i72_d05,5,5,72,1,pass,-216.54267310054482,-159.61777686374194,-216.54267310054482,-216.54267310054482,-219.49863211450167,-220.30993628555075
de,bbob_f005_i72_d05,5,5,72,1,contract,-216.54267310054482,-185.23398017030325,-216.54267310054482,-216.54267310054482,-226.01,-226.01
de,bbob_f005_i72_d05,5,5,72,1,reflect,-216.54267310054482,-163.83318562668086,-216.54267310054482,-216.54267310054482,-226.01,-226.01
pso,bbob_f005_i72_d05,5,5,72,1,pass,-226.01,-223.4867838051143,-226.01,-226.01,-226.01,-226.01
pso,bbob_f005_i72_d05,5,5,72,1,contract,-226.01,-224.62223109281285,-226.01,-226.01,-226.01,-226.01
pso,bbob_f005_i72_d05,5,5,72,1,reflect,-226.01,-211.84576335951738,-226.01,-226.01,-226.01,-226.01
cma,bbob_f005_i72_d05,5,5,72,1,pass,-200.89843151991784,-197.35187407619213,-200.89843151991784,-200.89843151991784,-207.4044949986778,-207.4044949986778
cma,bbob_f005_i72_d05,5,5,72,1,contract,-200.89843151991784,-198.9478249258687,-200.89843151991784,-200.89843151991784,-206.94773758224122,-207.6889764755445
cma,bbob_f005_i72_d05,5,5,72,1,reflect,-200.89843151991784,-179.55648559931856,-200.89843151991784,-200.89843151991784,-205.94371820756058,-207.18496907070312
de,bbob_f006_i71_d05,6,5,71,0,pass,137.42996079214691,283.2166960647571,137.42996079214691,137.42996079214691,93.77204102031487,93.77204102031487
de,bbob_f006_i71_d05,6,5,71,0,contract,137.42996079214691,185.42298060299078,137.42996079214691,137.42996079214691,93.77204102031487,93.77204102031487
de,bbob_f006_i71_d05,6,5,71,0,reflect,137.42996079214691,20306.95004297585,137.42996079214691,137.42996079214691,93.77204102031487,93.77204102031487
pso,bbob_f006_i71_d05,6,5,71,0,pass,90.87215073725254,14931.974415101558,90.87215073725254,81.25068800011289,75.7522815444069,73.80670692292219
pso,bbob_f006_i71_d05,6,5,71,0,contract,90.87215073725254,5317.385418624108,90.87215073725254,81.25068800011289,75.7522815444069,73.80670692292219
pso,bbob_f006_i71_d05,6,5,71,0,reflect,90.87215073725254,36114.26080359234,90.87215073725254,81.25068800011289,75.7522815444069,73.80670692292219
cma,bbob_f006_i71_d05,6,5,71,0,pass,95.07260538607859,118.40584039798591,95.07260538607859,95.07260538607859,77.09030664140415,71.9147696618475
cma,bbob_f006_i71_d05,6,5,71,0,contract,95.07260538607859,108.11568318351775,95.07260538607859,95.07260538607859,76.7095862216246,74.10375964705645
cma,bbob_f006_i71_d05,6,5,71,0,reflect,95.07260538607859,104.08439644639697,95.07260538607859,93.22619936132119,77.42914202607898,72.91075360141053
de,bbob_f006_i71_d05,6,5,71,1,pass,120.56212525017897,38900.239755404866,120.56212525017897,120.56212525017897,106.17053005959042,106.17053005959042
de,bbob_f006_i71_d05,6,5,71,1,contract,120.56212525017897,13080.089283740448,120.56212525017897,120.56212525017897,106.17053005959042,106.17053005959042
de,bbob_f006_i71_d05,6,5,71,1,reflect,120.56212525017897,18810.87970365176,120.56212525017897,120.56212525017897,106.17053005959042,106.17053005959042
pso,bbob_f006_i71_d05,6,5,71,1,pass,92.23459368390328,146.29119729607075,92.23459368390328,92.23459368390328,79.80828221178777,75.42334453066776
pso,bbob_f006_i71_d05,6,5,71,1,contract,92.23459368390328,125.48488920963989,92.23459368390328,92.23459368390328,79.80828221178777,75.42334453066776
pso,bbob_f006_i71_d05,6,5,71,1,reflect,92.23459368390328,102654.5407143303,92.23459368390328,92.23459368390328,79.80828221178777,75.42334453066776
cma,bbob_f006_i71_d05,6,5,71,1,pass,95.96872481912723,110.98204771242877,95.96872481912723,95.96872481912723,79.94751847104735,72.49231814390642
cma,bbob_f006_i71_d05,6,5,71,1,contract,95.96872481912723,103.49320963853026,95.96872481912723,94.97865274373001,81.88306646990442,75.83920844865396
cma,bbob_f006_i71_d05,6,5,71,1,reflect,95.96872481912723,11381.646252088514,95.96872481912723,95.96872481912723,79.9942410046353,70.68403328966387
de,bbob_f006_i72_d05,6,5,72,0,pass,142.24374277435246,218.9982047554894,142.24374277435246,142.24374277435246,112.6894144041078,76.81416008626266
de,bbob_f006_i72_d05,6,5,72,0,contract,142.24374277435246,157.23046925711304,142.24374277435246,142.24374277435246,103.36435830440885,75.54059452670323
de,bbob_f006_i72_d05,6,5,72,0,reflect,142.24374277435246,9919.667997420403,142.24374277435246,142.24374277435246,69.92671314992259,69.92671314992259
pso,bbob_f006_i72_d05,6,5,72,0,pass,94.56071854852901,6986.753804519861,94.56071854852901,93.78211947291891,72.95537195887685,71.63940934860254
pso,bbob_f006_i72_d05,6,5,72,0,contract,94.56071854852901,146.7710898619546,94.56071854852901,93.78211947291891,72.95537195887685,71.63940934860254
pso,bbob_f006_i72_d05,6,5,72,0,reflect,94.56071854852901,147745.3482754879,94.56071854852901,93.78211947291891,72.95537195887685,71.63940934860254
cma,bbob_f006_i72_d05,6,5,72,0,pass,71.14982454223512,91.67843237769486,71.14982454223512,71.14982454223512,43.55845338342168,36.83149942287814
cma,bbob_f006_i72_d05,6,5,72,0,contract,71.14982454223512,90.20450400134303,71.14982454223512,71.14982454223512,45.09885075078383,43.23577364562984
cma,bbob_f006_i72_d05,6,5,72,0,reflect,71.14982454223512,2041.219451973746,71.14982454223512,60.246505692227615,43.77786674969848,35.15386985778433
de,bbob_f006_i72_d05,6,5,72,1,pass,74.50857114526139,28066.391134614987,74.50857114526139,74.50857114526139,74.50857114526139,74.50857114526139
de,bbob_f006_i72_d05,6,5,72,1,contract,74.50857114526139,7123.271194519,74.50857114526139,74.50857114526139,74.50857114526139,74.50857114526139
de,bbob_f006_i72_d05,6,5,72,1,reflect,74.50857114526139,3519.8845138507295,74.50857114526139,74.50857114526139,74.50857114526139,74.50857114526139
pso,bbob_f006_i72_d05,6,5,72,1,pass,71.81802591210908,18098.143895458845,71.81802591210908,54.986813896094645,54.5173607459681,53.86445764735153
pso,bbob_f006_i72_d05,6,5,72,1,contract,71.81802591210908,198.66811960227867,71.81802591210908,54.986813896094645,54.5173607459681,53.86445764735153
pso,bbob_f006_i72_d05,6,5,72,1,reflect,71.81802591210908,185005.04397699138,71.81802591210908,54.986813896094645,54.5173607459681,53.86445764735153
cma,bbob_f006_i72_d05,6,5,72,1,pass,56.93205504362943,57.390759049475086,56.93205504362943,52.26019601854566,44.20104977403973,44.20104977403973
cma,bbob_f006_i72_d05,6,5,72,1,contract,56.93205504362943,57.12782228741837,56.93205504362943,52.29402291236384,43.90160647293605,36.67904993608064
cma,bbob_f006_i72_d05,6,5,72,1,reflect,56.93205504362943,117.31744434200917,56.93205504362943,56.93205504362943,45.24801561178775,43.85468102944328
de,bbob_f007_i71_d05,7,5,71,0,pass,-987.2527174280812,-435.2492058500312,-987.2527174280812,-987.2527174280812,-987.2527174280812,-995.586857193194
de,bbob_f007_i71_d05,7,5,71,0,contract,-987.2527174280812,-835.3828721302801,-987.2527174280812,-987.2527174280812,-987.2527174280812,-995.586857193194
de,bbob_f007_i71_d05,7,5,71,0,reflect,-987.2527174280812,1551.4732328014456,-987.2527174280812,-987.2527174280812,-987.2527174280812,-995.586857193194
pso,bbob_f007_i71_d05,7,5,71,0,pass,-994.0490836868998,-984.2189038431364,-994.0490836868998,-994.0490836868998,-994.7612927673315,-998.1916083948138
pso,bbob_f007_i71_d05,7,5,71,0,contract,-994.0490836868998,-986.1205920722258,-994.0490836868998,-994.0490836868998,-994.7612927673315,-998.1916083948138
pso,bbob_f007_i71_d05,7,5,71,0,reflect,-994.0490836868998,-207.09767983746394,-994.0490836868998,-994.0490836868998,-994.7612927673315,-998.1916083948138
cma,bbob_f007_i71_d05,7,5,71,0,pass,-989.9946120024753,-983.8308843021765,-989.9946120024753,-989.9946120024753,-996.306422266435,-997.6960122854819
cma,bbob_f007_i71_d05,7,5,71,0,contract,-989.9946120024753,-990.255155951865,-990.255155951865,-990.255155951865,-996.0847717381226,-997.699295480083
cma,bbob_f007_i71_d05,7,5,71,0,reflect,-989.9946120024753,-950.2031531115755,-989.9946120024753,-989.9946120024753,-996.5331221539951,-998.6481640984754
de,bbob_f007_i71_d05,7,5,71,1,pass,-990.8172111641519,-719.5176129560409,-990.8172111641519,-990.8172111641519,-990.8172111641519,-992.9370860522739
de,bbob_f007_i71_d05,7,5,71,1,contract,-990.8172111641519,-906.0601331677226,-990.8172111641519,-990.8172111641519,-990.8172111641519,-992.9370860522739
de,bbob_f007_i71_d05,7,5,71,1,reflect,-990.8172111641519,-641.81480801166,-990.8172111641519,-990.8172111641519,-990.8172111641519,-992.9370860522739
pso,bbob_f007_i71_d05,7,5,71,1,pass,-993.006040629356,-944.5497923885179,-993.006040629356,-993.006040629356,-993.006040629356,-994.4401004406598
pso,bbob_f007_i71_d05,7,5,71,1,contract,-993.006040629356,-979.0447562832022,-993.006040629356,-993.006040629356,-993.006040629356,-994.4401004406598
pso,bbob_f007_i71_d05,7,5,71,1,reflect,-993.006040629356,-677.1729528679637,-993.006040629356,-993.006040629356,-993.006040629356,-994.4401004406598
cma,bbob_f007_i71_d05,7,5,71,1,pass,-994.4401004406598,-982.0624127444604,-994.4401004406598,-995.6755931411118,-999.122644651756,-999.625988810534
cma,bbob_f007_i71_d05,7,5,71,1,contract,-994.4401004406598,-987.5628609759216,-994.4401004406598,-995.6755931411118,-996.0611527265241,-998.1077653744155
cma,bbob_f007_i71_d05,7,5,71,1,reflect,-994.4401004406598,-971.3307698699473,-994.4401004406598,-995.6755931411118,-997.270172073295,-999.6110304475449
de,bbob_f007_i72_d05,7,5,72,0,pass,210.80100082346735,379.23826186188677,210.80100082346735,210.80100082346735,192.50012182118218,192.50012182118218
de,bbob_f007_i72_d05,7,5,72,0,contract,210.80100082346735,266.5868131543598,210.80100082346735,210.80100082346735,192.50012182118218,184.29048125469123
de,bbob_f007_i72_d05,7,5,72,0,reflect,210.80100082346735,214.68174671066174,210.80100082346735,210.80100082346735,187.8311355650534,185.21865681064094
pso,bbob_f007_i72_d05,7,5,72,0,pass,205.4378512801094,804.0592013558773,205.4378512801094,203.30749998081794,193.8740580515199,177.25178625322152
pso,bbob_f007_i72_d05,7,5,72,0,contract,205.4378512801094,349.4817209762969,205.4378512801094,203.30749998081794,193.8740580515199,177.25178625322152
pso,bbob_f007_i72_d05,7,5,72,0,reflect,205.4378512801094,533.5850803454441,205.4378512801094,203.30749998081794,193.8740580515199,177.25178625322152
cma,bbob_f007_i72_d05,7,5,72,0,pass,168.76874663858663,217.13323399432107,168.76874663858663,168.76874663858663,166.03338542382824,164.57738931744996
cma,bbob_f007_i72_d05,7,5,72,0,contract,168.76874663858663,195.7247313976934,168.76874663858663,168.76874663858663,166.67062396138653,164.35393648185575
cma,bbob_f007_i72_d05,7,5,72,0,reflect,168.76874663858663,166.05784709641264,166.05784709641264,166.05784709641264,166.05784709641264,164.42541731066353
de,bbob_f007_i72_d05,7,5,72,1,pass,203.7736137879985,223.10689442717108,203.7736137879985,203.7736137879985,197.34902958863435,186.79965029118085
de,bbob_f007_i72_d05,7,5,72,1,contract,203.7736137879985,192.1894105876025,192.1894105876025,192.1894105876025,192.1894105876025,185.2727048636289
de,bbob_f007_i72_d05,7,5,72,1,reflect,203.7736137879985,637.8906704580211,203.7736137879985,203.7736137879985,202.1121484706777,197.6569825006263
pso,bbob_f007_i72_d05,7,5,72,1,pass,171.5505677449949,275.11706864213875,171.5505677449949,171.5505677449949,170.67812796010156,169.9094916620825
pso,bbob_f007_i72_d05,7,5,72,1,contract,171.5505677449949,195.26536320069096,171.5505677449949,171.5505677449949,170.67812796010156,169.9094916620825
pso,bbob_f007_i72_d05,7,5,72,1,reflect,171.5505677449949,309.71572978518634,171.5505677449949,171.5505677449949,170.67812796010156,169.9094916620825
cma,bbob_f007_i72_d05,7,5,72,1,pass,166.69830644117505,181.8025782496977,166.69830644117505,166.69830644117505,164.86583438691883,164.53620452468354
cma,bbob_f007_i72_d05,7,5,72,1,contract,166.69830644117505,182.0747774370903,166.69830644117505,166.69830644117505,166.02957845378992,165.1693882322961
cma,bbob_f007_i72_d05,7,5,72,1,reflect,166.69830644117505,172.61893062206076,166.69830644117505,166.64642172561585,164.70574398656015,164.29028643146822
de,bbob_f008_i71_d05,8,5,71,0,pass,1190.7152946974527,17685.143338822974,1190.7152946974527,1190.7152946974527,1190.7152946974527,1190.7152946974527
de,bbob_f008_i71_d05,8,5,71,0,contract,1190.7152946974527,4961.64315405477,1190.7152946974527,1190.7152946974527,1190.7152946974527,331.42945688107704
de,bbob_f008_i71_d05,8,5,71,0,reflect,1190.7152946974527,96266.63997074663,1190.7152946974527,1190.7152946974527,1190.7152946974527,1029.5130925088201
pso,bbob_f008_i71_d05,8,5,71,0,pass,228.99440404209352,7058.339430658248,228.99440404209352,105.97895899803486,105.97895899803486,42.74946162753531
pso,bbob_f008_i71_d05,8,5,71,0,contract,228.99440404209352,2799.0140035945346,228.99440404209352,105.97895899803486,105.97895899803486,42.74946162753531
pso,bbob_f008_i71_d05,8,5,71,0,reflect,228.99440404209352,217392.0731407786,228.99440404209352,105.97895899803486,105.97895899803486,42.74946162753531
cma,bbob_f008_i71_d05,8,5,71,0,pass,501.8501207137857,937.2951378635279,501.8501207137857,501.32008422813095,40.553969636267794,20.888610800155213
cma,bbob_f008_i71_d05,8,5,71,0,contract,501.8501207137857,881.0928652995174,501.8501207137857,501.8501207137857,70.83952165638017,23.68825494523734
cma,bbob_f008_i71_d05,8,5,71,0,reflect,501.8501207137857,3903.087036311045,501.8501207137857,275.4576741940223,127.23516063457203,30.31280055853236
de,bbob_f008_i71_d05,8,5,71,1,pass,472.0789909809716,67998.326360258,472.0789909809716,472.0789909809716,472.0789909809716,472.0789909809716
de,bbob_f008_i71_d05,8,5,71,1,contract,472.0789909809716,5414.228295658374,472.0789909809716,472.0789909809716,472.0789909809716,472.0789909809716
de,bbob_f008_i71_d05,8,5,71,1,reflect,472.0789909809716,49107.38306918712,472.0789909809716,472.0789909809716,472.0789909809716,472.0789909809716
pso,bbob_f008_i71_d05,8,5,71,1,pass,142.26371755601164,4087.7417589535944,142.26371755601164,142.26371755601164,85.24901354811321,46.64148954211929
pso,bbob_f008_i71_d05,8,5,71,1,contract,142.26371755601164,1650.4445313216747,142.26371755601164,142.26371755601164,85.24901354811321,46.64148954211929
pso,bbob_f008_i71_d05,8,5,71,1,reflect,142.26371755601164,19330.128021561643,142.26371755601164,142.26371755601164,85.24901354811321,46.64148954211929
cma,bbob_f008_i71_d05,8,5,71,1,pass,186.91648028127057,1086.8571262958642,186.91648028127057,186.91648028127057,53.14822115364295,15.76414894136495
cma,bbob_f008_i71_d05,8,5,71,1,contract,186.91648028127057,277.7920949841221,186.91648028127057,186.91648028127057,88.31054272803927,20.756538472214004
cma,bbob_f008_i71_d05,8,5,71,1,reflect,186.91648028127057,2212.1538032300946,186.91648028127057,186.91648028127057,70.22347927840967,40.12781807763345
de,bbob_f008_i72_d05,8,5,72,0,pass,4953.621480967131,19872.015299699353,4953.621480967131,1414.5838471688496,823.3085157322415,823.3085157322415
de,bbob_f008_i72_d05,8,5,72,0,contract,4953.621480967131,176.7847838559679,176.7847838559679,176.7847838559679,176.7847838559679,41.1661557191089
de,bbob_f008_i72_d05,8,5,72,0,reflect,4953.621480967131,344923.55439982517,4953.621480967131,4953.621480967131,723.0058922755605,60.841031275364344
pso,bbob_f008_i72_d05,8,5,72,0,pass,56.57764211515982,67095.65009793574,56.57764211515982,56.57764211515982,-24.73129126137968,-88.56163226048902
pso,bbob_f008_i72_d05,8,5,72,0,contract,56.57764211515982,8105.229206017951,56.57764211515982,56.57764211515982,-24.73129126137968,-88.56163226048902
pso,bbob_f008_i72_d05,8,5,72,0,reflect,56.57764211515982,27333.93185529221,56.57764211515982,56.57764211515982,-24.73129126137968,-88.56163226048902
cma,bbob_f008_i72_d05,8,5,72,0,pass,-114.25240840240951,566.2486017503882,-114.25240840240951,-114.25240840240951,-184.20058556462672,-184.20058556462672
cma,bbob_f008_i72_d05,8,5,72,0,contract,-114.25240840240951,45.89673383391576,-114.25240840240951,-114.25240840240951,-179.19494328414552,-180.291102906628
cma,bbob_f008_i72_d05,8,5,72,0,reflect,-114.25240840240951,62.94011893998584,-114.25240840240951,-114.25240840240951,-142.60589283341852,-179.21895360545489
de,bbob_f008_i72_d05,8,5,72,1,pass,-0.6127002118793712,219793.07412064128,-0.6127002118793712,-0.6127002118793712,-0.6127002118793712,-0.6127002118793712
de,bbob_f008_i72_d05,8,5,72,1,contract,-0.6127002118793712,29416.480834096237,-0.6127002118793712,-0.6127002118793712,-0.6127002118793712,-0.6127002118793712
de,bbob_f008_i72_d05,8,5,72,1,reflect,-0.6127002118793712,59603.027498224146,-0.6127002118793712,-0.6127002118793712,-0.6127002118793712,-0.6127002118793712
pso,bbob_f008_i72_d05,8,5,72,1,pass,-26.740692859079104,9807.895824113124,-26.740692859079104,-26.740692859079104,-26.740692859079104,-66.0408912660285
pso,bbob_f008_i72_d05,8,5,72,1,contract,-26.740692859079104,1438.8855766932677,-26.740692859079104,-26.740692859079104,-26.740692859079104,-35.0120608178089
pso,bbob_f008_i72_d05,8,5,72,1,reflect,-26.740692859079104,15824.803700961584,-26.740692859079104,-26.740692859079104,-26.740692859079104,-35.0120608178089
cma,bbob_f008_i72_d05,8,5,72,1,pass,152.94951645794586,296.3460619398119,152.94951645794586,152.94951645794586,-25.45478719539304,-163.9099639436115
cma,bbob_f008_i72_d05,8,5,72,1,contract,152.94951645794586,157.39024727998887,152.94951645794586,152.94951645794586,-51.104844929111835,-167.618120532569
cma,bbob_f008_i72_d05,8,5,72,1,reflect,152.94951645794586,279.9397001838522,152.94951645794586,34.91442694086854,-157.4690592845978,-178.98010679138804
de,bbob_f009_i71_d05,9,5,71,0,pass,3227.8699408451885,48698.765825499315,3227.8699408451885,3200.464642362932,3096.312139014621,1532.5478116649729
de,bbob_f009_i71_d05,9,5,71,0,contract,3227.8699408451885,11824.962479236856,3227.8699408451885,1512.4018109124404,1512.4018109124404,1426.5171695641122
de,bbob_f009_i71_d05,9,5,71,0,reflect,3227.8699408451885,252699.33309098324,3227.8699408451885,3227.8699408451885,1765.1837576437074,1552.2235004424272
pso,bbob_f009_i71_d05,9,5,71,0,pass,1172.4278266284496,88385.81096108575,1172.4278266284496,1172.4278266284496,1081.9910062833949,1032.941443107116
pso,bbob_f009_i71_d05,9,5,71,0,contract,1172.4278266284496,14254.583674793917,1172.4278266284496,1172.4278266284496,1081.9910062833949,1032.941443107116
pso,bbob_f009_i71_d05,9,5,71,0,reflect,1172.4278266284496,363129.4441187448,1172.4278266284496,1172.4278266284496,1081.9910062833949,1032.941443107116
cma,bbob_f009_i71_d05,9,5,71,0,pass,1073.5790548833265,1267.4654887522415,1073.5790548833265,1016.5367332065892,941.653743941434,941.653743941434
cma,bbob_f009_i71_d05,9,5,71,0,contract,1073.5790548833265,1004.9093833306898,1004.9093833306898,1004.9093833306898,968.0128300993608,942.8254507523121
cma,bbob_f009_i71_d05,9,5,71,0,reflect,1073.5790548833265,1581.959539989765,1073.5790548833265,1016.5367332065892,997.0601910408119,960.6589290220111
de,bbob_f009_i71_d05,9,5,71,1,pass,3402.670012806727,151083.33279670964,3402.670012806727,3402.670012806727,1219.8524244475502,1219.8524244475502
de,bbob_f009_i71_d05,9,5,71,1,contract,3402.670012806727,15448.289550564987,3402.670012806727,3402.670012806727,1896.7124401136207,1175.288057362189
de,bbob_f009_i71_d05,9,5,71,1,reflect,3402.670012806727,13956.926924232583,3402.670012806727,3402.670012806727,2277.3903251975935,1683.0297931360928
pso,bbob_f009_i71_d05,9,5,71,1,pass,1619.685724320409,37074.12072790944,1619.685724320409,1619.685724320409,1224.951856568355,957.6838922399476
pso,bbob_f009_i71_d05,9,5,71,1,contract,1619.685724320409,9801.639668342546,1619.685724320409,1619.685724320409,1224.951856568355,957.6838922399476
pso,bbob_f009_i71_d05,9,5,71,1,reflect,1619.685724320409,13079.240287360728,1619.685724320409,1619.685724320409,1224.951856568355,957.6838922399476
cma,bbob_f009_i71_d05,9,5,71,1,pass,1107.9920794052796,1054.5071628515418,1054.5071628515418,1054.5071628515418,972.3805676382234,954.0054949551226
cma,bbob_f009_i71_d05,9,5,71,1,contract,1107.9920794052796,1044.5278676991823,1044.5278676991823,1044.5278676991823,994.0148639423336,939.2257621087757
cma,bbob_f009_i71_d05,9,5,71,1,reflect,1107.9920794052796,3598.1769430435643,1107.9920794052796,1063.106009866629,970.1689420927828,941.1993254826377
de,bbob_f009_i72_d05,9,5,72,0,pass,4707.221758440219,129680.65109404191,4707.221758440219,3336.879207054338,276.0774232673788,131.80412791206945
de,bbob_f009_i72_d05,9,5,72,0,contract,4707.221758440219,2816.8345989935992,2816.8345989935992,2816.8345989935992,726.4676375540877,726.4676375540877
de,bbob_f009_i72_d05,9,5,72,0,reflect,4707.221758440219,545826.1502129096,4707.221758440219,3336.879207054338,276.0774232673788,131.80412791206945
pso,bbob_f009_i72_d05,9,5,72,0,pass,17.82158609466061,739.8056317453825,17.82158609466061,-6.908311224008145,-6.908311224008145,-31.499945797864484
pso,bbob_f009_i72_d05,9,5,72,0,contract,17.82158609466061,72.46983301643846,17.82158609466061,-6.908311224008145,-6.908311224008145,-31.499945797864484
pso,bbob_f009_i72_d05,9,5,72,0,reflect,17.82158609466061,108750.63211836958,17.82158609466061,-6.908311224008145,-6.908311224008145,-31.499945797864484
cma,bbob_f009_i72_d05,9,5,72,0,pass,56.260184300253634,160.1165330532971,56.260184300253634,47.397999337002695,-9.575745709150837,-54.99154562241755
cma,bbob_f009_i72_d05,9,5,72,0,contract,56.260184300253634,313.20079764540975,56.260184300253634,56.260184300253634,-23.337616257680438,-43.26876381162204
cma,bbob_f009_i72_d05,9,5,72,0,reflect,56.260184300253634,1433.8351890903984,56.260184300253634,56.260184300253634,-54.19558541074241,-54.19558541074241
de,bbob_f009_i72_d05,9,5,72,1,pass,1426.16891263925,64391.48140550926,1426.16891263925,1426.16891263925,840.5589737824237,-26.3479623812772
de,bbob_f009_i72_d05,9,5,72,1,contract,1426.16891263925,11639.833969926289,1426.16891263925,1426.16891263925,840.5589737824237,-26.3479623812772
de,bbob_f009_i72_d05,9,5,72,1,reflect,1426.16891263925,96487.06921528926,1426.16891263925,1426.16891263925,840.5589737824237,-26.3479623812772
pso,bbob_f009_i72_d05,9,5,72,1,pass,81.93466462218092,23145.779702047086,81.93466462218092,81.93466462218092,55.542287659079996,-17.854150324973055
pso,bbob_f009_i72_d05,9,5,72,1,contract,81.93466462218092,1681.8861281454883,81.93466462218092,81.93466462218092,55.542287659079996,-17.854150324973055
pso,bbob_f009_i72_d05,9,5,72,1,reflect,81.93466462218092,93205.13459592586,81.93466462218092,81.93466462218092,55.542287659079996,-17.854150324973055
cma,bbob_f009_i72_d05,9,5,72,1,pass,2.437597816511463,-17.95499441353619,-17.95499441353619,-57.30438175269615,-57.30438175269615,-58.74731239050879
cma,bbob_f009_i72_d05,9,5,72,1,contract,2.437597816511463,-52.32754877507044,-52.32754877507044,-52.32754877507044,-55.52746855913448,-59.50085998179188
cma,bbob_f009_i72_d05,9,5,72,1,reflect,2.437597816511463,446.3550934984867,2.437597816511463,-26.54094904174132,-57.829695806777394,-58.04020048032972
de,bbob_f010_i71_d05,10,5,71,0,pass,83715.68950448056,2443175.6563352924,83715.68950448056,44632.96382011415,42573.613342945486,42573.613342945486
de,bbob_f010_i71_d05,10,5,71,0,contract,83715.68950448056,568019.6658155912,83715.68950448056,44632.96382011415,42573.613342945486,42573.613342945486
de,bbob_f010_i71_d05,10,5,71,0,reflect,83715.68950448056,4774503.565982605,83715.68950448056,44632.96382011415,42573.613342945486,42573.613342945486
pso,bbob_f010_i71_d05,10,5,71,0,pass,16182.198054767443,3204710.170069935,16182.198054767443,16182.198054767443,16182.198054767443,7963.635645199093
pso,bbob_f010_i71_d05,10,5,71,0,contract,16182.198054767443,1013941.156940701,16182.198054767443,16182.198054767443,16182.198054767443,7963.635645199093
pso,bbob_f010_i71_d05,10,5,71,0,reflect,16182.198054767443,12910621.122320125,16182.198054767443,16182.198054767443,16182.198054767443,7963.635645199093
cma,bbob_f010_i71_d05,10,5,71,0,pass,869.0654626347115,973262.1264807144,869.0654626347115,869.0654626347115,729.0544903121075,330.0300691987328
cma,bbob_f010_i71_d05,10,5,71,0,contract,869.0654626347115,345566.40926435636,869.0654626347115,869.0654626347115,869.0654626347115,486.8795494886807
cma,bbob_f010_i71_d05,10,5,71,0,reflect,869.0654626347115,124430.81584317177,869.0654626347115,869.0654626347115,869.0654626347115,869.0654626347115
de,bbob_f010_i71_d05,10,5,71,1,pass,110390.50383353043,207010.68398734255,110390.50383353043,110390.50383353043,6275.010211512903,6275.010211512903
de,bbob_f010_i71_d05,10,5,71,1,contract,110390.50383353043,85567.29591210267,85567.29591210267,85567.29591210267,82344.85898229247,39828.186900654386
de,bbob_f010_i71_d05,10,5,71,1,reflect,110390.50383353043,879515.1847006408,110390.50383353043,110390.50383353043,48140.40784985437,48140.40784985437
pso,bbob_f010_i71_d05,10,5,71,1,pass,3666.7058690972067,2003567.010710641,3666.7058690972067,3666.7058690972067,3666.7058690972067,3666.7058690972067
pso,bbob_f010_i71_d05,10,5,71,1,contract,3666.7058690972067,446165.7301068049,3666.7058690972067,3666.7058690972067,3666.7058690972067,3666.7058690972067
pso,bbob_f010_i71_d05,10,5,71,1,reflect,3666.7058690972067,4778795.431751536,3666.7058690972067,3666.7058690972067,3666.7058690972067,3666.7058690972067
cma,bbob_f010_i71_d05,10,5,71,1,pass,5697.308840041209,304827.9697532504,5697.308840041209,5697.308840041209,3550.242012547172,164.43454120533656
cma,bbob_f010_i71_d05,10,5,71,1,contract,5697.308840041209,110163.4675590288,5697.308840041209,5697.308840041209,4727.500191724033,274.2772111812802
cma,bbob_f010_i71_d05,10,5,71,1,reflect,5697.308840041209,484150.5676022111,5697.308840041209,5697.308840041209,5697.308840041209,1980.721382012242
de,bbob_f010_i72_d05,10,5,72,0,pass,100130.24452714235,1757069.5311008445,100130.24452714235,100130.24452714235,39199.20899074934,39199.20899074934
de,bbob_f010_i72_d05,10,5,72,0,contract,100130.24452714235,473073.297508557,100130.24452714235,100130.24452714235,39199.20899074934,12987.77608470047
de,bbob_f010_i72_d05,10,5,72,0,reflect,100130.24452714235,692419.2934258956,100130.24452714235,100130.24452714235,39199.20899074934,39199.20899074934
pso,bbob_f010_i72_d05,10,5,72,0,pass,71312.31317865572,942225.5809795962,71312.31317865572,71312.31317865572,59864.56015357855,11537.807207807395
pso,bbob_f010_i72_d05,10,5,72,0,contract,71312.31317865572,295943.63771016273,71312.31317865572,71312.31317865572,59864.56015357855,14990.435157663336
pso,bbob_f010_i72_d05,10,5,72,0,reflect,71312.31317865572,1820230.513903455,71312.31317865572,71312.31317865572,59864.56015357855,41781.308401595794
cma,bbob_f010_i72_d05,10,5,72,0,pass,7380.760187008134,594745.1956666943,7380.760187008134,7380.760187008134,3974.6469350246753,808.3461911892485
cma,bbob_f010_i72_d05,10,5,72,0,contract,7380.760187008134,198938.85463403133,7380.760187008134,4738.746168754318,4738.746168754318,4126.342183864673
cma,bbob_f010_i72_d05,10,5,72,0,reflect,7380.760187008134,450366.49556644,7380.760187008134,6906.280063578875,6906.280063578875,2342.621215505622
de,bbob_f010_i72_d05,10,5,72,1,pass,155290.96957721125,1082592.8345100847,155290.96957721125,39561.02825161091,18507.822466941638,18507.822466941638
de,bbob_f010_i72_d05,10,5,72,1,contract,155290.96957721125,533457.4829490164,155290.96957721125,39561.02825161091,18507.822466941638,13318.288891857641
de,bbob_f010_i72_d05,10,5,72,1,reflect,155290.96957721125,4727139.031747046,155290.96957721125,39561.02825161091,18507.822466941638,13318.288891857641
pso,bbob_f010_i72_d05,10,5,72,1,pass,34289.423846154845,141271.57330177078,34289.423846154845,34289.423846154845,34289.423846154845,34289.423846154845
pso,bbob_f010_i72_d05,10,5,72,1,contract,34289.423846154845,59611.151182456204,34289.423846154845,34289.423846154845,34289.423846154845,34289.423846154845
pso,bbob_f010_i72_d05,10,5,72,1,reflect,34289.423846154845,1372891.219620298,34289.423846154845,34289.423846154845,34289.423846154845,23045.09062760269
cma,bbob_f010_i72_d05,10,5,72,1,pass,40394.68975167814,328968.0878769135,40394.68975167814,40394.68975167814,14302.509159715559,1797.953746185509
cma,bbob_f010_i72_d05,10,5,72,1,contract,40394.68975167814,190577.1039285868,40394.68975167814,40394.68975167814,25181.61771543186,3390.6259063451935
cma,bbob_f010_i72_d05,10,5,72,1,reflect,40394.68975167814,117739.25473156908,40394.68975167814,40394.68975167814,13891.801019298431,2269.435871347198
de,bbob_f011_i71_d05,11,5,71,0,pass,131.51332626709828,3138602.26933528,131.51332626709828,32.214402921941506,32.214402921941506,32.214402921941506
de,bbob_f011_i71_d05,11,5,71,0,contract,131.51332626709828,777849.080627531,131.51332626709828,131.51332626709828,131.51332626709828,131.51332626709828
de,bbob_f011_i71_d05,11,5,71,0,reflect,131.51332626709828,136533.3334302928,131.51332626709828,131.51332626709828,131.51332626709828,131.51332626709828
pso,bbob_f011_i71_d05,11,5,71,0,pass,54.33288604411836,152407.5297849066,54.33288604411836,54.33288604411836,54.33288604411836,54.33288604411836
pso,bbob_f011_i71_d05,11,5,71,0,contract,54.33288604411836,25558.501770840736,54.33288604411836,54.33288604411836,54.33288604411836,54.33288604411836
pso,bbob_f011_i71_d05,11,5,71,0,reflect,54.33288604411836,1856332.2073257382,54.33288604411836,54.33288604411836,54.33288604411836,54.33288604411836
cma,bbob_f011_i71_d05,11,5,71,0,pass,23.747042221193787,870421.0669946914,23.747042221193787,23.747042221193787,23.747042221193787,23.747042221193787
cma,bbob_f011_i71_d05,11,5,71,0,contract,23.747042221193787,238567.85232142152,23.747042221193787,23.747042221193787,23.747042221193787,19.87291404458204
cma,bbob_f011_i71_d05,11,5,71,0,reflect,23.747042221193787,583830.1755193418,23.747042221193787,20.294608769340158,20.294608769340158,20.294608769340158
de,bbob_f011_i71_d05,11,5,71,1,pass,52.78083601047921,134629.7325274834,52.78083601047921,52.78083601047921,52.78083601047921,52.78083601047921
de,bbob_f011_i71_d05,11,5,71,1,contract,52.78083601047921,39672.41164100376,52.78083601047921,52.78083601047921,52.78083601047921,52.78083601047921
de,bbob_f011_i71_d05,11,5,71,1,reflect,52.78083601047921,707991.3613984184,52.78083601047921,52.78083601047921,52.78083601047921,52.78083601047921
pso,bbob_f011_i71_d05,11,5,71,1,pass,52.78083601047921,143661.57874639943,52.78083601047921,52.78083601047921,52.78083601047921,52.78083601047921
pso,bbob_f011_i71_d05,11,5,71,1,contract,52.78083601047921,41733.89666463585,52.78083601047921,52.78083601047921,52.78083601047921,52.78083601047921
pso,bbob_f011_i71_d05,11,5,71,1,reflect,52.78083601047921,77.4415582860789,52.78083601047921,52.78083601047921,52.78083601047921,52.78083601047921
cma,bbob_f011_i71_d05,11,5,71,1,pass,595.9688582041179,8930.98739794521,595.9688582041179,135.35033411466003,-39.23997956289127,-39.23997956289127
cma,bbob_f011_i71_d05,11,5,71,1,contract,595.9688582041179,5841.1376942780225,595.9688582041179,146.51039513011767,58.52297925483527,-20.631755080290528
cma,bbob_f011_i71_d05,11,5,71,1,reflect,595.9688582041179,146631.48901210894,595.9688582041179,12.00685260993783,-25.220599113178793,-25.220599113178793
de,bbob_f011_i72_d05,11,5,72,0,pass,2820.156444374011,1738830.594706186,2820.156444374011,1964.202175012276,1964.202175012276,240.3394673658203
de,bbob_f011_i72_d05,11,5,72,0,contract,2820.156444374011,464298.62187789014,2820.156444374011,1964.202175012276,1964.202175012276,240.3394673658203
de,bbob_f011_i72_d05,11,5,72,0,reflect,2820.156444374011,1598082.0522199387,2820.156444374011,1964.202175012276,1964.202175012276,240.3394673658203
pso,bbob_f011_i72_d05,11,5,72,0,pass,1994.1233315444736,1544837.637761589,1994.1233315444736,1994.1233315444736,1994.1233315444736,185.05190928743266
pso,bbob_f011_i72_d05,11,5,72,0,contract,1994.1233315444736,435236.50050359516,1994.1233315444736,1994.1233315444736,368.5769981314139,198.7607279398237
pso,bbob_f011_i72_d05,11,5,72,0,reflect,1994.1233315444736,322839.7188756161,1994.1233315444736,1994.1233315444736,1994.1233315444736,185.05190928743266
cma,bbob_f011_i72_d05,11,5,72,0,pass,140.30791336431497,650966.170932503,140.30791336431497,140.30791336431497,140.30791336431497,140.30791336431497
cma,bbob_f011_i72_d05,11,5,72,0,contract,140.30791336431497,300279.04613268416,140.30791336431497,140.30791336431497,140.30791336431497,140.30791336431497
cma,bbob_f011_i72_d05,11,5,72,0,reflect,140.30791336431497,127223.18968590157,140.30791336431497,140.30791336431497,138.28071963453667,138.28071963453667
de,bbob_f011_i72_d05,11,5,72,1,pass,148.1458758246348,248728.3347694522,148.1458758246348,148.1458758246348,148.1458758246348,148.1458758246348
de,bbob_f011_i72_d05,11,5,72,1,contract,148.1458758246348,78115.61545626154,148.1458758246348,148.1458758246348,148.1458758246348,148.1458758246348
de,bbob_f011_i72_d05,11,5,72,1,reflect,148.1458758246348,107581.80648330762,148.1458758246348,148.1458758246348,148.1458758246348,148.1458758246348
pso,bbob_f011_i72_d05,11,5,72,1,pass,168.44898218482035,2778396.681126142,168.44898218482035,168.44898218482035,168.44898218482035,168.44898218482035
pso,bbob_f011_i72_d05,11,5,72,1,contract,168.44898218482035,627827.5650709494,168.44898218482035,168.44898218482035,168.44898218482035,168.44898218482035
pso,bbob_f011_i72_d05,11,5,72,1,reflect,168.44898218482035,4096404.3461880544,168.44898218482035,168.44898218482035,168.44898218482035,168.44898218482035
cma,bbob_f011_i72_d05,11,5,72,1,pass,249.0066287588353,158580.5486485475,249.0066287588353,249.0066287588353,218.59113798792416,209.90037138160628
cma,bbob_f011_i72_d05,11,5,72,1,contract,249.0066287588353,42770.72415970017,249.0066287588353,249.0066287588353,195.30139851768618,195.30139851768618
cma,bbob_f011_i72_d05,11,5,72,1,reflect,249.0066287588353,182051.19617209365,249.0066287588353,249.0066287588353,188.5048353713692,188.5048353713692
de,bbob_f012_i71_d05,12,5,71,0,pass,2885002.554865798,90440207.75102416,2885002.554865798,2885002.554865798,1988218.6792834837,927132.7913661556
de,bbob_f012_i71_d05,12,5,71,0,contract,2885002.554865798,20522077.438522566,2885002.554865798,2885002.554865798,1988218.6792834837,1168292.1472724099
de,bbob_f012_i71_d05,12,5,71,0,reflect,2885002.554865798,380236334.56036794,2885002.554865798,2885002.554865798,1988218.6792834837,927132.7913661556
pso,bbob_f012_i71_d05,12,5,71,0,pass,1896737.1911125507,2951828.2193826726,1896737.1911125507,1896737.1911125507,433057.70164463617,433057.70164463617
pso,bbob_f012_i71_d05,12,5,71,0,contract,1896737.1911125507,1196282.7673732622,1196282.7673732622,1196282.7673732622,387613.16266691225,95886.15336559748
pso,bbob_f012_i71_d05,12,5,71,0,reflect,1896737.1911125507,46036452.9795314,1896737.1911125507,1896737.1911125507,833177.9470388924,705408.5737927693
cma,bbob_f012_i71_d05,12,5,71,0,pass,1157173.6660898072,1802108.1407638227,1157173.6660898072,1157173.6660898072,216151.8100902178,86501.8918754721
cma,bbob_f012_i71_d05,12,5,71,0,contract,1157173.6660898072,1495882.204393237,1157173.6660898072,1157173.6660898072,55445.17997554997,34853.88639062455
cma,bbob_f012_i71_d05,12,5,71,0,reflect,1157173.6660898072,6205808.555190529,1157173.6660898072,1137554.8499110127,77858.6501613576,30689.615791215332
de,bbob_f012_i71_d05,12,5,71,1,pass,2337620.4263160834,74363645.7503025,2337620.4263160834,2337620.4263160834,2337620.4263160834,2337620.4263160834
de,bbob_f012_i71_d05,12,5,71,1,contract,2337620.4263160834,13678856.28163517,2337620.4263160834,2337620.4263160834,2337620.4263160834,2337620.4263160834
de,bbob_f012_i71_d05,12,5,71,1,reflect,2337620.4263160834,20460914.77234497,2337620.4263160834,2337620.4263160834,2337620.4263160834,2337620.4263160834
pso,bbob_f012_i71_d05,12,5,71,1,pass,740314.9250434436,8693516.915399112,740314.9250434436,740314.9250434436,245244.2896750443,245244.2896750443
pso,bbob_f012_i71_d05,12,5,71,1,contract,740314.9250434436,3149280.3686970235,740314.9250434436,740314.9250434436,245244.2896750443,245244.2896750443
pso,bbob_f012_i71_d05,12,5,71,1,reflect,740314.9250434436,48612761.59377767,740314.9250434436,740314.9250434436,245244.2896750443,245244.2896750443
cma,bbob_f012_i71_d05,12,5,71,1,pass,992883.1360460235,6680689.164206277,992883.1360460235,992883.1360460235,269065.9229171464,24253.358570826993
cma,bbob_f012_i71_d05,12,5,71,1,contract,992883.1360460235,3307394.327709677,992883.1360460235,577687.1788604802,231996.5930731918,156911.60015378686
cma,bbob_f012_i71_d05,12,5,71,1,reflect,992883.1360460235,8144332.798698121,992883.1360460235,156374.0720954348,87404.58073748261,13385.846177510122
de,bbob_f012_i72_d05,12,5,72,0,pass,1176908.3375719313,32566220.6260544,1176908.3375719313,768628.7516000076,768628.7516000076,768628.7516000076
de,bbob_f012_i72_d05,12,5,72,0,contract,1176908.3375719313,4955302.924667295,1176908.3375719313,768628.7516000076,768628.7516000076,768628.7516000076
de,bbob_f012_i72_d05,12,5,72,0,reflect,1176908.3375719313,86994738.29198052,1176908.3375719313,768628.7516000076,757757.5277655224,757757.5277655224
pso,bbob_f012_i72_d05,12,5,72,0,pass,473122.6407250902,6944649.159510425,473122.6407250902,473122.6407250902,473122.6407250902,289198.6118973188
pso,bbob_f012_i72_d05,12,5,72,0,contract,473122.6407250902,2566774.6896198075,473122.6407250902,473122.6407250902,473122.6407250902,289198.6118973188
pso,bbob_f012_i72_d05,12,5,72,0,reflect,473122.6407250902,29920822.1435765,473122.6407250902,473122.6407250902,473122.6407250902,289198.6118973188
cma,bbob_f012_i72_d05,12,5,72,0,pass,1420093.6315617769,5989268.1449282495,1420093.6315617769,1345216.6508259135,82273.85078813789,6729.687658328557
cma,bbob_f012_i72_d05,12,5,72,0,contract,1420093.6315617769,5019267.404819089,1420093.6315617769,1343949.6327438056,73534.97362103086,8386.262105692256
cma,bbob_f012_i72_d05,12,5,72,0,reflect,1420093.6315617769,5742210.722661298,1420093.6315617769,1420093.6315617769,135412.50014862596,10815.26072686524
de,bbob_f012_i72_d05,12,5,72,1,pass,4090857.410596031,31011819.892542012,4090857.410596031,4090857.410596031,3270359.478236598,3270359.478236598
de,bbob_f012_i72_d05,12,5,72,1,contract,4090857.410596031,7109030.775584518,4090857.410596031,4090857.410596031,4090857.410596031,4090857.410596031
de,bbob_f012_i72_d05,12,5,72,1,reflect,4090857.410596031,17338425.30810294,4090857.410596031,4090857.410596031,3270359.478236598,722488.1147504004
pso,bbob_f012_i72_d05,12,5,72,1,pass,456271.12896463857,10493044.064105347,456271.12896463857,456271.12896463857,456271.12896463857,114277.18636708439
pso,bbob_f012_i72_d05,12,5,72,1,contract,456271.12896463857,3029813.920422841,456271.12896463857,456271.12896463857,456271.12896463857,114277.18636708439
pso,bbob_f012_i72_d05,12,5,72,1,reflect,456271.12896463857,28658450.523063052,456271.12896463857,456271.12896463857,456271.12896463857,114277.18636708439
cma,bbob_f012_i72_d05,12,5,72,1,pass,173745.44414613652,1903973.1625386248,173745.44414613652,173745.44414613652,142052.1987658509,8676.135108486204
cma,bbob_f012_i72_d05,12,5,72,1,contract,173745.44414613652,561007.346319988,173745.44414613652,173745.44414613652,57369.174505080206,11554.972726975398
cma,bbob_f012_i72_d05,12,5,72,1,reflect,173745.44414613652,2936697.069597178,173745.44414613652,173745.44414613652,173745.44414613652,47434.91905604969
de,bbob_f013_i71_d05,13,5,71,0,pass,447.7235537976261,1322.4749800594732,447.7235537976261,447.7235537976261,434.092499043075,350.4773198088281
de,bbob_f013_i71_d05,13,5,71,0,contract,447.7235537976261,762.1144735704917,447.7235537976261,447.7235537976261,447.7235537976261,310.7119125871053
de,bbob_f013_i71_d05,13,5,71,0,reflect,447.7235537976261,973.9526627279971,447.7235537976261,447.7235537976261,447.7235537976261,392.0615161715706
pso,bbob_f013_i71_d05,13,5,71,0,pass,163.51487325734152,470.3022077714279,163.51487325734152,163.51487325734152,163.51487325734152,156.61078106498508
pso,bbob_f013_i71_d05,13,5,71,0,contract,163.51487325734152,239.17918131558986,163.51487325734152,163.51487325734152,163.51487325734152,156.61078106498508
pso,bbob_f013_i71_d05,13,5,71,0,reflect,163.51487325734152,1431.453511256523,163.51487325734152,163.51487325734152,163.51487325734152,156.61078106498508
cma,bbob_f013_i71_d05,13,5,71,0,pass,182.82402413588747,356.6966274477493,182.82402413588747,170.75439627928424,74.72612177494716,67.35080976366072
cma,bbob_f013_i71_d05,13,5,71,0,contract,182.82402413588747,275.2437799129377,182.82402413588747,165.9567286154694,59.54182289154691,59.54182289154691
cma,bbob_f013_i71_d05,13,5,71,0,reflect,182.82402413588747,439.4771787954254,182.82402413588747,161.34809137464674,87.60892578401253,55.102337690235984
de,bbob_f013_i71_d05,13,5,71,1,pass,292.3123303621648,903.0752935118876,292.3123303621648,292.3123303621648,292.3123303621648,292.3123303621648
de,bbob_f013_i71_d05,13,5,71,1,contract,292.3123303621648,536.7314822288561,292.3123303621648,292.3123303621648,292.3123303621648,253.17806833800145
de,bbob_f013_i71_d05,13,5,71,1,reflect,292.3123303621648,937.5773709689407,292.3123303621648,292.3123303621648,292.3123303621648,292.3123303621648
pso,bbob_f013_i71_d05,13,5,71,1,pass,162.30253281328862,557.3029641433712,162.30253281328862,138.76355583790948,138.76355583790948,130.86668849551322
pso,bbob_f013_i71_d05,13,5,71,1,contract,162.30253281328862,379.3998744802182,162.30253281328862,138.76355583790948,138.76355583790948,130.86668849551322
pso,bbob_f013_i71_d05,13,5,71,1,reflect,162.30253281328862,1080.3726560141574,162.30253281328862,138.76355583790948,138.76355583790948,130.86668849551322
cma,bbob_f013_i71_d05,13,5,71,1,pass,113.58361742731046,427.1049027118716,113.58361742731046,113.58361742731046,107.16017506400526,50.677454842751416
cma,bbob_f013_i71_d05,13,5,71,1,contract,113.58361742731046,311.2632395196311,113.58361742731046,101.26550672860992,68.03384558783362,57.486687895477004
cma,bbob_f013_i71_d05,13,5,71,1,reflect,113.58361742731046,151.93019991500907,113.58361742731046,113.58361742731046,104.85963120429186,62.197096405651905
de,bbob_f013_i72_d05,13,5,72,0,pass,-349.11364169689,288.170677449628,-349.11364169689,-374.8313658043614,-374.8313658043614,-502.43302017019016
de,bbob_f013_i72_d05,13,5,72,0,contract,-349.11364169689,-103.6922497222647,-349.11364169689,-374.8313658043614,-374.8313658043614,-374.8313658043614
de,bbob_f013_i72_d05,13,5,72,0,reflect,-349.11364169689,945.0877120310907,-349.11364169689,-374.8313658043614,-374.8313658043614,-502.43302017019016
pso,bbob_f013_i72_d05,13,5,72,0,pass,-597.9091598077232,-405.9603804325548,-597.9091598077232,-597.9091598077232,-624.9038260078353,-665.4493234702771
pso,bbob_f013_i72_d05,13,5,72,0,contract,-597.9091598077232,-494.344471730953,-597.9091598077232,-597.9091598077232,-624.9038260078353,-665.4493234702771
pso,bbob_f013_i72_d05,13,5,72,0,reflect,-597.9091598077232,574.0780831979922,-597.9091598077232,-597.9091598077232,-624.9038260078353,-665.4493234702771
cma,bbob_f013_i72_d05,13,5,72,0,pass,-613.7558554461922,-265.42903754085984,-613.7558554461922,-647.9984730333688,-676.3476145954237,-717.034105181322
cma,bbob_f013_i72_d05,13,5,72,0,contract,-613.7558554461922,-399.6307556367082,-613.7558554461922,-613.7558554461922,-705.7403591187115,-726.2592218101519
cma,bbob_f013_i72_d05,13,5,72,0,reflect,-613.7558554461922,-477.08628738176975,-613.7558554461922,-636.6910101893069,-690.7954115439671,-717.5717951713651
de,bbob_f013_i72_d05,13,5,72,1,pass,-376.3646702304338,848.6839340902203,-376.3646702304338,-376.3646702304338,-376.3646702304338,-437.8710737653177
de,bbob_f013_i72_d05,13,5,72,1,contract,-376.3646702304338,-56.60096683585516,-376.3646702304338,-376.3646702304338,-394.82461770816354,-574.2699881717098
de,bbob_f013_i72_d05,13,5,72,1,reflect,-376.3646702304338,323.1621766661084,-376.3646702304338,-376.3646702304338,-376.3646702304338,-437.8710737653177
pso,bbob_f013_i72_d05,13,5,72,1,pass,-611.7178092050337,-176.8788360535093,-611.7178092050337,-611.7178092050337,-611.7178092050337,-673.6090736220713
pso,bbob_f013_i72_d05,13,5,72,1,contract,-611.7178092050337,-400.71559694090473,-611.7178092050337,-611.7178092050337,-611.7178092050337,-673.6090736220713
pso,bbob_f013_i72_d05,13,5,72,1,reflect,-611.7178092050337,628.7916967945927,-611.7178092050337,-611.7178092050337,-611.7178092050337,-673.6090736220713
cma,bbob_f013_i72_d05,13,5,72,1,pass,-485.97285349053664,-276.60491469256806,-485.97285349053664,-485.97285349053664,-608.5820297415062,-682.037756967391
cma,bbob_f013_i72_d05,13,5,72,1,contract,-485.97285349053664,-423.9775407151062,-485.97285349053664,-485.97285349053664,-629.0844043013443,-680.848139171029
cma,bbob_f013_i72_d05,13,5,72,1,reflect,-485.97285349053664,-284.3863776131388,-485.97285349053664,-485.97285349053664,-529.2579261865303,-674.1358265218764
de,bbob_f014_i71_d05,14,5,71,0,pass,37.2263110412007,73.01218849971282,37.2263110412007,37.2263110412007,36.8964375020439,35.515393002705146
de,bbob_f014_i71_d05,14,5,71,0,contract,37.2263110412007,39.852094925959356,37.2263110412007,37.2263110412007,37.2263110412007,34.89928342856006
de,bbob_f014_i71_d05,14,5,71,0,reflect,37.2263110412007,86.45842321982863,37.2263110412007,37.2263110412007,36.8964375020439,35.515393002705146
pso,bbob_f014_i71_d05,14,5,71,0,pass,33.32393048877086,60.89409870679571,33.32393048877086,33.32393048877086,33.18039263757906,33.18039263757906
pso,bbob_f014_i71_d05,14,5,71,0,contract,33.32393048877086,41.34628483961629,33.32393048877086,33.32393048877086,33.18039263757906,33.18039263757906
pso,bbob_f014_i71_d05,14,5,71,0,reflect,33.32393048877086,68.99771626835516,33.32393048877086,33.32393048877086,33.18039263757906,33.18039263757906
cma,bbob_f014_i71_d05,14,5,71,0,pass,34.26860492369023,38.59314713145837,34.26860492369023,33.74523788077293,33.05382119658638,32.800303409892024
cma,bbob_f014_i71_d05,14,5,71,0,contract,34.26860492369023,34.44407665144286,34.26860492369023,34.26860492369023,33.052950067837834,32.78004123618928
cma,bbob_f014_i71_d05,14,5,71,0,reflect,34.26860492369023,40.775810662824966,34.26860492369023,34.26860492369023,32.94816187885066,32.9142215506998
de,bbob_f014_i71_d05,14,5,71,1,pass,35.160130122820746,73.92648395238876,35.160130122820746,35.160130122820746,35.160130122820746,35.160130122820746
de,bbob_f014_i71_d05,14,5,71,1,contract,35.160130122820746,45.36675492446018,35.160130122820746,35.160130122820746,35.15177009111563,35.15177009111563
de,bbob_f014_i71_d05,14,5,71,1,reflect,35.160130122820746,93.75807331709231,35.160130122820746,35.160130122820746,35.160130122820746,35.160130122820746
pso,bbob_f014_i71_d05,14,5,71,1,pass,33.53008581382317,45.789020977126704,33.53008581382317,33.31290122018097,33.31290122018097,32.98460041020975
pso,bbob_f014_i71_d05,14,5,71,1,contract,33.53008581382317,36.12172999634514,33.53008581382317,33.31290122018097,33.31290122018097,32.98460041020975
pso,bbob_f014_i71_d05,14,5,71,1,reflect,33.53008581382317,70.78443419570107,33.53008581382317,33.31290122018097,33.31290122018097,32.98460041020975
cma,bbob_f014_i71_d05,14,5,71,1,pass,33.90629054821558,34.761630128184926,33.90629054821558,33.90629054821558,33.25300871363827,32.72447920625515
cma,bbob_f014_i71_d05,14,5,71,1,contract,33.90629054821558,34.41385026488122,33.90629054821558,33.69703775537244,33.40547639681798,32.97044234432982
cma,bbob_f014_i71_d05,14,5,71,1,reflect,33.90629054821558,36.736183669894984,33.90629054821558,33.90629054821558,33.09333806399275,32.859812674766125
de,bbob_f014_i72_d05,14,5,72,0,pass,-36.350551025032225,-35.41374517806782,-36.350551025032225,-36.350551025032225,-37.878539089156924,-38.71468702277791
de,bbob_f014_i72_d05,14,5,72,0,contract,-36.350551025032225,-37.346578587209976,-37.346578587209976,-37.346578587209976,-37.346578587209976,-38.0258594043384
de,bbob_f014_i72_d05,14,5,72,0,reflect,-36.350551025032225,181.86178192227644,-36.350551025032225,-36.56185224246923,-36.56185224246923,-38.29843142845995
pso,bbob_f014_i72_d05,14,5,72,0,pass,-37.86453260462581,-36.460903602395256,-37.86453260462581,-37.86453260462581,-38.39824588575112,-38.560433541316904
pso,bbob_f014_i72_d05,14,5,72,0,contract,-37.86453260462581,-37.29807536321555,-37.86453260462581,-37.86453260462581,-38.39824588575112,-38.560433541316904
pso,bbob_f014_i72_d05,14,5,72,0,reflect,-37.86453260462581,135.8304599385768,-37.86453260462581,-37.86453260462581,-38.39824588575112,-38.560433541316904
cma,bbob_f014_i72_d05,14,5,72,0,pass,-37.351852522653495,-36.80212893034049,-37.351852522653495,-38.0877721807093,-39.091959125698324,-39.330332448596785
cma,bbob_f014_i72_d05,14,5,72,0,contract,-37.351852522653495,-37.163964492179694,-37.351852522653495,-38.05062841158164,-39.25534565680789,-39.25534565680789
cma,bbob_f014_i72_d05,14,5,72,0,reflect,-37.351852522653495,-35.985975750720954,-37.351852522653495,-37.64083659910655,-39.230767720593725,-39.33745701773647
de,bbob_f014_i72_d05,14,5,72,1,pass,-31.984242853844172,-20.500848769272057,-31.984242853844172,-33.39229851383702,-36.38910114275986,-36.38910114275986
de,bbob_f014_i72_d05,14,5,72,1,contract,-31.984242853844172,-31.07859670377446,-31.984242853844172,-33.39229851383702,-33.39229851383702,-36.819843091011194
de,bbob_f014_i72_d05,14,5,72,1,reflect,-31.984242853844172,1.8617954616648689,-31.984242853844172,-33.39229851383702,-36.38910114275986,-36.38910114275986
pso,bbob_f014_i72_d05,14,5,72,1,pass,-37.60665198984245,-31.24270578617974,-37.60665198984245,-37.97008576867312,-38.92955908319916,-38.92955908319916
pso,bbob_f014_i72_d05,14,5,72,1,contract,-37.60665198984245,-38.000211751774216,-38.000211751774216,-38.000211751774216,-38.41056109588287,-38.88010767831312
pso,bbob_f014_i72_d05,14,5,72,1,reflect,-37.60665198984245,0.5792856597871037,-37.60665198984245,-37.97008576867312,-38.92955908319916,-38.92955908319916
cma,bbob_f014_i72_d05,14,5,72,1,pass,-38.144612674608474,-38.40621608682045,-38.40621608682045,-38.40621608682045,-38.92023390291283,-39.36278323337431
cma,bbob_f014_i72_d05,14,5,72,1,contract,-38.144612674608474,-38.82199517003164,-38.82199517003164,-38.82199517003164,-39.09558999526933,-39.263233110770315
cma,bbob_f014_i72_d05,14,5,72,1,reflect,-38.144612674608474,-36.49916458122084,-38.144612674608474,-38.144612674608474,-39.03921001456174,-39.23513875345467
de,bbob_f015_i71_d05,15,5,71,0,pass,-269.5695004632537,-144.52000662730876,-269.5695004632537,-269.5695004632537,-280.12782584484427,-290.3270764578068
de,bbob_f015_i71_d05,15,5,71,0,contract,-269.5695004632537,-213.3932907746459,-269.5695004632537,-269.5695004632537,-302.1153626357874,-302.1153626357874
de,bbob_f015_i71_d05,15,5,71,0,reflect,-269.5695004632537,-14.229793521122247,-269.5695004632537,-269.5695004632537,-280.12782584484427,-290.3270764578068
pso,bbob_f015_i71_d05,15,5,71,0,pass,-286.2677639098096,-212.86480786577195,-286.2677639098096,-302.0976644025418,-302.0976644025418,-332.86794372510843
pso,bbob_f015_i71_d05,15,5,71,0,contract,-286.2677639098096,-277.2407422423427,-286.2677639098096,-302.0976644025418,-302.0976644025418,-332.86794372510843
pso,bbob_f015_i71_d05,15,5,71,0,reflect,-286.2677639098096,-55.0550378814728,-286.2677639098096,-302.0976644025418,-302.0976644025418,-332.86794372510843
cma,bbob_f015_i71_d05,15,5,71,0,pass,-328.5234879705511,-298.0149865239619,-328.5234879705511,-328.5234879705511,-328.5234879705511,-345.388704529686
cma,bbob_f015_i71_d05,15,5,71,0,contract,-328.5234879705511,-276.31550056533024,-328.5234879705511,-328.5234879705511,-328.5234879705511,-331.85929313631146
cma,bbob_f015_i71_d05,15,5,71,0,reflect,-328.5234879705511,-301.1214181525402,-328.5234879705511,-328.5234879705511,-328.5234879705511,-328.5234879705511
de,bbob_f015_i71_d05,15,5,71,1,pass,-267.720988679947,-286.03443116534487,-286.03443116534487,-286.03443116534487,-292.46519456852275,-305.29484586683384
de,bbob_f015_i71_d05,15,5,71,1,contract,-267.720988679947,-280.8111244007017,-280.8111244007017,-280.8111244007017,-292.46519456852275,-304.4366822325962
de,bbob_f015_i71_d05,15,5,71,1,reflect,-267.720988679947,34.74377687966262,-267.720988679947,-267.720988679947,-292.46519456852275,-303.02658565295474
pso,bbob_f015_i71_d05,15,5,71,1,pass,-313.5275505193681,-273.53047975290235,-313.5275505193681,-313.5275505193681,-313.5275505193681,-313.5275505193681
pso,bbob_f015_i71_d05,15,5,71,1,contract,-313.5275505193681,-253.17066942224307,-313.5275505193681,-313.5275505193681,-313.5275505193681,-313.5275505193681
pso,bbob_f015_i71_d05,15,5,71,1,reflect,-313.5275505193681,68.02977180600658,-313.5275505193681,-313.5275505193681,-313.5275505193681,-313.5275505193681
cma,bbob_f015_i71_d05,15,5,71,1,pass,-313.56357638134534,-284.63869927427,-313.56357638134534,-317.45123311588844,-317.45123311588844,-323.06097826400116
cma,bbob_f015_i71_d05,15,5,71,1,contract,-313.56357638134534,-298.5898624885222,-313.56357638134534,-317.45123311588844,-321.4904804994043,-321.4904804994043
cma,bbob_f015_i71_d05,15,5,71,1,reflect,-313.56357638134534,-275.327665207392,-313.56357638134534,-317.45123311588844,-317.45123311588844,-332.2146793622564
de,bbob_f015_i72_d05,15,5,72,0,pass,153.0598376172164,164.01382393173307,153.0598376172164,152.54728461672,152.54728461672,136.74043151475394
de,bbob_f015_i72_d05,15,5,72,0,contract,153.0598376172164,170.9961588255527,153.0598376172164,153.0598376172164,153.0598376172164,130.76724046234278
de,bbob_f015_i72_d05,15,5,72,0,reflect,153.0598376172164,273.2099757627117,153.0598376172164,153.0598376172164,153.0598376172164,138.23911099503397
pso,bbob_f015_i72_d05,15,5,72,0,pass,134.42173486940663,172.6179252833204,134.42173486940663,112.24612797095915,109.63000841811203,109.63000841811203
pso,bbob_f015_i72_d05,15,5,72,0,contract,134.42173486940663,173.78585550125314,134.42173486940663,112.24612797095915,109.63000841811203,109.63000841811203
pso,bbob_f015_i72_d05,15,5,72,0,reflect,134.42173486940663,2974.246894926269,134.42173486940663,112.24612797095915,109.63000841811203,109.63000841811203
cma,bbob_f015_i72_d05,15,5,72,0,pass,118.96746555359243,151.02373039860927,118.96746555359243,118.96746555359243,118.96746555359243,101.92499076774034
cma,bbob_f015_i72_d05,15,5,72,0,contract,118.96746555359243,123.6422423009661,118.96746555359243,118.96746555359243,117.3032947588789,114.00626970635065
cma,bbob_f015_i72_d05,15,5,72,0,reflect,118.96746555359243,143.1890889276671,118.96746555359243,118.96746555359243,118.96746555359243,118.96746555359243
de,bbob_f015_i72_d05,15,5,72,1,pass,159.63999634660107,217.97054952793602,159.63999634660107,159.63999634660107,157.10685009273416,137.87864992643458
de,bbob_f015_i72_d05,15,5,72,1,contract,159.63999634660107,203.18948227564383,159.63999634660107,159.63999634660107,157.10685009273416,142.5815408272759
de,bbob_f015_i72_d05,15,5,72,1,reflect,159.63999634660107,267.9894275980366,159.63999634660107,159.63999634660107,157.10685009273416,137.87864992643458
pso,bbob_f015_i72_d05,15,5,72,1,pass,123.52605752280057,178.48060645655914,123.52605752280057,123.52605752280057,112.2616522736694,103.37444015303831
pso,bbob_f015_i72_d05,15,5,72,1,contract,123.52605752280057,141.40286007705018,123.52605752280057,123.52605752280057,112.2616522736694,103.37444015303831
pso,bbob_f015_i72_d05,15,5,72,1,reflect,123.52605752280057,588.6427214045223,123.52605752280057,123.52605752280057,112.2616522736694,103.37444015303831
cma,bbob_f015_i72_d05,15,5,72,1,pass,107.25827692917443,148.8009890792788,107.25827692917443,107.25827692917443,107.25827692917443,107.25827692917443
cma,bbob_f015_i72_d05,15,5,72,1,contract,107.25827692917443,123.11170883526417,107.25827692917443,107.25827692917443,107.25827692917443,104.12983602058338
cma,bbob_f015_i72_d05,15,5,72,1,reflect,107.25827692917443,178.5699847539766,107.25827692917443,107.25827692917443,107.25827692917443,107.25827692917443
de,bbob_f016_i71_d05,16,5,71,0,pass,71.2476164433586,161.8620859826609,71.2476164433586,71.2476164433586,71.2476164433586,71.2476164433586
de,bbob_f016_i71_d05,16,5,71,0,contract,71.2476164433586,246.95528692810484,71.2476164433586,71.2476164433586,71.2476164433586,71.2476164433586
de,bbob_f016_i71_d05,16,5,71,0,reflect,71.2476164433586,138.8278286667046,71.2476164433586,71.2476164433586,71.2476164433586,71.2476164433586
pso,bbob_f016_i71_d05,16,5,71,0,pass,76.27705089924055,108.244591013829,76.27705089924055,76.27705089924055,76.27705089924055,76.27705089924055
pso,bbob_f016_i71_d05,16,5,71,0,contract,76.27705089924055,145.9469209069083,76.27705089924055,76.27705089924055,76.27705089924055,76.27705089924055
pso,bbob_f016_i71_d05,16,5,71,0,reflect,76.27705089924055,209.43493860789403,76.27705089924055,76.27705089924055,76.27705089924055,76.27705089924055
cma,bbob_f016_i71_d05,16,5,71,0,pass,77.83575107214097,251.846487637616,77.83575107214097,77.83575107214097,76.91612956494515,75.43766539189912
cma,bbob_f016_i71_d05,16,5,71,0,contract,77.83575107214097,189.58606331886978,77.83575107214097,77.83575107214097,75.02847258998007,75.02847258998007
cma,bbob_f016_i71_d05,16,5,71,0,reflect,77.83575107214097,179.02766710507245,77.83575107214097,77.83575107214097,77.83575107214097,70.88164311212763
de,bbob_f016_i71_d05,16,5,71,1,pass,86.76704474501378,141.1352076599306,86.76704474501378,86.76704474501378,83.06276435570193,83.06276435570193
de,bbob_f016_i71_d05,16,5,71,1,contract,86.76704474501378,116.59799382361442,86.76704474501378,86.76704474501378,83.06276435570193,83.06276435570193
de,bbob_f016_i71_d05,16,5,71,1,reflect,86.76704474501378,100.95470992919245,86.76704474501378,86.76704474501378,83.06276435570193,83.06276435570193
pso,bbob_f016_i71_d05,16,5,71,1,pass,89.63810645285717,135.41913809162384,89.63810645285717,85.13286761735333,74.03414358840817,70.07058453647252
pso,bbob_f016_i71_d05,16,5,71,1,contract,89.63810645285717,117.76605372459196,89.63810645285717,85.13286761735333,74.03414358840817,70.07058453647252
pso,bbob_f016_i71_d05,16,5,71,1,reflect,89.63810645285717,168.9504769308249,89.63810645285717,85.13286761735333,74.03414358840817,70.07058453647252
cma,bbob_f016_i71_d05,16,5,71,1,pass,98.50036437053453,110.26784687944702,98.50036437053453,98.50036437053453,86.61814111062705,72.54419753731943
cma,bbob_f016_i71_d05,16,5,71,1,contract,98.50036437053453,166.50962702410604,98.50036437053453,98.50036437053453,93.57744473382397,86.24390780750652
cma,bbob_f016_i71_d05,16,5,71,1,reflect,98.50036437053453,181.0474043321375,98.50036437053453,98.50036437053453,88.97145242038555,77.18031092309567
de,bbob_f016_i72_d05,16,5,72,0,pass,-125.55847016418598,-78.98425337923753,-125.55847016418598,-125.55847016418598,-125.55847016418598,-125.55847016418598
de,bbob_f016_i72_d05,16,5,72,0,contract,-125.55847016418598,-105.65567440411138,-125.55847016418598,-125.55847016418598,-125.55847016418598,-125.55847016418598
de,bbob_f016_i72_d05,16,5,72,0,reflect,-125.55847016418598,5.42647722068827,-125.55847016418598,-125.55847016418598,-125.55847016418598,-125.55847016418598
pso,bbob_f016_i72_d05,16,5,72,0,pass,-127.54706524397926,-91.31062082856931,-127.54706524397926,-127.54706524397926,-127.54706524397926,-131.2415693972317
pso,bbob_f016_i72_d05,16,5,72,0,contract,-127.54706524397926,-102.20370359762927,-127.54706524397926,-127.54706524397926,-127.54706524397926,-131.2415693972317
pso,bbob_f016_i72_d05,16,5,72,0,reflect,-127.54706524397926,-39.641304643629425,-127.54706524397926,-127.54706524397926,-127.54706524397926,-131.2415693972317
cma,bbob_f016_i72_d05,16,5,72,0,pass,-125.96625036731348,-50.30205204971065,-125.96625036731348,-125.96625036731348,-129.56800047707665,-129.56800047707665
cma,bbob_f016_i72_d05,16,5,72,0,contract,-125.96625036731348,-86.01281386018482,-125.96625036731348,-125.96625036731348,-125.96625036731348,-125.96625036731348
cma,bbob_f016_i72_d05,16,5,72,0,reflect,-125.96625036731348,-77.66147965325115,-125.96625036731348,-125.96625036731348,-129.77667581553666,-129.77667581553666
de,bbob_f016_i72_d05,16,5,72,1,pass,-114.37742837419438,-68.71185674775225,-114.37742837419438,-114.37742837419438,-114.37742837419438,-119.66462169992943
de,bbob_f016_i72_d05,16,5,72,1,contract,-114.37742837419438,-88.16007784370429,-114.37742837419438,-114.37742837419438,-114.37742837419438,-119.66462169992943
de,bbob_f016_i72_d05,16,5,72,1,reflect,-114.37742837419438,-76.94262761400871,-114.37742837419438,-114.37742837419438,-114.37742837419438,-119.66462169992943
pso,bbob_f016_i72_d05,16,5,72,1,pass,-119.57354746099979,-52.93836808275526,-119.57354746099979,-126.27099313767211,-126.27099313767211,-128.86362629422956
pso,bbob_f016_i72_d05,16,5,72,1,contract,-119.57354746099979,-122.74070592805765,-122.74070592805765,-122.74070592805765,-124.49836585742662,-128.22491613550795
pso,bbob_f016_i72_d05,16,5,72,1,reflect,-119.57354746099979,-62.33970819204576,-119.57354746099979,-126.27099313767211,-126.27099313767211,-128.86362629422956
cma,bbob_f016_i72_d05,16,5,72,1,pass,-132.8567706076326,-98.62969711008408,-132.8567706076326,-132.8567706076326,-133.4635682210096,-137.22463809718732
cma,bbob_f016_i72_d05,16,5,72,1,contract,-132.8567706076326,-36.8737475013437,-132.8567706076326,-132.8567706076326,-132.8567706076326,-132.8567706076326
cma,bbob_f016_i72_d05,16,5,72,1,reflect,-132.8567706076326,3.205005415610998,-132.8567706076326,-132.8567706076326,-132.91889689878403,-132.91889689878403
de,bbob_f017_i71_d05,17,5,71,0,pass,488.03222153704127,505.71719527257585,488.03222153704127,487.54340796605,487.54340796605,487.54340796605
de,bbob_f017_i71_d05,17,5,71,0,contract,488.03222153704127,496.4497923552803,488.03222153704127,487.54340796605,487.54340796605,487.54340796605
de,bbob_f017_i71_d05,17,5,71,0,reflect,488.03222153704127,529.3669605587475,488.03222153704127,487.54340796605,487.54340796605,487.54340796605
pso,bbob_f017_i71_d05,17,5,71,0,pass,485.24877596382265,488.4641777193846,485.24877596382265,485.24877596382265,483.91781010432885,483.3722697394137
pso,bbob_f017_i71_d05,17,5,71,0,contract,485.24877596382265,487.6661132355348,485.24877596382265,485.24877596382265,483.91781010432885,483.91781010432885
pso,bbob_f017_i71_d05,17,5,71,0,reflect,485.24877596382265,497.45707538486533,485.24877596382265,485.24877596382265,483.91781010432885,483.91781010432885
cma,bbob_f017_i71_d05,17,5,71,0,pass,483.03170057513785,484.3310429246577,483.03170057513785,483.03170057513785,482.4324293124981,482.4324293124981
cma,bbob_f017_i71_d05,17,5,71,0,contract,483.03170057513785,484.8761926765326,483.03170057513785,483.03170057513785,482.0805025423296,481.9621201210808
cma,bbob_f017_i71_d05,17,5,71,0,reflect,483.03170057513785,486.31602839163463,483.03170057513785,482.7029006723613,482.2512439645321,481.9664895383618
de,bbob_f017_i71_d05,17,5,71,1,pass,487.1847596121671,509.64856346730335,487.1847596121671,487.1847596121671,486.52268865575957,485.44776421936024
de,bbob_f017_i71_d05,17,5,71,1,contract,487.1847596121671,489.1995170307713,487.1847596121671,487.1847596121671,486.52268865575957,486.1142570352089
de,bbob_f017_i71_d05,17,5,71,1,reflect,487.1847596121671,487.83001028748976,487.1847596121671,487.1847596121671,485.54813545023876,484.6004172545733
pso,bbob_f017_i71_d05,17,5,71,1,pass,487.59505751913645,486.7833892319031,486.7833892319031,486.2145323156467,485.7596513678065,484.8604596681177
pso,bbob_f017_i71_d05,17,5,71,1,contract,487.59505751913645,491.04226920381603,487.59505751913645,486.20150561074837,484.332672043748,483.2645658737341
pso,bbob_f017_i71_d05,17,5,71,1,reflect,487.59505751913645,509.60491206403105,487.59505751913645,486.20150561074837,484.24937084918605,484.09585881931594
cma,bbob_f017_i71_d05,17,5,71,1,pass,482.8567786937991,484.65899727019183,482.8567786937991,482.8567786937991,482.6056911303839,482.23920885893426
cma,bbob_f017_i71_d05,17,5,71,1,contract,482.8567786937991,483.1919598745123,482.8567786937991,482.8567786937991,482.8567786937991,482.5205622906613
cma,bbob_f017_i71_d05,17,5,71,1,reflect,482.8567786937991,498.0554963334812,482.8567786937991,482.8567786937991,482.57617865799193,482.56124555167145
de,bbob_f017_i72_d05,17,5,72,0,pass,-31.538504561351957,-2.630324952837846,-31.538504561351957,-32.156484333434534,-32.156484333434534,-32.156484333434534
de,bbob_f017_i72_d05,17,5,72,0,contract,-31.538504561351957,-29.368485954524022,-31.538504561351957,-32.156484333434534,-32.32879556870419,-32.32879556870419
de,bbob_f017_i72_d05,17,5,72,0,reflect,-31.538504561351957,-2.6917961770029777,-31.538504561351957,-32.156484333434534,-32.156484333434534,-32.156484333434534
pso,bbob_f017_i72_d05,17,5,72,0,pass,-32.64297469807886,-26.98999741441259,-32.64297469807886,-32.64297469807886,-33.23873921523701,-34.508450067924294
pso,bbob_f017_i72_d05,17,5,72,0,contract,-32.64297469807886,-26.60739608897609,-32.64297469807886,-32.64297469807886,-33.23873921523701,-34.508450067924294
pso,bbob_f017_i72_d05,17,5,72,0,reflect,-32.64297469807886,-26.199947121605426,-32.64297469807886,-32.64297469807886,-33.23873921523701,-34.508450067924294
cma,bbob_f017_i72_d05,17,5,72,0,pass,-35.43959747361759,-33.370764652597764,-35.43959747361759,-35.43959747361759,-35.43959747361759,-36.041003815326555
cma,bbob_f017_i72_d05,17,5,72,0,contract,-35.43959747361759,-34.22708207253123,-35.43959747361759,-35.43959747361759,-36.03250448842304,-36.19854744444099
cma,bbob_f017_i72_d05,17,5,72,0,reflect,-35.43959747361759,-31.320473660311254,-35.43959747361759,-35.43959747361759,-36.00814804360553,-36.024417512386776
de,bbob_f017_i72_d05,17,5,72,1,pass,-31.42458262921004,-10.329485106833918,-31.42458262921004,-31.42458262921004,-33.35706259505905,-33.987212083659756
de,bbob_f017_i72_d05,17,5,72,1,contract,-31.42458262921004,-26.05879232032043,-31.42458262921004,-31.42458262921004,-31.42458262921004,-32.42819925836546
de,bbob_f017_i72_d05,17,5,72,1,reflect,-31.42458262921004,-18.750001973694218,-31.42458262921004,-31.42458262921004,-33.35706259505905,-33.987212083659756
pso,bbob_f017_i72_d05,17,5,72,1,pass,-33.99739786425535,-31.19421299072758,-33.99739786425535,-33.99739786425535,-34.52878322363269,-35.41184269304856
pso,bbob_f017_i72_d05,17,5,72,1,contract,-33.99739786425535,-33.2390604504338,-33.99739786425535,-33.99739786425535,-34.52878322363269,-35.41184269304856
pso,bbob_f017_i72_d05,17,5,72,1,reflect,-33.99739786425535,-18.070842046304996,-33.99739786425535,-33.99739786425535,-34.52878322363269,-35.41184269304856
cma,bbob_f017_i72_d05,17,5,72,1,pass,-33.36783211855996,-29.82750092325017,-33.36783211855996,-33.36783211855996,-33.36783211855996,-35.12848320667921
cma,bbob_f017_i72_d05,17,5,72,1,contract,-33.36783211855996,-31.361699390067585,-33.36783211855996,-33.36783211855996,-35.05206121439989,-35.05206121439989
cma,bbob_f017_i72_d05,17,5,72,1,reflect,-33.36783211855996,-25.08633384088335,-33.36783211855996,-33.36783211855996,-35.04710584584398,-35.70143696207437
de,bbob_f018_i71_d05,18,5,71,0,pass,504.2093775485454,580.2513602154036,504.2093775485454,504.2093775485454,504.2093775485454,500.8503963175051
de,bbob_f018_i71_d05,18,5,71,0,contract,504.2093775485454,564.7202859923906,504.2093775485454,504.2093775485454,504.2093775485454,500.8503963175051
de,bbob_f018_i71_d05,18,5,71,0,reflect,504.2093775485454,734.8097080569772,504.2093775485454,504.2093775485454,504.2093775485454,500.8503963175051
pso,bbob_f018_i71_d05,18,5,71,0,pass,494.0635722450635,519.7724544135739,494.0635722450635,494.0635722450635,494.0635722450635,494.0635722450635
pso,bbob_f018_i71_d05,18,5,71,0,contract,494.0635722450635,518.0825322639132,494.0635722450635,494.0635722450635,494.0635722450635,494.0635722450635
pso,bbob_f018_i71_d05,18,5,71,0,reflect,494.0635722450635,547.9402549307463,494.0635722450635,494.0635722450635,494.0635722450635,494.0635722450635
cma,bbob_f018_i71_d05,18,5,71,0,pass,493.2366431783535,512.5932195698841,493.2366431783535,491.0464873275414,484.38035124218214,484.38035124218214
cma,bbob_f018_i71_d05,18,5,71,0,contract,493.2366431783535,502.00657542302,493.2366431783535,491.1329003101921,491.1329003101921,487.1058808168358
cma,bbob_f018_i71_d05,18,5,71,0,reflect,493.2366431783535,506.49480071856084,493.2366431783535,491.1329003101921,486.8028745758859,483.9188075702326
de,bbob_f018_i71_d05,18,5,71,1,pass,507.3977816486378,584.4148011744137,507.3977816486378,507.3977816486378,497.7460319943,497.7460319943
de,bbob_f018_i71_d05,18,5,71,1,contract,507.3977816486378,538.4465618498393,507.3977816486378,507.3977816486378,497.7460319943,497.7460319943
de,bbob_f018_i71_d05,18,5,71,1,reflect,507.3977816486378,568.5702370186364,507.3977816486378,507.3977816486378,497.7460319943,497.7460319943
pso,bbob_f018_i71_d05,18,5,71,1,pass,489.49401460775704,501.1065033435,489.49401460775704,489.49401460775704,489.49401460775704,489.49401460775704
pso,bbob_f018_i71_d05,18,5,71,1,contract,489.49401460775704,513.5408320858513,489.49401460775704,489.49401460775704,489.49401460775704,489.49401460775704
pso,bbob_f018_i71_d05,18,5,71,1,reflect,489.49401460775704,502.8937268473885,489.49401460775704,489.49401460775704,489.49401460775704,489.49401460775704
cma,bbob_f018_i71_d05,18,5,71,1,pass,493.9596488489326,508.7217525596729,493.9596488489326,493.9596488489326,490.6281635588395,487.6374341759413
cma,bbob_f018_i71_d05,18,5,71,1,contract,493.9596488489326,498.4256561128427,493.9596488489326,493.9596488489326,491.8801638724601,485.241502157816
cma,bbob_f018_i71_d05,18,5,71,1,reflect,493.9596488489326,550.8086099814946,493.9596488489326,493.9596488489326,488.12636896356673,488.12636896356673
de,bbob_f018_i72_d05,18,5,72,0,pass,-19.34491856817266,72.23742247228353,-19.34491856817266,-19.34491856817266,-22.65719006136515,-26.357209787060548
de,bbob_f018_i72_d05,18,5,72,0,contract,-19.34491856817266,6.008228403538979,-19.34491856817266,-19.34491856817266,-19.34491856817266,-20.860590337341044
de,bbob_f018_i72_d05,18,5,72,0,reflect,-19.34491856817266,335.20927264179096,-19.34491856817266,-19.34491856817266,-19.34491856817266,-19.34491856817266
pso,bbob_f018_i72_d05,18,5,72,0,pass,-20.176718181605853,24.4041225398666,-20.176718181605853,-20.176718181605853,-20.176718181605853,-24.052495915179293
pso,bbob_f018_i72_d05,18,5,72,0,contract,-20.176718181605853,11.174031187664959,-20.176718181605853,-20.176718181605853,-20.176718181605853,-24.052495915179293
pso,bbob_f018_i72_d05,18,5,72,0,reflect,-20.176718181605853,38.7747713306751,-20.176718181605853,-20.176718181605853,-20.176718181605853,-24.052495915179293
cma,bbob_f018_i72_d05,18,5,72,0,pass,-28.882304881336655,-8.42211132008811,-28.882304881336655,-31.10944697590787,-34.75939934023962,-35.510837450990934
cma,bbob_f018_i72_d05,18,5,72,0,contract,-28.882304881336655,-22.723296327916017,-28.882304881336655,-31.10944697590787,-33.41166231103032,-33.78735694067245
cma,bbob_f018_i72_d05,18,5,72,0,reflect,-28.882304881336655,-17.78884275856962,-28.882304881336655,-31.10944697590787,-31.10944697590787,-31.10944697590787
de,bbob_f018_i72_d05,18,5,72,1,pass,-13.804035127014082,11.926018948231636,-13.804035127014082,-13.804035127014082,-13.871099825765526,-20.4330062363659
de,bbob_f018_i72_d05,18,5,72,1,contract,-13.804035127014082,9.227688452067241,-13.804035127014082,-13.804035127014082,-13.871099825765526,-18.892952484729573
de,bbob_f018_i72_d05,18,5,72,1,reflect,-13.804035127014082,43.69937965120345,-13.804035127014082,-13.804035127014082,-13.871099825765526,-22.2768636789001
pso,bbob_f018_i72_d05,18,5,72,1,pass,-30.597316347224883,13.559114545664386,-30.597316347224883,-30.597316347224883,-30.597316347224883,-30.597316347224883
pso,bbob_f018_i72_d05,18,5,72,1,contract,-30.597316347224883,-21.745463957924784,-30.597316347224883,-30.597316347224883,-30.597316347224883,-30.597316347224883
pso,bbob_f018_i72_d05,18,5,72,1,reflect,-30.597316347224883,23.1024524494034,-30.597316347224883,-30.597316347224883,-30.597316347224883,-30.597316347224883
cma,bbob_f018_i72_d05,18,5,72,1,pass,-24.502976283804692,-5.528219670450408,-24.502976283804692,-24.502976283804692,-24.502976283804692,-30.73948122316422
cma,bbob_f018_i72_d05,18,5,72,1,contract,-24.502976283804692,2.582199688086348,-24.502976283804692,-25.846635317091057,-26.699759164481797,-30.522534619166173
cma,bbob_f018_i72_d05,18,5,72,1,reflect,-24.502976283804692,34.102366421043804,-24.502976283804692,-24.502976283804692,-24.502976283804692,-34.43757804992927
de,bbob_f019_i71_d05,19,5,71,0,pass,70.86849462487098,75.57020486579076,70.86849462487098,70.59087511604803,67.04824344822973,67.04824344822973
de,bbob_f019_i71_d05,19,5,71,0,contract,70.86849462487098,72.60380803992473,70.86849462487098,70.59087511604803,67.04824344822973,66.24824819010374
de,bbob_f019_i71_d05,19,5,71,0,reflect,70.86849462487098,271.3828418327105,70.86849462487098,70.59087511604803,67.04824344822973,66.64458810237497
pso,bbob_f019_i71_d05,19,5,71,0,pass,67.3384409024141,100.2079969812801,67.3384409024141,67.3384409024141,65.73165659190546,65.55096125420916
pso,bbob_f019_i71_d05,19,5,71,0,contract,67.3384409024141,75.4161084139228,67.3384409024141,67.3384409024141,65.73165659190546,65.55096125420916
pso,bbob_f019_i71_d05,19,5,71,0,reflect,67.3384409024141,82.88698041885709,67.3384409024141,67.3384409024141,65.73165659190546,65.55096125420916
cma,bbob_f019_i71_d05,19,5,71,0,pass,66.8160528138503,74.18017052041243,66.8160528138503,65.29086217193819,65.29086217193819,65.29086217193819
cma,bbob_f019_i71_d05,19,5,71,0,contract,66.8160528138503,73.43005915714751,66.8160528138503,64.7101473938351,64.7101473938351,64.48436451419872
cma,bbob_f019_i71_d05,19,5,71,0,reflect,66.8160528138503,71.47658481593176,66.8160528138503,66.8160528138503,66.8160528138503,66.61429946883531
de,bbob_f019_i71_d05,19,5,71,1,pass,66.8480518354618,83.50948910348734,66.8480518354618,66.8480518354618,66.8480518354618,66.25732005598617
de,bbob_f019_i71_d05,19,5,71,1,contract,66.8480518354618,76.26721844190072,66.8480518354618,66.8480518354618,62.656170420977205,62.656170420977205
de,bbob_f019_i71_d05,19,5,71,1,reflect,66.8480518354618,86.97449431635494,66.8480518354618,66.8480518354618,66.8480518354618,66.25732005598617
pso,bbob_f019_i71_d05,19,5,71,1,pass,66.8480518354618,70.4246972598979,66.8480518354618,66.8480518354618,64.02553280636856,64.02553280636856
pso,bbob_f019_i71_d05,19,5,71,1,contract,66.8480518354618,70.63512808267437,66.8480518354618,66.8480518354618,64.02553280636856,64.02553280636856
pso,bbob_f019_i71_d05,19,5,71,1,reflect,66.8480518354618,82.23916607544565,66.8480518354618,66.8480518354618,64.02553280636856,64.02553280636856
cma,bbob_f019_i71_d05,19,5,71,1,pass,66.66589615795577,74.40045677683862,66.66589615795577,66.66589615795577,66.54044393102251,66.06694712848866
cma,bbob_f019_i71_d05,19,5,71,1,contract,66.66589615795577,66.56251577951512,66.56251577951512,66.56251577951512,63.91450572515653,63.601188172980876
cma,bbob_f019_i71_d05,19,5,71,1,reflect,66.66589615795577,70.75849649021478,66.66589615795577,66.66589615795577,63.43293354568213,63.43293354568213
de,bbob_f019_i72_d05,19,5,72,0,pass,-76.737697853661,-44.5572794875431,-76.737697853661,-76.737697853661,-76.737697853661,-76.84884048723582
de,bbob_f019_i72_d05,19,5,72,0,contract,-76.737697853661,-73.69315366733674,-76.737697853661,-76.737697853661,-76.737697853661,-76.737697853661
de,bbob_f019_i72_d05,19,5,72,0,reflect,-76.737697853661,-37.07014602706007,-76.737697853661,-76.737697853661,-76.737697853661,-80.17560779358021
pso,bbob_f019_i72_d05,19,5,72,0,pass,-77.41539872142992,-63.07275635873491,-77.41539872142992,-77.41539872142992,-77.96553774094005,-78.16028282410787
pso,bbob_f019_i72_d05,19,5,72,0,contract,-77.41539872142992,-69.28426620949983,-77.41539872142992,-77.41539872142992,-79.87273050750387,-79.87273050750387
pso,bbob_f019_i72_d05,19,5,72,0,reflect,-77.41539872142992,-72.09860377345298,-77.41539872142992,-77.41539872142992,-77.96553774094005,-79.11612318140833
cma,bbob_f019_i72_d05,19,5,72,0,pass,-79.4190932012324,-80.37761189763881,-80.37761189763881,-80.37761189763881,-81.5732592298713,-82.0325126624932
cma,bbob_f019_i72_d05,19,5,72,0,contract,-79.4190932012324,-70.18743759688735,-79.4190932012324,-79.4190932012324,-81.13931648080154,-82.01031776971301
cma,bbob_f019_i72_d05,19,5,72,0,reflect,-79.4190932012324,-79.40973929574007,-79.4190932012324,-79.4190932012324,-80.38242281081021,-84.07829877749246
de,bbob_f019_i72_d05,19,5,72,1,pass,-81.50356054666389,-57.41457906275538,-81.50356054666389,-81.50356054666389,-81.50356054666389,-81.50356054666389
de,bbob_f019_i72_d05,19,5,72,1,contract,-81.50356054666389,-71.6214682324408,-81.50356054666389,-81.50356054666389,-81.50356054666389,-81.50356054666389
de,bbob_f019_i72_d05,19,5,72,1,reflect,-81.50356054666389,-0.6308810581924718,-81.50356054666389,-81.50356054666389,-81.50356054666389,-81.50356054666389
pso,bbob_f019_i72_d05,19,5,72,1,pass,-81.09133427439248,-59.57309593788449,-81.09133427439248,-81.09133427439248,-81.09133427439248,-81.09133427439248
pso,bbob_f019_i72_d05,19,5,72,1,contract,-81.09133427439248,-69.4657402501517,-81.09133427439248,-81.09133427439248,-81.09133427439248,-81.09133427439248
pso,bbob_f019_i72_d05,19,5,72,1,reflect,-81.09133427439248,-25.320483484179306,-81.09133427439248,-81.09133427439248,-81.09133427439248,-81.09133427439248
cma,bbob_f019_i72_d05,19,5,72,1,pass,-79.48562905560019,-76.14252157328706,-79.48562905560019,-79.48562905560019,-80.99456847824149,-82.3203853899982
cma,bbob_f019_i72_d05,19,5,72,1,contract,-79.48562905560019,-78.98334231989959,-79.48562905560019,-79.48562905560019,-82.57790572987702,-82.68147131251372
cma,bbob_f019_i72_d05,19,5,72,1,reflect,-79.48562905560019,-69.85703759114811,-79.48562905560019,-79.48562905560019,-79.62298285631728,-79.79139060424819
de,bbob_f020_i71_d05,20,5,71,0,pass,-133.01141601075125,35122.7504499844,-133.01141601075125,-133.01141601075125,-133.01141601075125,-133.01141601075125
de,bbob_f020_i71_d05,20,5,71,0,contract,-133.01141601075125,4033.163375397894,-133.01141601075125,-133.01141601075125,-133.01141601075125,-133.01141601075125
de,bbob_f020_i71_d05,20,5,71,0,reflect,-133.01141601075125,76201.76579815388,-133.01141601075125,-133.01141601075125,-133.01141601075125,-133.01141601075125
pso,bbob_f020_i71_d05,20,5,71,0,pass,-133.5809161722378,17230.157646675998,-133.5809161722378,-134.2088091461848,-134.2088091461848,-134.26070003986086
pso,bbob_f020_i71_d05,20,5,71,0,contract,-133.5809161722378,3116.405182383678,-133.5809161722378,-134.2088091461848,-134.2088091461848,-134.26070003986086
pso,bbob_f020_i71_d05,20,5,71,0,reflect,-133.5809161722378,29808.947371024453,-133.5809161722378,-134.2088091461848,-134.2088091461848,-134.26070003986086
cma,bbob_f020_i71_d05,20,5,71,0,pass,-134.289626732011,2397.9508971008254,-134.289626732011,-134.289626732011,-134.289626732011,-134.289626732011
cma,bbob_f020_i71_d05,20,5,71,0,contract,-134.289626732011,89.51525836575902,-134.289626732011,-134.289626732011,-134.289626732011,-134.289626732011
cma,bbob_f020_i71_d05,20,5,71,0,reflect,-134.289626732011,-134.35892107181664,-134.35892107181664,-134.35892107181664,-134.35892107181664,-134.61214220334855
de,bbob_f020_i71_d05,20,5,71,1,pass,-133.41747258961576,21272.653558490165,-133.41747258961576,-133.41747258961576,-133.41747258961576,-133.41747258961576
de,bbob_f020_i71_d05,20,5,71,1,contract,-133.41747258961576,2850.742385922381,-133.41747258961576,-133.41747258961576,-133.41747258961576,-133.41747258961576
de,bbob_f020_i71_d05,20,5,71,1,reflect,-133.41747258961576,8755.819356324435,-133.41747258961576,-133.41747258961576,-133.41747258961576,-133.41747258961576
pso,bbob_f020_i71_d05,20,5,71,1,pass,-133.58136042462917,4300.920646294017,-133.58136042462917,-133.7463265508948,-133.7463265508948,-133.87616862846892
pso,bbob_f020_i71_d05,20,5,71,1,contract,-133.58136042462917,-119.46830967130256,-133.58136042462917,-133.7463265508948,-133.7463265508948,-133.87616862846892
pso,bbob_f020_i71_d05,20,5,71,1,reflect,-133.58136042462917,7809.590479898041,-133.58136042462917,-133.7463265508948,-133.7463265508948,-133.87616862846892
cma,bbob_f020_i71_d05,20,5,71,1,pass,-133.83555914882982,-0.8138357114852965,-133.83555914882982,-133.83555914882982,-134.2742087315372,-134.9768318197496
cma,bbob_f020_i71_d05,20,5,71,1,contract,-133.83555914882982,-128.4363737445346,-133.83555914882982,-133.83555914882982,-134.6877276986795,-135.01475130989593
cma,bbob_f020_i71_d05,20,5,71,1,reflect,-133.83555914882982,-40.46770732373744,-133.83555914882982,-133.83555914882982,-134.20264445481368,-134.28112888755592
de,bbob_f020_i72_d05,20,5,72,0,pass,2655.4359349630927,24409.374667892534,2655.4359349630927,2655.4359349630927,640.3737911544838,389.78826664559864
de,bbob_f020_i72_d05,20,5,72,0,contract,2655.4359349630927,742.6823086675038,742.6823086675038,742.6823086675038,742.6823086675038,742.6823086675038
de,bbob_f020_i72_d05,20,5,72,0,reflect,2655.4359349630927,136808.0312628172,2655.4359349630927,2655.4359349630927,640.3737911544838,379.46037610247265
pso,bbob_f020_i72_d05,20,5,72,0,pass,369.915862671913,8026.219500246664,369.915862671913,369.915862671913,369.48895336147893,369.48895336147893
pso,bbob_f020_i72_d05,20,5,72,0,contract,369.915862671913,1270.2345043428563,369.915862671913,369.915862671913,369.48895336147893,369.43562792351156
pso,bbob_f020_i72_d05,20,5,72,0,reflect,369.915862671913,9134.723415996206,369.915862671913,369.915862671913,369.48895336147893,369.48895336147893
cma,bbob_f020_i72_d05,20,5,72,0,pass,369.7432314584968,370.7189985631776,369.7432314584968,369.6355484535603,369.2878897011534,368.72587379934777
cma,bbob_f020_i72_d05,20,5,72,0,contract,369.7432314584968,371.35419780788027,369.7432314584968,369.6435930604291,369.6435930604291,369.0940840716367
cma,bbob_f020_i72_d05,20,5,72,0,reflect,369.7432314584968,509.8380367119745,369.7432314584968,369.0042380073908,369.0042380073908,369.0042380073908
de,bbob_f020_i72_d05,20,5,72,1,pass,1086.580977989619,24077.137798031934,1086.580977989619,1086.580977989619,680.3451053065022,420.8576656277418
de,bbob_f020_i72_d05,20,5,72,1,contract,1086.580977989619,5745.271175618723,1086.580977989619,1086.580977989619,680.3451053065022,420.8576656277418
de,bbob_f020_i72_d05,20,5,72,1,reflect,1086.580977989619,19533.634564793676,1086.580977989619,1086.580977989619,680.3451053065022,420.8576656277418
pso,bbob_f020_i72_d05,20,5,72,1,pass,368.99890519646704,8553.324307564064,368.99890519646704,368.99890519646704,368.99890519646704,368.86331010224376
pso,bbob_f020_i72_d05,20,5,72,1,contract,368.99890519646704,655.4590796717886,368.99890519646704,368.99890519646704,368.99890519646704,368.86331010224376
pso,bbob_f020_i72_d05,20,5,72,1,reflect,368.99890519646704,30535.2170625005,368.99890519646704,368.99890519646704,368.99890519646704,368.86331010224376
cma,bbob_f020_i72_d05,20,5,72,1,pass,370.07432035896005,535.4323472292168,370.07432035896005,370.07432035896005,369.83134794782785,369.1437415261834
cma,bbob_f020_i72_d05,20,5,72,1,contract,370.07432035896005,370.50788970626144,370.07432035896005,370.07432035896005,368.84350887765044,368.84350887765044
cma,bbob_f020_i72_d05,20,5,72,1,reflect,370.07432035896005,1216.8541371630781,370.07432035896005,370.07432035896005,369.3344156865712,369.2923577260963
de,bbob_f021_i71_d05,21,5,71,0,pass,-79.50958374591133,-16.63707140943471,-79.50958374591133,-79.50958374591133,-79.50958374591133,-79.50958374591133
de,bbob_f021_i71_d05,21,5,71,0,contract,-79.50958374591133,-12.633596279284305,-79.50958374591133,-79.50958374591133,-79.50958374591133,-79.50958374591133
de,bbob_f021_i71_d05,21,5,71,0,reflect,-79.50958374591133,-26.944388912535032,-79.50958374591133,-79.50958374591133,-79.50958374591133,-79.50958374591133
pso,bbob_f021_i71_d05,21,5,71,0,pass,-82.4750660030546,-67.02196960779216,-82.4750660030546,-82.4750660030546,-83.36541875609493,-83.36541875609493
pso,bbob_f021_i71_d05,21,5,71,0,contract,-82.4750660030546,-80.417992084077,-82.4750660030546,-82.4750660030546,-83.36541875609493,-83.36541875609493
pso,bbob_f021_i71_d05,21,5,71,0,reflect,-82.4750660030546,-67.57012943568722,-82.4750660030546,-82.4750660030546,-83.36541875609493,-83.507279310449
cma,bbob_f021_i71_d05,21,5,71,0,pass,-84.56850095538668,-57.38884692091699,-84.56850095538668,-84.56850095538668,-85.78787662262108,-86.20287228575249
cma,bbob_f021_i71_d05,21,5,71,0,contract,-84.56850095538668,-77.70580071351424,-84.56850095538668,-84.56850095538668,-84.56850095538668,-86.26524904307041
cma,bbob_f021_i71_d05,21,5,71,0,reflect,-84.56850095538668,-29.522134907405672,-84.56850095538668,-84.56850095538668,-84.56850095538668,-86.14788553755483
de,bbob_f021_i71_d05,21,5,71,1,pass,-78.42801623520268,-21.585568616175195,-78.42801623520268,-78.42801623520268,-78.42801623520268,-78.42801623520268
de,bbob_f021_i71_d05,21,5,71,1,contract,-78.42801623520268,-41.14347994418149,-78.42801623520268,-78.42801623520268,-78.42801623520268,-78.42801623520268
de,bbob_f021_i71_d05,21,5,71,1,reflect,-78.42801623520268,-25.47026517186373,-78.42801623520268,-78.42801623520268,-78.42801623520268,-78.42801623520268
pso,bbob_f021_i71_d05,21,5,71,1,pass,-78.42801623520268,-38.7077633354127,-78.42801623520268,-78.42801623520268,-78.42801623520268,-80.93411275976067
pso,bbob_f021_i71_d05,21,5,71,1,contract,-78.42801623520268,-16.065375141133828,-78.42801623520268,-78.42801623520268,-78.42801623520268,-80.93411275976067
pso,bbob_f021_i71_d05,21,5,71,1,reflect,-78.42801623520268,-26.680686674453078,-78.42801623520268,-78.42801623520268,-78.42801623520268,-80.93411275976067
cma,bbob_f021_i71_d05,21,5,71,1,pass,-68.38495226954069,-65.31638584083063,-68.38495226954069,-68.38495226954069,-77.11232851280148,-79.16086492233524
cma,bbob_f021_i71_d05,21,5,71,1,contract,-68.38495226954069,-62.38295283973652,-68.38495226954069,-68.38495226954069,-68.38495226954069,-79.92732511184983
cma,bbob_f021_i71_d05,21,5,71,1,reflect,-68.38495226954069,-56.6917450243668,-68.38495226954069,-68.38495226954069,-73.29559324900107,-76.40812918821494
de,bbob_f021_i72_d05,21,5,72,0,pass,27.966116423074574,89.09668919858491,27.966116423074574,27.966116423074574,27.966116423074574,27.966116423074574
de,bbob_f021_i72_d05,21,5,72,0,contract,27.966116423074574,36.18719289987853,27.966116423074574,27.966116423074574,27.966116423074574,27.966116423074574
de,bbob_f021_i72_d05,21,5,72,0,reflect,27.966116423074574,98.52993781460219,27.966116423074574,27.966116423074574,27.966116423074574,27.966116423074574
pso,bbob_f021_i72_d05,21,5,72,0,pass,26.406948757984026,27.041886630191133,26.406948757984026,26.406948757984026,26.406948757984026,24.54998367518608
pso,bbob_f021_i72_d05,21,5,72,0,contract,26.406948757984026,27.085502158633933,26.406948757984026,26.406948757984026,26.406948757984026,24.54998367518608
pso,bbob_f021_i72_d05,21,5,72,0,reflect,26.406948757984026,86.1744120288725,26.406948757984026,26.406948757984026,26.406948757984026,24.54998367518608
cma,bbob_f021_i72_d05,21,5,72,0,pass,32.55479849460541,66.04273482424144,32.55479849460541,30.718267104374092,29.522051306960247,29.357060966668413
cma,bbob_f021_i72_d05,21,5,72,0,contract,32.55479849460541,47.380436711426,32.55479849460541,30.718267104374092,29.581214938161864,29.535318100122513
cma,bbob_f021_i72_d05,21,5,72,0,reflect,32.55479849460541,28.289355820819562,28.289355820819562,28.289355820819562,25.869583346681992,24.111673605238988
de,bbob_f021_i72_d05,21,5,72,1,pass,31.974591424495024,62.36109979562349,31.974591424495024,31.974591424495024,31.067818734064442,28.48156040263772
de,bbob_f021_i72_d05,21,5,72,1,contract,31.974591424495024,80.54880151770021,31.974591424495024,31.974591424495024,31.067818734064442,31.067818734064442
de,bbob_f021_i72_d05,21,5,72,1,reflect,31.974591424495024,100.93371835945031,31.974591424495024,31.974591424495024,31.067818734064442,31.067818734064442
pso,bbob_f021_i72_d05,21,5,72,1,pass,26.914206828526297,81.30357304394381,26.914206828526297,26.914206828526297,26.914206828526297,26.914206828526297
pso,bbob_f021_i72_d05,21,5,72,1,contract,26.914206828526297,88.8771076277746,26.914206828526297,26.914206828526297,26.914206828526297,26.914206828526297
pso,bbob_f021_i72_d05,21,5,72,1,reflect,26.914206828526297,93.41948743847317,26.914206828526297,26.914206828526297,26.914206828526297,26.914206828526297
cma,bbob_f021_i72_d05,21,5,72,1,pass,29.054346763847526,42.018794079719186,29.054346763847526,29.054346763847526,29.054346763847526,29.054346763847526
cma,bbob_f021_i72_d05,21,5,72,1,contract,29.054346763847526,37.6677848013232,29.054346763847526,29.054346763847526,29.054346763847526,29.054346763847526
cma,bbob_f021_i72_d05,21,5,72,1,reflect,29.054346763847526,47.034184546510474,29.054346763847526,29.054346763847526,29.054346763847526,29.054346763847526
de,bbob_f022_i71_d05,22,5,71,0,pass,180.2450272220995,237.55369555533912,180.2450272220995,180.2450272220995,180.2450272220995,160.17876699288877
de,bbob_f022_i71_d05,22,5,71,0,contract,180.2450272220995,229.3631712204254,180.2450272220995,180.2450272220995,180.2450272220995,160.17876699288877
de,bbob_f022_i71_d05,22,5,71,0,reflect,180.2450272220995,237.1286049550453,180.2450272220995,180.2450272220995,180.2450272220995,160.17876699288877
pso,bbob_f022_i71_d05,22,5,71,0,pass,154.83228584757032,184.44700094596342,154.83228584757032,154.83228584757032,154.76007911769608,154.6126185316969
pso,bbob_f022_i71_d05,22,5,71,0,contract,154.83228584757032,161.0650234217387,154.83228584757032,154.83228584757032,154.76007911769608,154.6126185316969
pso,bbob_f022_i71_d05,22,5,71,0,reflect,154.83228584757032,214.13082551140687,154.83228584757032,154.83228584757032,154.76007911769608,154.6126185316969
cma,bbob_f022_i71_d05,22,5,71,0,pass,173.27209678654975,176.5013005860028,173.27209678654975,172.44348171985297,167.61491287616434,167.4038865699775
cma,bbob_f022_i71_d05,22,5,71,0,contract,173.27209678654975,175.04443687108616,173.27209678654975,172.3067694079472,167.63021735316914,167.3809967601839
cma,bbob_f022_i71_d05,22,5,71,0,reflect,173.27209678654975,182.14984586508794,173.27209678654975,171.98033752574267,168.22893095256904,167.50033677469338
de,bbob_f022_i71_d05,22,5,71,1,pass,170.3373329121258,238.35307357282386,170.3373329121258,170.3373329121258,170.3373329121258,163.2245013508479
de,bbob_f022_i71_d05,22,5,71,1,contract,170.3373329121258,222.37289461763123,170.3373329121258,170.3373329121258,170.3373329121258,163.2245013508479
de,bbob_f022_i71_d05,22,5,71,1,reflect,170.3373329121258,239.24425559266018,170.3373329121258,170.3373329121258,170.3373329121258,163.2245013508479
pso,bbob_f022_i71_d05,22,5,71,1,pass,154.8380329555574,180.26117988195296,154.8380329555574,154.8380329555574,154.4321804703725,153.07394195720838
pso,bbob_f022_i71_d05,22,5,71,1,contract,154.8380329555574,160.54939938191941,154.8380329555574,154.8380329555574,154.4321804703725,153.07394195720838
pso,bbob_f022_i71_d05,22,5,71,1,reflect,154.8380329555574,232.9840127388272,154.8380329555574,154.8380329555574,154.4321804703725,153.07394195720838
cma,bbob_f022_i71_d05,22,5,71,1,pass,154.71280287235896,165.21490377884058,154.71280287235896,154.71280287235896,154.45961970684573,153.53361228142117
cma,bbob_f022_i71_d05,22,5,71,1,contract,154.71280287235896,159.34438504330916,154.71280287235896,154.6483496398582,154.23495196652203,153.51891274605782
cma,bbob_f022_i71_d05,22,5,71,1,reflect,154.71280287235896,223.43558191807068,154.71280287235896,154.71280287235896,154.28272456522743,153.6184607276259
de,bbob_f022_i72_d05,22,5,72,0,pass,117.48353924180293,170.5400516975182,117.48353924180293,117.48353924180293,117.48353924180293,117.48353924180293
de,bbob_f022_i72_d05,22,5,72,0,contract,117.48353924180293,176.37787886506487,117.48353924180293,117.48353924180293,117.48353924180293,117.48353924180293
de,bbob_f022_i72_d05,22,5,72,0,reflect,117.48353924180293,151.61141091084934,117.48353924180293,117.48353924180293,117.48353924180293,117.48353924180293
pso,bbob_f022_i72_d05,22,5,72,0,pass,107.57785731595094,171.1170996251556,107.57785731595094,106.55675880771506,100.84051551714188,100.84051551714188
pso,bbob_f022_i72_d05,22,5,72,0,contract,107.57785731595094,173.69770690300118,107.57785731595094,106.55675880771506,100.84051551714188,100.84051551714188
pso,bbob_f022_i72_d05,22,5,72,0,reflect,107.57785731595094,181.72040812564353,107.57785731595094,106.55675880771506,100.84051551714188,100.84051551714188
cma,bbob_f022_i72_d05,22,5,72,0,pass,104.75143938873232,160.2820409982856,104.75143938873232,104.75143938873232,101.78777923564462,100.97367707877977
cma,bbob_f022_i72_d05,22,5,72,0,contract,104.75143938873232,116.69101037437373,104.75143938873232,104.75143938873232,103.05315471974335,101.83604192385228
cma,bbob_f022_i72_d05,22,5,72,0,reflect,104.75143938873232,109.10675943958023,104.75143938873232,104.75143938873232,101.81248782220614,101.63625420841898
de,bbob_f022_i72_d05,22,5,72,1,pass,129.62014448264395,178.40020578240296,129.62014448264395,110.95065950027987,110.95065950027987,110.95065950027987
de,bbob_f022_i72_d05,22,5,72,1,contract,129.62014448264395,179.2841327460647,129.62014448264395,110.95065950027987,110.95065950027987,110.95065950027987
de,bbob_f022_i72_d05,22,5,72,1,reflect,129.62014448264395,179.279014426566,129.62014448264395,110.95065950027987,110.95065950027987,110.95065950027987
pso,bbob_f022_i72_d05,22,5,72,1,pass,108.58645383024634,121.91821011519816,108.58645383024634,107.50746210333511,107.50746210333511,107.50746210333511
pso,bbob_f022_i72_d05,22,5,72,1,contract,108.58645383024634,110.04692544829132,108.58645383024634,107.50746210333511,107.50746210333511,107.50746210333511
pso,bbob_f022_i72_d05,22,5,72,1,reflect,108.58645383024634,161.6139064961056,108.58645383024634,107.50746210333511,107.50746210333511,107.50746210333511
cma,bbob_f022_i72_d05,22,5,72,1,pass,112.20727409755337,150.45607892423374,112.20727409755337,112.20727409755337,108.59257394741806,107.2592678570692
cma,bbob_f022_i72_d05,22,5,72,1,contract,112.20727409755337,124.85655795832238,112.20727409755337,110.82107445849944,108.08779833141983,107.31588350619333
cma,bbob_f022_i72_d05,22,5,72,1,reflect,112.20727409755337,142.04455524933746,112.20727409755337,109.73680912205634,108.32921251625818,107.95775145964687
de,bbob_f023_i71_d05,23,5,71,0,pass,258.356503093427,269.91213948550273,258.356503093427,258.356503093427,258.356503093427,258.356503093427
de,bbob_f023_i71_d05,23,5,71,0,contract,258.356503093427,266.3757938219436,258.356503093427,258.356503093427,258.356503093427,258.356503093427
de,bbob_f023_i71_d05,23,5,71,0,reflect,258.356503093427,290.2734153104807,258.356503093427,258.356503093427,258.356503093427,258.356503093427
pso,bbob_f023_i71_d05,23,5,71,0,pass,260.222587893019,276.18929971269887,260.222587893019,260.222587893019,260.222587893019,259.4990854197396
pso,bbob_f023_i71_d05,23,5,71,0,contract,260.222587893019,277.62398808747713,260.222587893019,260.222587893019,260.222587893019,259.4990854197396
pso,bbob_f023_i71_d05,23,5,71,0,reflect,260.222587893019,268.4992997809819,260.222587893019,260.222587893019,260.222587893019,259.4990854197396
cma,bbob_f023_i71_d05,23,5,71,0,pass,257.5210306134134,298.3271362733942,257.5210306134134,257.5210306134134,257.5210306134134,257.5210306134134
cma,bbob_f023_i71_d05,23,5,71,0,contract,257.5210306134134,265.8232915232246,257.5210306134134,257.5210306134134,257.5210306134134,257.5210306134134
cma,bbob_f023_i71_d05,23,5,71,0,reflect,257.5210306134134,294.14003143060927,257.5210306134134,257.5210306134134,257.5210306134134,257.5210306134134
de,bbob_f023_i71_d05,23,5,71,1,pass,257.6513297941759,273.01926637738575,257.6513297941759,257.6513297941759,257.6513297941759,257.6513297941759
de,bbob_f023_i71_d05,23,5,71,1,contract,257.6513297941759,272.03917637475877,257.6513297941759,257.6513297941759,257.6513297941759,257.6513297941759
de,bbob_f023_i71_d05,23,5,71,1,reflect,257.6513297941759,293.1328127980114,257.6513297941759,257.6513297941759,257.6513297941759,257.6513297941759
pso,bbob_f023_i71_d05,23,5,71,1,pass,260.7961331330992,260.28770340770467,260.28770340770467,260.28770340770467,259.2187806734336,259.2187806734336
pso,bbob_f023_i71_d05,23,5,71,1,contract,260.7961331330992,262.506076187827,260.7961331330992,260.7961331330992,260.7961331330992,257.4747135267409
pso,bbob_f023_i71_d05,23,5,71,1,reflect,260.7961331330992,279.9811559684244,260.7961331330992,260.7961331330992,260.7961331330992,257.4747135267409
cma,bbob_f023_i71_d05,23,5,71,1,pass,259.45552382214976,273.2479779413998,259.45552382214976,259.45552382214976,258.49737423145626,258.4474954779165
cma,bbob_f023_i71_d05,23,5,71,1,contract,259.45552382214976,276.6140699129663,259.45552382214976,259.45552382214976,259.45552382214976,258.63684554577407
cma,bbob_f023_i71_d05,23,5,71,1,reflect,259.45552382214976,274.06461286111676,259.45552382214976,259.45552382214976,259.45552382214976,258.94114195318366
de,bbob_f023_i72_d05,23,5,72,0,pass,1002.676935155199,1007.9795004492138,1002.676935155199,1002.676935155199,1002.676935155199,1002.4296283295675
de,bbob_f023_i72_d05,23,5,72,0,contract,1002.676935155199,1022.4663914719902,1002.676935155199,1002.676935155199,1002.676935155199,1002.4296283295675
de,bbob_f023_i72_d05,23,5,72,0,reflect,1002.676935155199,1024.6913010643796,1002.676935155199,1002.676935155199,1002.676935155199,1002.4296283295675
pso,bbob_f023_i72_d05,23,5,72,0,pass,1002.676935155199,1021.915093250431,1002.676935155199,1002.676935155199,1002.4700497213073,1002.4700497213073
pso,bbob_f023_i72_d05,23,5,72,0,contract,1002.676935155199,1024.1099518837639,1002.676935155199,1002.676935155199,1002.4700497213073,1002.4700497213073
pso,bbob_f023_i72_d05,23,5,72,0,reflect,1002.676935155199,1014.2877443921731,1002.676935155199,1002.676935155199,1002.4700497213073,1002.4700497213073
cma,bbob_f023_i72_d05,23,5,72,0,pass,1003.0560962212708,1023.2904947879671,1003.0560962212708,1003.0560962212708,1003.0560962212708,1003.0560962212708
cma,bbob_f023_i72_d05,23,5,72,0,contract,1003.0560962212708,1023.2316671783202,1003.0560962212708,1003.0560962212708,1001.7964897362855,1001.7964897362855
cma,bbob_f023_i72_d05,23,5,72,0,reflect,1003.0560962212708,1018.2417189485266,1003.0560962212708,1003.0560962212708,1002.9538871360862,1002.9538871360862
de,bbob_f023_i72_d05,23,5,72,1,pass,1002.6678986917291,1014.0812554965102,1002.6678986917291,1002.6678986917291,1002.6678986917291,1002.6678986917291
de,bbob_f023_i72_d05,23,5,72,1,contract,1002.6678986917291,1020.2405846788805,1002.6678986917291,1002.6678986917291,1002.6678986917291,1002.6678986917291
de,bbob_f023_i72_d05,23,5,72,1,reflect,1002.6678986917291,1013.4657936925119,1002.6678986917291,1002.6678986917291,1002.6678986917291,1002.6678986917291
pso,bbob_f023_i72_d05,23,5,72,1,pass,1004.6660130102049,1028.6293165059608,1004.6660130102049,1004.2583258369558,1004.2583258369558,1003.5953524766857
pso,bbob_f023_i72_d05,23,5,72,1,contract,1004.6660130102049,1014.0425006002073,1004.6660130102049,1004.2583258369558,1004.2583258369558,1003.5953524766857
pso,bbob_f023_i72_d05,23,5,72,1,reflect,1004.6660130102049,1027.5326284668188,1004.6660130102049,1004.2583258369558,1004.2583258369558,1003.5953524766857
cma,bbob_f023_i72_d05,23,5,72,1,pass,1003.5827533043454,1009.5523054769142,1003.5827533043454,1003.5827533043454,1003.5827533043454,1002.7003089783444
cma,bbob_f023_i72_d05,23,5,72,1,contract,1003.5827533043454,1036.5546273234459,1003.5827533043454,1003.5827533043454,1003.4424513439424,1002.9711752731541
cma,bbob_f023_i72_d05,23,5,72,1,reflect,1003.5827533043454,1009.5282801255877,1003.5827533043454,1003.5827533043454,1003.5827533043454,1003.482995414113
de,bbob_f024_i71_d05,24,5,71,0,pass,44.01222054283661,166.002757473706,44.01222054283661,13.328045887536675,3.111125481623219,3.111125481623219
de,bbob_f024_i71_d05,24,5,71,0,contract,44.01222054283661,59.58849355810553,44.01222054283661,13.328045887536675,3.111125481623219,3.111125481623219
de,bbob_f024_i71_d05,24,5,71,0,reflect,44.01222054283661,141.19696092351552,44.01222054283661,13.328045887536675,3.111125481623219,3.111125481623219
pso,bbob_f024_i71_d05,24,5,71,0,pass,9.499912705706222,44.43611411061351,9.499912705706222,-4.989330138275172,-4.989330138275172,-4.989330138275172
pso,bbob_f024_i71_d05,24,5,71,0,contract,9.499912705706222,26.112145430480354,9.499912705706222,-4.989330138275172,-4.989330138275172,-4.989330138275172
pso,bbob_f024_i71_d05,24,5,71,0,reflect,9.499912705706222,122.855516151275,9.499912705706222,-4.989330138275172,-4.989330138275172,-4.989330138275172
cma,bbob_f024_i71_d05,24,5,71,0,pass,-10.233734182507753,32.119019166099115,-10.233734182507753,-10.233734182507753,-10.233734182507753,-10.233734182507753
cma,bbob_f024_i71_d05,24,5,71,0,contract,-10.233734182507753,72.22846817552747,-10.233734182507753,-10.233734182507753,-10.233734182507753,-10.233734182507753
cma,bbob_f024_i71_d05,24,5,71,0,reflect,-10.233734182507753,74.52966986926893,-10.233734182507753,-10.233734182507753,-10.233734182507753,-10.233734182507753
de,bbob_f024_i71_d05,24,5,71,1,pass,28.793749217266843,137.48130573094517,28.793749217266843,13.586634179147389,13.586634179147389,13.586634179147389
de,bbob_f024_i71_d05,24,5,71,1,contract,28.793749217266843,94.4482124210625,28.793749217266843,13.586634179147389,13.586634179147389,13.586634179147389
de,bbob_f024_i71_d05,24,5,71,1,reflect,28.793749217266843,121.06761426405856,28.793749217266843,13.586634179147389,13.586634179147389,13.586634179147389
pso,bbob_f024_i71_d05,24,5,71,1,pass,18.459586653793515,50.35408988465752,18.459586653793515,18.459586653793515,1.752229004629804,1.752229004629804
pso,bbob_f024_i71_d05,24,5,71,1,contract,18.459586653793515,45.57332037685068,18.459586653793515,18.459586653793515,1.752229004629804,1.752229004629804
pso,bbob_f024_i71_d05,24,5,71,1,reflect,18.459586653793515,150.65869337097888,18.459586653793515,18.459586653793515,1.752229004629804,1.752229004629804
cma,bbob_f024_i71_d05,24,5,71,1,pass,14.811885075326153,7.622834644786252,7.622834644786252,7.622834644786252,7.622834644786252,-12.755400680446968
cma,bbob_f024_i71_d05,24,5,71,1,contract,14.811885075326153,19.12024086379477,14.811885075326153,14.811885075326153,0.01948547237338971,-7.57058541598105
cma,bbob_f024_i71_d05,24,5,71,1,reflect,14.811885075326153,69.3205560105589,14.811885075326153,14.811885075326153,12.971138058334446,10.396407471851845
de,bbob_f024_i72_d05,24,5,72,0,pass,63.57756518547302,198.44394241671057,63.57756518547302,63.57756518547302,51.44073648504157,44.08008084934933
de,bbob_f024_i72_d05,24,5,72,0,contract,63.57756518547302,108.61634976858787,63.57756518547302,63.57756518547302,39.113265730528454,39.113265730528454
de,bbob_f024_i72_d05,24,5,72,0,reflect,63.57756518547302,283.7170145329466,63.57756518547302,63.57756518547302,51.44073648504157,44.08008084934933
pso,bbob_f024_i72_d05,24,5,72,0,pass,17.684415745077683,30.758796222680036,17.684415745077683,17.684415745077683,17.684415745077683,17.684415745077683
pso,bbob_f024_i72_d05,24,5,72,0,contract,17.684415745077683,58.13247313717605,17.684415745077683,17.684415745077683,17.684415745077683,17.684415745077683
pso,bbob_f024_i72_d05,24,5,72,0,reflect,17.684415745077683,173.8924127203843,17.684415745077683,17.684415745077683,17.684415745077683,17.684415745077683
cma,bbob_f024_i72_d05,24,5,72,0,pass,33.883591281559276,65.02190156171896,33.883591281559276,33.883591281559276,24.358051643174296,18.724491372871558
cma,bbob_f024_i72_d05,24,5,72,0,contract,33.883591281559276,52.01217878468583,33.883591281559276,33.883591281559276,29.57176537968719,16.078384730225576
cma,bbob_f024_i72_d05,24,5,72,0,reflect,33.883591281559276,77.80976448872075,33.883591281559276,33.883591281559276,28.687301008012117,12.29561860607295
de,bbob_f024_i72_d05,24,5,72,1,pass,33.85049147148774,161.4375606065584,33.85049147148774,33.85049147148774,33.85049147148774,33.85049147148774
de,bbob_f024_i72_d05,24,5,72,1,contract,33.85049147148774,90.98814514571573,33.85049147148774,33.85049147148774,33.85049147148774,33.85049147148774
de,bbob_f024_i72_d05,24,5,72,1,reflect,33.85049147148774,131.6359607350098,33.85049147148774,33.85049147148774,33.85049147148774,33.85049147148774
pso,bbob_f024_i72_d05,24,5,72,1,pass,28.656641835856586,54.02006483056097,28.656641835856586,28.656641835856586,28.656641835856586,28.656641835856586
pso,bbob_f024_i72_d05,24,5,72,1,contract,28.656641835856586,84.95372887345562,28.656641835856586,28.656641835856586,28.656641835856586,28.656641835856586
pso,bbob_f024_i72_d05,24,5,72,1,reflect,28.656641835856586,81.31771397170377,28.656641835856586,28.656641835856586,28.656641835856586,28.656641835856586
cma,bbob_f024_i72_d05,24,5,72,1,pass,28.258109967746226,100.36081070560918,28.258109967746226,28.258109967746226,24.4586412969719,24.4586412969719
cma,bbob_f024_i72_d05,24,5,72,1,contract,28.258109967746226,84.74987876528611,28.258109967746226,28.258109967746226,28.258109967746226,16.57703573500478
cma,bbob_f024_i72_d05,24,5,72,1,reflect,28.258109967746226,44.93409901048713,28.258109967746226,28.258109967746226,28.258109967746226,17.131608493379844
